date,reason,code,total_score,price,occupied_slots,observation_occupied,observation_occupancy_pct
2015-03-20,MAX_POSITIONS,US.ADI,92.5,48.813275061,10,1,10.0
2015-04-10,MAX_POSITIONS,US.ISRG,100.0,58.927709839,10,2,20.0
2015-04-10,MAX_POSITIONS,US.DXCM,100.0,16.9725,10,2,20.0
2015-04-13,MAX_POSITIONS,US.ISRG,86.5,60.255461051,10,1,10.0
2015-04-21,MAX_POSITIONS,US.PCAR,100.0,29.011443267,10,4,40.0
2015-04-21,MAX_POSITIONS,US.PANW,98.84,25.728075895,10,4,40.0
2015-04-21,MAX_POSITIONS,US.DXCM,85.35,17.5825,10,4,40.0
2015-04-22,MAX_POSITIONS,US.TSLA,100.0,14.62918704,10,3,30.0
2015-04-22,MAX_POSITIONS,US.TMUS,100.0,32.600060755,10,3,30.0
2015-04-24,MAX_POSITIONS,US.SBUX,100.0,41.220856817,10,2,20.0
2015-04-24,MAX_POSITIONS,US.MSFT,100.0,40.912797752,10,2,20.0
2015-04-27,MAX_POSITIONS,US.TSLA,100.0,15.4365123,10,2,20.0
2015-04-27,MAX_POSITIONS,US.AAPL,96.25,29.46872664,10,2,20.0
2015-04-27,MAX_POSITIONS,US.BKNG,96.02,49.085327574,10,2,20.0
2015-04-29,MAX_POSITIONS,US.VRSK,100.0,73.064522623,10,2,20.0
2015-05-14,MAX_POSITIONS,US.ADBE,100.0,79.43,10,6,60.0
2015-05-14,MAX_POSITIONS,US.HON,85.36,81.296809301,10,6,60.0
2015-05-20,MAX_POSITIONS,US.ADI,100.0,52.897700074,10,5,50.0
2015-05-22,MAX_POSITIONS,US.INTU,100.0,97.657103795,10,4,40.0
2015-05-27,MAX_POSITIONS,US.NXPI,96.78,97.544811522,10,5,50.0
2015-05-27,MAX_POSITIONS,US.ADI,92.75,54.912797212,10,5,50.0
2015-05-27,MAX_POSITIONS,US.AVGO,100.0,10.661217559,10,5,50.0
2015-06-17,MAX_POSITIONS,US.DXCM,85.94,18.7425,10,4,40.0
2015-06-18,MAX_POSITIONS,US.DXCM,99.57,19.35,10,4,40.0
2015-06-18,MAX_POSITIONS,US.CMCSA,91.57,21.374919256,10,4,40.0
2015-06-18,MAX_POSITIONS,US.SBUX,86.3,43.162762026,10,4,40.0
2015-06-18,MAX_POSITIONS,US.FAST,81.5,8.113722555,10,4,40.0
2015-06-22,MAX_POSITIONS,US.ADBE,100.0,82.28,10,4,40.0
2015-06-22,MAX_POSITIONS,US.META,100.0,84.002331012,10,4,40.0
2015-06-23,MAX_POSITIONS,US.META,100.0,87.114997042,10,4,40.0
2015-06-23,MAX_POSITIONS,US.VRTX,82.55,131.62,10,4,40.0
2015-06-26,MAX_POSITIONS,US.DXCM,80.23,19.9,10,3,30.0
2015-07-01,MAX_POSITIONS,US.CMCSA,91.5,22.09061131,10,4,40.0
2015-07-07,MAX_POSITIONS,US.XEL,100.0,24.069406058,10,4,40.0
2015-07-13,MAX_POSITIONS,US.AMZN,100.0,22.7785,10,4,40.0
2015-07-13,MAX_POSITIONS,US.SBUX,100.0,44.43108196,10,4,40.0
2015-07-13,MAX_POSITIONS,US.ROST,100.0,46.965953884,10,4,40.0
2015-07-13,MAX_POSITIONS,US.ORLY,93.09,15.988000079,10,4,40.0
2015-07-14,MAX_POSITIONS,US.GOOG,100.0,27.809807716,10,4,40.0
2015-07-14,MAX_POSITIONS,US.AMZN,91.4,23.2785,10,4,40.0
2015-07-16,MAX_POSITIONS,US.INTU,93.89,99.122089069,10,3,30.0
2015-07-16,MAX_POSITIONS,US.TTWO,84.68,29.95,10,3,30.0
2015-07-17,MAX_POSITIONS,US.AMZN,85.61,24.1505,10,3,30.0
2015-07-17,MAX_POSITIONS,US.TTWO,100.0,31.14,10,3,30.0
2015-07-17,MAX_POSITIONS,US.BKNG,100.0,47.628278272,10,3,30.0
2015-07-17,MAX_POSITIONS,US.META,100.0,94.143277982,10,3,30.0
2015-07-20,MAX_POSITIONS,US.AAPL,100.0,29.462431287,10,3,30.0
2015-07-20,MAX_POSITIONS,US.META,100.0,97.057685029,10,3,30.0
2015-07-20,MAX_POSITIONS,US.BKNG,100.0,48.878128896,10,3,30.0
2015-07-22,MAX_POSITIONS,US.MNST,100.0,24.64142025,10,3,30.0
2015-07-24,MAX_POSITIONS,US.AMZN,100.0,26.470999999,10,3,30.0
2015-07-28,MAX_POSITIONS,US.CDNS,100.0,20.79,10,3,30.0
2015-07-28,MAX_POSITIONS,US.AMGN,100.0,125.263214413,10,3,30.0
2015-08-04,MAX_POSITIONS,US.BKNG,82.31,50.291310048,10,2,20.0
2015-08-05,MAX_POSITIONS,US.PEP,100.0,70.925277147,10,2,20.0
2015-08-05,MAX_POSITIONS,US.BKNG,100.0,52.92418247,10,2,20.0
2015-08-10,MAX_POSITIONS,US.TXN,88.92,38.816174876,10,1,10.0
2015-08-13,MAX_POSITIONS,US.ORLY,100.0,16.928000084,10,1,10.0
2015-08-14,MAX_POSITIONS,US.ADBE,88.01,86.12,10,1,10.0
2015-08-17,MAX_POSITIONS,US.ADP,100.0,66.399307289,10,1,10.0
2015-08-18,MAX_POSITIONS,US.ROST,100.0,50.679094337,10,1,10.0
2015-08-19,MAX_POSITIONS,US.EXC,80.46,16.379554957,10,1,10.0
2015-10-05,MAX_POSITIONS,US.ADP,80.05,65.240231357,10,3,30.0
2015-10-08,MAX_POSITIONS,US.MDLZ,88.4,35.182028871,10,3,30.0
2015-10-08,MAX_POSITIONS,US.ADP,82.74,67.149316725,10,3,30.0
2015-10-14,MAX_POSITIONS,US.ON,89.9,10.74,10,3,30.0
2015-10-15,MAX_POSITIONS,US.TTWO,82.97,31.89,10,3,30.0
2015-10-16,MAX_POSITIONS,US.ADBE,84.16,88.67,10,3,30.0
2015-10-19,MAX_POSITIONS,US.BKNG,83.65,53.90024883,10,3,30.0
2015-10-21,MAX_POSITIONS,US.KLAC,100.0,5.248315313,10,3,30.0
2015-10-22,MAX_POSITIONS,US.TXN,100.0,43.295537607,10,3,30.0
2015-10-22,MAX_POSITIONS,US.INTU,92.37,89.10997627,10,3,30.0
2015-10-22,MAX_POSITIONS,US.ADP,90.36,70.754490332,10,3,30.0
2015-10-22,MAX_POSITIONS,US.NXPI,87.58,86.302179465,10,3,30.0
2015-10-22,MAX_POSITIONS,US.SNPS,84.6,49.48,10,3,30.0
2015-10-22,MAX_POSITIONS,US.TTWO,83.82,32.76,10,3,30.0
2015-10-23,MAX_POSITIONS,US.SBUX,80.62,50.080791585,10,3,30.0
2015-10-23,MAX_POSITIONS,US.SPY,83.75,174.812428301,10,3,30.0
2015-10-23,MAX_POSITIONS,US.AAPL,95.92,26.684840588,10,3,30.0
2015-10-23,MAX_POSITIONS,US.GOOGL,98.76,35.650378922,10,3,30.0
2015-10-23,MAX_POSITIONS,US.ON,100.0,11.48,10,3,30.0
2015-10-23,MAX_POSITIONS,US.GOOG,100.0,34.79323653,10,3,30.0
2015-10-23,MAX_POSITIONS,US.META,100.0,101.300427261,10,3,30.0
2015-10-23,MAX_POSITIONS,US.AMZN,100.0,29.9515,10,3,30.0
2015-10-23,MAX_POSITIONS,US.ALGN,100.0,67.97,10,3,30.0
2015-10-26,MAX_POSITIONS,US.BKNG,80.88,55.474410429,10,3,30.0
2015-10-27,MAX_POSITIONS,US.REGN,86.94,563.138796047,10,3,30.0
2015-10-29,MAX_POSITIONS,US.VRTX,80.04,126.17,10,3,30.0
2015-11-02,MAX_POSITIONS,US.FAST,99.5,7.631063872,10,3,30.0
2015-11-03,MAX_POSITIONS,US.AMD,88.95,2.28,10,3,30.0
2015-11-05,MAX_POSITIONS,US.META,100.0,107.813234846,10,3,30.0
2015-11-05,MAX_POSITIONS,US.MELI,100.0,115.564211034,10,3,30.0
2015-11-20,MAX_POSITIONS,US.INTU,100.0,94.942696171,10,2,20.0
2015-11-20,MAX_POSITIONS,US.GOOG,100.0,37.499377149,10,2,20.0
2015-11-20,MAX_POSITIONS,US.ISRG,93.06,57.395518274,10,2,20.0
2015-11-23,MAX_POSITIONS,US.MELI,81.67,124.427806367,10,2,20.0
2015-11-24,MAX_POSITIONS,US.PANW,100.0,30.474695067,10,2,20.0
2015-11-24,MAX_POSITIONS,US.CPRT,100.0,4.89125,10,2,20.0
2015-11-25,MAX_POSITIONS,US.FTNT,84.98,7.352,10,2,20.0
2015-12-22,MAX_POSITIONS,US.AMD,100.0,2.77,10,4,40.0
2016-02-19,MAX_POSITIONS,US.AMAT,87.4,16.320828662,10,7,70.0
2016-02-22,MAX_POSITIONS,US.QCOM,83.4,37.889692659,10,7,70.0
2016-02-25,MAX_POSITIONS,US.CPRT,100.0,4.76125,10,6,60.0
2016-03-01,MAX_POSITIONS,US.WDAY,100.0,71.74,10,6,60.0
2016-03-01,MAX_POSITIONS,US.FAST,85.67,8.924348331,10,6,60.0
2016-03-03,MAX_POSITIONS,US.VRSK,86.86,72.399003223,10,6,60.0
2016-03-04,MAX_POSITIONS,US.AVGO,100.0,11.116970955,10,6,60.0
2016-03-11,MAX_POSITIONS,US.AMAT,84.43,17.88663004,10,7,70.0
2016-03-14,MAX_POSITIONS,US.ISRG,82.2,65.895348206,10,7,70.0
2016-03-14,MAX_POSITIONS,US.AMD,100.0,2.72,10,7,70.0
2016-03-17,MAX_POSITIONS,US.FAST,100.0,9.352411291,10,7,70.0
2016-03-17,MAX_POSITIONS,US.LRCX,83.7,6.672084859,10,7,70.0
2016-03-17,MAX_POSITIONS,US.ADI,83.18,47.599878287,10,7,70.0
2016-03-18,MAX_POSITIONS,US.ADBE,100.0,93.42,10,7,70.0
2016-03-18,MAX_POSITIONS,US.ADI,87.35,48.53756381,10,7,70.0
2016-03-18,MAX_POSITIONS,US.NXPI,83.69,73.464785337,10,7,70.0
2016-03-18,MAX_POSITIONS,US.AMD,82.8,2.93,10,7,70.0
2016-03-29,MAX_POSITIONS,US.ASML,87.59,82.592880303,10,7,70.0
2016-03-29,MAX_POSITIONS,US.KLAC,90.67,6.042961433,10,7,70.0
2016-03-29,MAX_POSITIONS,US.ON,100.0,9.88,10,7,70.0
2016-03-29,MAX_POSITIONS,US.LRCX,92.13,6.908640719,10,7,70.0
2016-03-30,MAX_POSITIONS,US.TXN,93.85,44.119935776,10,7,70.0
2016-03-30,MAX_POSITIONS,US.AAPL,93.34,24.790374562,10,7,70.0
2016-03-30,MAX_POSITIONS,US.COST,85.3,132.597292845,10,7,70.0
2016-04-01,MAX_POSITIONS,US.SNPS,81.76,49.28,10,7,70.0
2016-04-05,MAX_POSITIONS,US.MRVL,100.0,10.055175112,10,6,60.0
2016-04-06,MAX_POSITIONS,US.TSLA,86.24,17.69448972,10,6,60.0
2016-04-06,MAX_POSITIONS,US.AMGN,100.0,117.718450787,10,6,60.0
2016-04-06,MAX_POSITIONS,US.REGN,92.03,423.70047671,10,6,60.0
2016-04-08,MAX_POSITIONS,US.PEP,91.87,76.793778445,10,6,60.0
2016-04-13,MAX_POSITIONS,US.NFLX,82.42,10.965,10,6,60.0
2016-04-13,MAX_POSITIONS,US.AMZN,86.9,30.741,10,6,60.0
2016-04-22,MAX_POSITIONS,US.AMD,100.0,3.99,10,6,60.0
2016-04-29,MAX_POSITIONS,US.MNST,100.0,24.0364263,10,5,50.0
2016-05-11,MAX_POSITIONS,US.EA,100.0,71.212137008,10,4,40.0
2016-05-13,MAX_POSITIONS,US.NVDA,100.0,1.00202751,10,4,40.0
2016-05-24,MAX_POSITIONS,US.NFLX,86.96,9.789,10,3,30.0
2016-05-24,MAX_POSITIONS,US.CTAS,100.0,21.155761457,10,3,30.0
2016-05-24,MAX_POSITIONS,US.TTWO,85.99,38.33,10,3,30.0
2016-05-24,MAX_POSITIONS,US.ADBE,100.0,99.63,10,3,30.0
2016-05-24,MAX_POSITIONS,US.SNPS,100.0,51.18,10,3,30.0
2016-05-24,MAX_POSITIONS,US.INTU,100.0,99.31579711,10,3,30.0
2016-05-25,MAX_POSITIONS,US.AAPL,84.51,22.678468194,10,3,30.0
2016-05-25,MAX_POSITIONS,US.PAYX,80.4,39.438059735,10,3,30.0
2016-05-26,MAX_POSITIONS,US.CPRT,100.0,6.01625,10,3,30.0
2016-05-26,MAX_POSITIONS,US.FANG,88.45,70.790028389,10,3,30.0
2016-05-26,MAX_POSITIONS,US.NFLX,85.14,10.281,10,3,30.0
2016-05-27,MAX_POSITIONS,US.LRCX,100.0,6.999555844,10,3,30.0
2016-05-27,MAX_POSITIONS,US.KLAC,100.0,6.142684061,10,3,30.0
2016-05-31,MAX_POSITIONS,US.NXPI,82.66,83.253628766,10,2,20.0
2016-06-02,MAX_POSITIONS,US.TEAM,100.0,24.95,10,2,20.0
2016-06-02,MAX_POSITIONS,US.DXCM,88.54,16.91,10,2,20.0
2016-06-03,MAX_POSITIONS,US.AVGO,100.0,12.446290923,10,2,20.0
2016-06-06,MAX_POSITIONS,US.BKNG,100.0,52.841538007,10,2,20.0
2016-06-06,MAX_POSITIONS,US.WDAY,82.19,81.84,10,2,20.0
2016-06-07,MAX_POSITIONS,US.TSLA,93.65,15.48917844,10,2,20.0
2016-06-08,MAX_POSITIONS,US.DXCM,100.0,18.335,10,2,20.0
2016-06-09,MAX_POSITIONS,US.AEP,86.94,45.249727756,10,2,20.0
2016-06-15,MAX_POSITIONS,US.TEAM,99.73,25.99,10,2,20.0
2016-06-20,MAX_POSITIONS,US.ADP,86.17,71.553105753,10,2,20.0
2016-06-23,MAX_POSITIONS,US.TXN,85.35,48.151726437,10,2,20.0
2016-06-23,MAX_POSITIONS,US.LRCX,92.96,7.399041334,10,2,20.0
2016-06-23,MAX_POSITIONS,US.PAYX,94.86,41.363301332,10,2,20.0
2016-06-23,MAX_POSITIONS,US.ISRG,98.71,73.478529812,10,2,20.0
2016-06-23,MAX_POSITIONS,US.MU,100.0,13.702785272,10,2,20.0
2016-06-30,MAX_POSITIONS,US.INTU,100.0,103.295462822,10,4,40.0
2016-06-30,MAX_POSITIONS,US.ADP,100.0,73.827311607,10,4,40.0
2016-06-30,MAX_POSITIONS,US.PAYX,100.0,43.722089701,10,4,40.0
2016-06-30,MAX_POSITIONS,US.CTAS,100.0,22.064139353,10,4,40.0
2016-06-30,MAX_POSITIONS,US.EXC,100.0,17.987488142,10,4,40.0
2016-06-30,MAX_POSITIONS,US.PEP,97.6,78.002457613,10,4,40.0
2016-06-30,MAX_POSITIONS,US.CMCSA,96.69,23.440414389,10,4,40.0
2016-07-07,MAX_POSITIONS,US.CMCSA,85.19,23.926085789,10,4,40.0
2016-07-07,MAX_POSITIONS,US.COST,100.0,138.136898403,10,4,40.0
2016-07-08,MAX_POSITIONS,US.INTU,84.87,107.158541109,10,4,40.0
2016-07-08,MAX_POSITIONS,US.AMGN,81.32,119.562136133,10,4,40.0
2016-07-08,MAX_POSITIONS,US.ROST,92.76,52.678751935,10,4,40.0
2016-07-08,MAX_POSITIONS,US.VRSK,91.93,79.291882716,10,4,40.0
2016-07-18,MAX_POSITIONS,US.GOOGL,100.0,37.328994208,10,3,30.0
2016-07-18,MAX_POSITIONS,US.GOOG,84.11,36.368349146,10,3,30.0
2016-07-19,MAX_POSITIONS,US.DXCM,80.98,20.76,10,3,30.0
2016-07-20,MAX_POSITIONS,US.MSFT,100.0,49.431623708,10,3,30.0
2016-07-20,MAX_POSITIONS,US.MRVL,100.0,10.444340189,10,3,30.0
2016-07-20,MAX_POSITIONS,US.CSCO,100.0,22.846543283,10,3,30.0
2016-07-20,MAX_POSITIONS,US.ISRG,100.0,78.115103708,10,3,30.0
2016-07-20,MAX_POSITIONS,US.CTAS,100.0,24.024796595,10,3,30.0
2016-07-21,MAX_POSITIONS,US.QCOM,100.0,45.12568819,10,3,30.0
2016-07-22,MAX_POSITIONS,US.MRVL,88.73,10.885912204,10,3,30.0
2016-07-22,MAX_POSITIONS,US.EXC,99.65,18.518668189,10,3,30.0
2016-07-25,MAX_POSITIONS,US.ROST,100.0,55.353863397,10,3,30.0
2016-07-25,MAX_POSITIONS,US.FTNT,89.3,7.314,10,3,30.0
2016-07-26,MAX_POSITIONS,US.ADI,100.0,52.090785433,10,3,30.0
2016-07-26,MAX_POSITIONS,US.NXPI,100.0,77.447285094,10,3,30.0
2016-07-26,MAX_POSITIONS,US.ON,100.0,10.17,10,3,30.0
2016-07-26,MAX_POSITIONS,US.TXN,100.0,54.328535579,10,3,30.0
2016-07-26,MAX_POSITIONS,US.PCAR,100.0,26.590685203,10,3,30.0
2016-07-26,MAX_POSITIONS,US.ROST,85.35,56.127279976,10,3,30.0
2016-07-27,MAX_POSITIONS,US.QCOM,88.96,47.068359232,10,3,30.0
2016-07-27,MAX_POSITIONS,US.REGN,100.0,411.68967902,10,3,30.0
2016-07-27,MAX_POSITIONS,US.AMGN,100.0,126.672038455,10,3,30.0
2016-07-27,MAX_POSITIONS,US.AAPL,100.0,23.436541865,10,3,30.0
2016-07-28,MAX_POSITIONS,US.TEAM,90.38,29.74,10,3,30.0
2016-07-28,MAX_POSITIONS,US.ORLY,81.88,19.244666762,10,3,30.0
2016-07-29,MAX_POSITIONS,US.GOOGL,100.0,39.219232975,10,3,30.0
2016-07-29,MAX_POSITIONS,US.GOOG,100.0,38.103550301,10,3,30.0
2016-07-29,MAX_POSITIONS,US.ALGN,100.0,89.15,10,3,30.0
2016-07-29,MAX_POSITIONS,US.REGN,90.1,421.637515587,10,3,30.0
2016-08-01,MAX_POSITIONS,US.AAPL,89.73,24.142256093,10,3,30.0
2016-08-01,MAX_POSITIONS,US.REGN,82.47,430.444772688,10,3,30.0
2016-08-03,MAX_POSITIONS,US.ALGN,87.47,91.95,10,3,30.0
2016-08-05,MAX_POSITIONS,US.TEAM,100.0,31.97,10,3,30.0
2016-08-05,MAX_POSITIONS,US.BKNG,100.0,55.392157646,10,3,30.0
2016-08-05,MAX_POSITIONS,US.AAPL,91.67,24.600340325,10,3,30.0
2016-08-05,MAX_POSITIONS,US.AVGO,85.53,13.080083287,10,3,30.0
2016-08-10,MAX_POSITIONS,US.ADBE,98.91,100.62,10,3,30.0
2016-08-15,MAX_POSITIONS,US.MU,100.0,15.14621034,10,3,30.0
2016-08-15,MAX_POSITIONS,US.AVGO,85.87,13.50568831,10,3,30.0
2016-08-18,MAX_POSITIONS,US.CPRT,85.0,6.50875,10,2,20.0
2016-08-19,MAX_POSITIONS,US.MU,93.36,15.84841713,10,2,20.0
2016-08-23,MAX_POSITIONS,US.PANW,84.86,23.684763007,10,2,20.0
2016-08-29,MAX_POSITIONS,US.TTWO,100.0,44.17,10,2,20.0
2016-08-30,MAX_POSITIONS,US.MDLZ,100.0,35.170034676,10,2,20.0
2016-09-01,MAX_POSITIONS,US.WDAY,89.69,87.89,10,2,20.0
2016-09-01,MAX_POSITIONS,US.MRVL,88.74,11.964277546,10,2,20.0
2016-09-06,MAX_POSITIONS,US.AMZN,100.0,39.4435,10,2,20.0
2016-09-06,MAX_POSITIONS,US.META,100.0,128.600689193,10,2,20.0
2016-09-14,MAX_POSITIONS,US.AAPL,85.17,25.582248215,10,2,20.0
2016-09-15,MAX_POSITIONS,US.AAPL,100.0,26.452003456,10,2,20.0
2016-09-21,MAX_POSITIONS,US.ADBE,100.0,107.78,10,2,20.0
2016-09-21,MAX_POSITIONS,US.TEAM,81.12,31.9,10,2,20.0
2016-09-22,MAX_POSITIONS,US.ISRG,100.0,79.798403361,10,2,20.0
2016-09-22,MAX_POSITIONS,US.AMZN,100.0,40.235,10,2,20.0
2016-09-27,MAX_POSITIONS,US.AMZN,86.44,40.8055,10,2,20.0
2016-09-27,MAX_POSITIONS,US.REGN,82.2,417.997579376,10,2,20.0
2016-09-28,MAX_POSITIONS,US.AMZN,100.0,41.436,10,2,20.0
2016-09-29,MAX_POSITIONS,US.QCOM,100.0,51.219143753,10,1,10.0
2016-10-03,MAX_POSITIONS,US.NFLX,94.41,10.263,10,1,10.0
2016-10-10,MAX_POSITIONS,US.CDNS,100.0,26.25,10,1,10.0
2016-10-10,MAX_POSITIONS,US.FANG,100.0,81.076234916,10,1,10.0
2016-10-21,MAX_POSITIONS,US.MSFT,100.0,53.075861785,10,2,20.0
2016-10-21,MAX_POSITIONS,US.META,89.55,130.920319291,10,2,20.0
2016-10-24,MAX_POSITIONS,US.TMUS,100.0,48.9526873,10,2,20.0
2016-10-24,MAX_POSITIONS,US.META,81.13,132.119786137,10,2,20.0
2016-10-25,MAX_POSITIONS,US.AMD,98.17,7.5,10,2,20.0
2016-10-31,MAX_POSITIONS,US.AEP,87.35,44.100426411,10,3,30.0
2016-11-09,MAX_POSITIONS,US.GILD,100.0,55.401991892,10,1,10.0
2016-11-09,MAX_POSITIONS,US.VRTX,100.0,92.88,10,1,10.0
2016-11-09,MAX_POSITIONS,US.REGN,100.0,414.992400433,10,1,10.0
2016-11-09,MAX_POSITIONS,US.TMUS,100.0,50.693142289,10,1,10.0
2016-11-09,MAX_POSITIONS,US.FAST,100.0,8.511570706,10,1,10.0
2016-11-09,MAX_POSITIONS,US.PANW,87.84,26.50306814,10,1,10.0
2016-11-15,MAX_POSITIONS,US.ADI,98.12,56.887024179,10,1,10.0
2016-11-17,MAX_POSITIONS,US.INTU,87.09,105.928904079,10,1,10.0
2016-11-17,MAX_POSITIONS,US.LRCX,100.0,8.901710195,10,1,10.0
2016-11-17,MAX_POSITIONS,US.AMD,100.0,8.46,10,1,10.0
2016-11-17,MAX_POSITIONS,US.MU,100.0,18.706008649,10,1,10.0
2016-11-18,MAX_POSITIONS,US.MRVL,100.0,13.822200112,10,1,10.0
2016-11-18,MAX_POSITIONS,US.ROST,100.0,61.739255802,10,1,10.0
2016-11-18,MAX_POSITIONS,US.INTU,97.68,107.9581221,10,1,10.0
2016-11-21,MAX_POSITIONS,US.ADI,95.45,58.229761445,10,1,10.0
2016-11-21,MAX_POSITIONS,US.IDXX,81.2,118.54,10,1,10.0
2016-11-22,MAX_POSITIONS,US.ADI,100.0,60.790136232,10,1,10.0
2016-11-22,MAX_POSITIONS,US.CTAS,100.0,26.154640036,10,1,10.0
2016-11-23,MAX_POSITIONS,US.ON,100.0,12.44,10,1,10.0
2016-11-30,MAX_POSITIONS,US.FANG,100.0,83.118008241,10,1,10.0
2016-12-07,MAX_POSITIONS,US.SPY,100.0,192.248716866,10,1,10.0
2016-12-07,MAX_POSITIONS,US.TMUS,100.0,55.83800374,10,1,10.0
2016-12-08,MAX_POSITIONS,US.COST,100.0,133.748864474,10,1,10.0
2016-12-09,MAX_POSITIONS,US.AAPL,85.37,26.21511719,10,1,10.0
2016-12-15,MAX_POSITIONS,US.MDLZ,100.0,35.304606522,10,1,10.0
2016-12-15,MAX_POSITIONS,US.ON,80.23,13.03,10,1,10.0
2016-12-19,MAX_POSITIONS,US.ASML,100.0,93.125043834,10,1,10.0
2016-12-20,MAX_POSITIONS,US.TSLA,83.84,13.91919414,10,1,10.0
2016-12-22,MAX_POSITIONS,US.MU,100.0,22.616910353,10,1,10.0
2016-12-27,MAX_POSITIONS,US.TSLA,100.0,14.63518698,10,1,10.0
2017-01-06,MAX_POSITIONS,US.AMZN,97.82,39.7995,10,0,0.0
2017-01-09,MAX_POSITIONS,US.VRTX,100.0,82.86,10,0,0.0
2017-01-10,MAX_POSITIONS,US.ISRG,95.49,73.576305633,10,0,0.0
2017-01-11,MAX_POSITIONS,US.WDAY,100.0,81.7,10,0,0.0
2017-01-11,MAX_POSITIONS,US.ISRG,100.0,75.349603486,10,0,0.0
2017-01-12,MAX_POSITIONS,US.TEAM,96.89,26.81,10,0,0.0
2017-01-12,MAX_POSITIONS,US.AMZN,93.11,40.682,10,0,0.0
2017-01-12,MAX_POSITIONS,US.ASML,91.82,97.386820813,10,0,0.0
2017-01-13,MAX_POSITIONS,US.DXCM,100.0,21.2825,10,0,0.0
2017-01-13,MAX_POSITIONS,US.TSLA,96.58,15.8498415,10,0,0.0
2017-01-13,MAX_POSITIONS,US.META,81.08,127.222789262,10,0,0.0
2017-01-19,MAX_POSITIONS,US.NFLX,89.33,13.841,10,1,10.0
2017-01-19,MAX_POSITIONS,US.PANW,80.09,23.653096658,10,1,10.0
2017-01-20,MAX_POSITIONS,US.AVGO,100.0,14.857256128,10,1,10.0
2017-01-23,MAX_POSITIONS,US.GOOGL,96.67,41.850401725,10,1,10.0
2017-01-23,MAX_POSITIONS,US.GOOG,89.23,40.607473819,10,1,10.0
2017-01-24,MAX_POSITIONS,US.AVGO,100.0,15.385600235,10,1,10.0
2017-01-24,MAX_POSITIONS,US.SNPS,100.0,62.41,10,1,10.0
2017-01-24,MAX_POSITIONS,US.TXN,100.0,59.379635768,10,1,10.0
2017-01-24,MAX_POSITIONS,US.ADBE,100.0,113.72,10,1,10.0
2017-01-24,MAX_POSITIONS,US.INTU,86.55,110.862344275,10,1,10.0
2017-01-25,MAX_POSITIONS,US.AVGO,80.19,15.760273042,10,1,10.0
2017-01-25,MAX_POSITIONS,US.META,85.58,130.335455292,10,1,10.0
2017-01-25,MAX_POSITIONS,US.INTU,85.8,112.038652096,10,1,10.0
2017-01-25,MAX_POSITIONS,US.AAPL,88.05,28.039477693,10,1,10.0
2017-01-25,MAX_POSITIONS,US.ISRG,90.14,77.7762216,10,1,10.0
2017-01-25,MAX_POSITIONS,US.WDAY,90.56,84.73,10,1,10.0
2017-01-25,MAX_POSITIONS,US.GOOG,100.0,41.418324745,10,1,10.0
2017-01-25,MAX_POSITIONS,US.SPY,98.33,197.67917057,10,1,10.0
2017-01-25,MAX_POSITIONS,US.AMZN,100.0,41.826,10,1,10.0
2017-01-25,MAX_POSITIONS,US.TXN,100.0,60.535181353,10,1,10.0
2017-01-25,MAX_POSITIONS,US.MRVL,100.0,14.313239263,10,1,10.0
2017-01-25,MAX_POSITIONS,US.LRCX,97.51,10.112927878,10,1,10.0
2017-01-26,MAX_POSITIONS,US.TMUS,100.0,60.600347611,10,1,10.0
2017-01-27,MAX_POSITIONS,US.BKNG,84.49,62.783157736,10,1,10.0
2017-01-27,MAX_POSITIONS,US.EA,94.03,80.703206781,10,1,10.0
2017-01-27,MAX_POSITIONS,US.ADI,100.0,64.523097402,10,1,10.0
2017-01-27,MAX_POSITIONS,US.MSFT,100.0,58.915792404,10,1,10.0
2017-02-01,MAX_POSITIONS,US.MU,80.82,24.138358398,10,2,20.0
2017-02-02,MAX_POSITIONS,US.CDNS,100.0,28.93,10,2,20.0
2017-02-02,MAX_POSITIONS,US.COST,100.0,142.711286004,10,2,20.0
2017-02-02,MAX_POSITIONS,US.PAYX,88.85,44.050269789,10,2,20.0
2017-02-03,MAX_POSITIONS,US.FTNT,100.0,7.544,10,2,20.0
2017-02-03,MAX_POSITIONS,US.AMGN,100.0,125.901772343,10,2,20.0
2017-02-03,MAX_POSITIONS,US.PANW,83.82,25.169748148,10,2,20.0
2017-02-06,MAX_POSITIONS,US.AMD,100.0,13.63,10,2,20.0
2017-02-08,MAX_POSITIONS,US.NXPI,89.16,89.941056455,10,2,20.0
2017-02-09,MAX_POSITIONS,US.TSLA,98.37,17.9464872,10,2,20.0
2017-02-09,MAX_POSITIONS,US.COST,100.0,145.486986669,10,2,20.0
2017-02-09,MAX_POSITIONS,US.PANW,100.0,25.914740694,10,2,20.0
2017-02-10,MAX_POSITIONS,US.BKNG,100.0,64.490490507,10,2,20.0
2017-02-10,MAX_POSITIONS,US.EA,100.0,83.624282447,10,2,20.0
2017-02-10,MAX_POSITIONS,US.TTWO,90.05,57.88,10,2,20.0
2017-02-10,MAX_POSITIONS,US.HON,81.55,98.068457254,10,2,20.0
2017-02-13,MAX_POSITIONS,US.ON,100.0,14.94,10,2,20.0
2017-02-13,MAX_POSITIONS,US.TSLA,100.0,18.7064796,10,2,20.0
2017-02-13,MAX_POSITIONS,US.HON,100.0,99.604942919,10,2,20.0
2017-02-13,MAX_POSITIONS,US.CSCO,84.0,24.249554405,10,2,20.0
2017-02-15,MAX_POSITIONS,US.SPY,87.92,202.277762471,10,2,20.0
2017-02-15,MAX_POSITIONS,US.FANG,96.23,86.2038702,10,2,20.0
2017-02-15,MAX_POSITIONS,US.ADI,100.0,68.439942129,10,2,20.0
2017-02-15,MAX_POSITIONS,US.AMGN,100.0,129.993650875,10,2,20.0
2017-02-16,MAX_POSITIONS,US.TTD,95.99,3.336,10,2,20.0
2017-02-16,MAX_POSITIONS,US.PEP,81.22,80.762964678,10,2,20.0
2017-02-21,MAX_POSITIONS,US.AMZN,88.51,42.822,10,2,20.0
2017-02-21,MAX_POSITIONS,US.AMAT,100.0,33.113090152,10,2,20.0
2017-02-21,MAX_POSITIONS,US.MRVL,100.0,15.204299374,10,2,20.0
2017-02-21,MAX_POSITIONS,US.SPY,92.35,203.595336555,10,2,20.0
2017-02-21,MAX_POSITIONS,US.AEP,90.98,44.935468746,10,2,20.0
2017-02-21,MAX_POSITIONS,US.PEP,90.91,81.689213996,10,2,20.0
2017-02-23,MAX_POSITIONS,US.AEP,87.65,45.869317633,10,2,20.0
2017-02-24,MAX_POSITIONS,US.MELI,100.0,207.307002742,10,2,20.0
2017-02-24,MAX_POSITIONS,US.EXC,100.0,18.943205869,10,2,20.0
2017-02-24,MAX_POSITIONS,US.AEP,100.0,46.720987817,10,2,20.0
2017-02-24,MAX_POSITIONS,US.PAYX,86.67,46.50294066,10,2,20.0
2017-02-27,MAX_POSITIONS,US.AMD,100.0,15.2,10,2,20.0
2017-02-28,MAX_POSITIONS,US.BKNG,100.0,67.530710046,10,2,20.0
2017-02-28,MAX_POSITIONS,US.TTD,100.0,4.221,10,2,20.0
2017-03-01,MAX_POSITIONS,US.PAYX,85.32,47.255293688,10,2,20.0
2017-03-01,MAX_POSITIONS,US.HON,100.0,103.348223072,10,2,20.0
2017-03-01,MAX_POSITIONS,US.SPY,100.0,206.445774606,10,2,20.0
2017-03-01,MAX_POSITIONS,US.ADP,100.0,85.00405283,10,2,20.0
2017-03-01,MAX_POSITIONS,US.ADI,100.0,70.635382928,10,2,20.0
2017-03-02,MAX_POSITIONS,US.MNST,100.0,23.685,10,2,20.0
2017-03-10,MAX_POSITIONS,US.AMAT,100.0,34.507134953,10,2,20.0
2017-03-13,MAX_POSITIONS,US.LRCX,84.2,10.643708818,10,2,20.0
2017-03-15,MAX_POSITIONS,US.LRCX,84.79,10.802310004,10,2,20.0
2017-03-16,MAX_POSITIONS,US.LRCX,83.31,10.963599346,10,2,20.0
2017-03-17,MAX_POSITIONS,US.ADBE,100.0,127.01,10,2,20.0
2017-03-17,MAX_POSITIONS,US.CTAS,100.0,28.438957692,10,2,20.0
2017-03-24,MAX_POSITIONS,US.MU,100.0,27.727415323,10,3,30.0
2017-03-28,MAX_POSITIONS,US.TSLA,93.37,18.4964817,10,3,30.0
2017-03-29,MAX_POSITIONS,US.FTNT,86.66,7.662,10,3,30.0
2017-03-29,MAX_POSITIONS,US.AMZN,100.0,43.716,10,3,30.0
2017-03-29,MAX_POSITIONS,US.VRTX,100.0,108.01,10,3,30.0
2017-03-31,MAX_POSITIONS,US.AMZN,95.15,44.327,10,3,30.0
2017-04-03,MAX_POSITIONS,US.TSLA,100.0,19.90113432,10,3,30.0
2017-04-04,MAX_POSITIONS,US.AMZN,100.0,45.3415,10,3,30.0
2017-04-04,MAX_POSITIONS,US.NXPI,94.99,92.557875985,10,3,30.0
2017-04-19,MAX_POSITIONS,US.LRCX,100.0,11.877572284,10,5,50.0
2017-04-19,MAX_POSITIONS,US.ISRG,100.0,89.742648837,10,5,50.0
2017-04-19,MAX_POSITIONS,US.TTWO,80.25,60.45,10,5,50.0
2017-04-20,MAX_POSITIONS,US.EA,82.77,88.515385888,10,5,50.0
2017-04-20,MAX_POSITIONS,US.SBUX,83.87,49.154656091,10,5,50.0
2017-04-20,MAX_POSITIONS,US.TTWO,100.0,62.03,10,5,50.0
2017-04-20,MAX_POSITIONS,US.LRCX,100.0,12.16341284,10,5,50.0
2017-04-24,MAX_POSITIONS,US.META,83.69,144.203671139,10,5,50.0
2017-04-24,MAX_POSITIONS,US.VRSK,87.64,78.588333637,10,5,50.0
2017-04-24,MAX_POSITIONS,US.LRCX,91.96,12.445669188,10,5,50.0
2017-04-24,MAX_POSITIONS,US.HON,92.99,105.564943785,10,5,50.0
2017-04-24,MAX_POSITIONS,US.EA,80.73,90.068117139,10,5,50.0
2017-04-24,MAX_POSITIONS,US.GOOGL,100.0,43.560240148,10,5,50.0
2017-04-24,MAX_POSITIONS,US.CDNS,100.0,33.48,10,5,50.0
2017-04-24,MAX_POSITIONS,US.SNPS,100.0,73.85,10,5,50.0
2017-04-24,MAX_POSITIONS,US.MSFT,100.0,60.849856833,10,5,50.0
2017-04-24,MAX_POSITIONS,US.GOOG,100.0,42.760986821,10,5,50.0
2017-04-25,MAX_POSITIONS,US.LRCX,100.0,12.736886056,10,5,50.0
2017-04-25,MAX_POSITIONS,US.NFLX,100.0,15.216,10,5,50.0
2017-04-25,MAX_POSITIONS,US.TMUS,100.0,64.406397532,10,5,50.0
2017-04-25,MAX_POSITIONS,US.GOOG,96.36,43.233817984,10,5,50.0
2017-04-25,MAX_POSITIONS,US.GOOGL,93.07,44.05138504,10,5,50.0
2017-04-25,MAX_POSITIONS,US.ADP,81.81,85.863762762,10,5,50.0
2017-04-25,MAX_POSITIONS,US.MELI,81.67,230.257207592,10,5,50.0
2017-04-26,MAX_POSITIONS,US.COST,100.0,150.45682758,10,5,50.0
2017-04-27,MAX_POSITIONS,US.BKNG,100.0,71.907341473,10,5,50.0
2017-04-27,MAX_POSITIONS,US.INTU,100.0,117.609778514,10,5,50.0
2017-04-28,MAX_POSITIONS,US.GOOG,100.0,44.902109069,10,5,50.0
2017-04-28,MAX_POSITIONS,US.META,100.0,148.942060828,10,5,50.0
2017-04-28,MAX_POSITIONS,US.GOOGL,100.0,45.819704893,10,5,50.0
2017-05-01,MAX_POSITIONS,US.TSLA,100.0,21.52178478,10,5,50.0
2017-05-04,MAX_POSITIONS,US.REGN,100.0,430.752233239,10,5,50.0
2017-05-04,MAX_POSITIONS,US.COST,100.0,155.264978462,10,5,50.0
2017-05-04,MAX_POSITIONS,US.NXPI,98.35,94.082151335,10,5,50.0
2017-05-04,MAX_POSITIONS,US.BKNG,86.33,74.826923596,10,5,50.0
2017-05-05,MAX_POSITIONS,US.MELI,100.0,274.715228899,10,5,50.0
2017-05-05,MAX_POSITIONS,US.MNST,100.0,23.725,10,5,50.0
2017-05-05,MAX_POSITIONS,US.TTWO,98.58,65.42,10,5,50.0
2017-05-10,MAX_POSITIONS,US.EA,100.0,104.964632581,10,5,50.0
2017-05-10,MAX_POSITIONS,US.AMAT,91.48,38.806948464,10,5,50.0
2017-05-10,MAX_POSITIONS,US.NVDA,100.0,2.987143461,10,5,50.0
2017-05-10,MAX_POSITIONS,US.TTWO,100.0,68.68,10,5,50.0
2017-05-11,MAX_POSITIONS,US.NVDA,100.0,3.115455915,10,5,50.0
2017-05-12,MAX_POSITIONS,US.TTD,100.0,5.19,10,5,50.0
2017-05-15,MAX_POSITIONS,US.MRVL,90.94,15.168807757,10,5,50.0
2017-05-15,MAX_POSITIONS,US.WDAY,100.0,95.72,10,5,50.0
2017-05-15,MAX_POSITIONS,US.AMAT,95.93,40.119523115,10,5,50.0
2017-05-15,MAX_POSITIONS,US.NVDA,95.2,3.307801454,10,5,50.0
2017-05-15,MAX_POSITIONS,US.AVGO,85.51,18.741340667,10,5,50.0
2017-05-16,MAX_POSITIONS,US.TTWO,93.36,70.37,10,5,50.0
2017-05-16,MAX_POSITIONS,US.ISRG,87.8,95.494755969,10,5,50.0
2017-05-16,MAX_POSITIONS,US.NXPI,92.04,94.89274863,10,5,50.0
2017-05-16,MAX_POSITIONS,US.ON,100.0,15.94,10,5,50.0
2017-05-16,MAX_POSITIONS,US.AMAT,92.44,40.798441037,10,5,50.0
2017-05-22,MAX_POSITIONS,US.AEP,82.1,48.86803283,10,5,50.0
2017-05-23,MAX_POSITIONS,US.TTWO,100.0,72.83,10,5,50.0
2017-05-23,MAX_POSITIONS,US.INTU,94.89,120.924312516,10,5,50.0
2017-05-23,MAX_POSITIONS,US.CDNS,93.06,34.02,10,5,50.0
2017-05-24,MAX_POSITIONS,US.INTU,100.0,129.051474983,10,5,50.0
2017-05-25,MAX_POSITIONS,US.SBUX,100.0,51.673835194,10,5,50.0
2017-05-25,MAX_POSITIONS,US.GOOGL,100.0,49.157111253,10,5,50.0
2017-05-25,MAX_POSITIONS,US.GOOG,100.0,48.053325563,10,5,50.0
2017-05-25,MAX_POSITIONS,US.XEL,98.4,35.642279355,10,5,50.0
2017-05-25,MAX_POSITIONS,US.AMZN,97.62,49.669,10,5,50.0
2017-05-25,MAX_POSITIONS,US.ADBE,95.25,142.85,10,5,50.0
2017-05-25,MAX_POSITIONS,US.CDNS,91.1,34.76,10,5,50.0
2017-05-25,MAX_POSITIONS,US.AEP,85.17,49.907970916,10,5,50.0
2017-05-26,MAX_POSITIONS,US.COST,100.0,157.933465038,10,5,50.0
2017-05-26,MAX_POSITIONS,US.MRVL,100.0,16.637668099,10,5,50.0
2017-05-30,MAX_POSITIONS,US.MU,100.0,29.941317285,10,5,50.0
2017-05-30,MAX_POSITIONS,US.TSLA,89.41,22.3397766,10,5,50.0
2017-05-30,MAX_POSITIONS,US.ADI,100.0,71.512422067,10,5,50.0
2017-05-31,MAX_POSITIONS,US.AEP,83.76,50.646477672,10,5,50.0
2017-05-31,MAX_POSITIONS,US.NXPI,100.0,96.831133468,10,5,50.0
2017-06-01,MAX_POSITIONS,US.PANW,100.0,23.164768211,10,5,50.0
2017-06-01,MAX_POSITIONS,US.SPY,91.43,210.431678946,10,5,50.0
2017-06-02,MAX_POSITIONS,US.MSFT,100.0,65.032054729,10,5,50.0
2017-06-02,MAX_POSITIONS,US.AVGO,100.0,19.974695011,10,5,50.0
2017-06-02,MAX_POSITIONS,US.WDAY,100.0,104.41,10,5,50.0
2017-06-02,MAX_POSITIONS,US.SBUX,97.67,53.045779626,10,5,50.0
2017-06-02,MAX_POSITIONS,US.REGN,91.76,476.494428899,10,5,50.0
2017-06-02,MAX_POSITIONS,US.CTAS,91.25,29.215580145,10,5,50.0
2017-06-05,MAX_POSITIONS,US.LRCX,83.58,14.07968126,10,5,50.0
2017-06-07,MAX_POSITIONS,US.MU,94.42,31.69683426,10,5,50.0
2017-06-08,MAX_POSITIONS,US.NVDA,100.0,3.943168437,10,5,50.0
2017-06-08,MAX_POSITIONS,US.TSLA,98.2,24.66642,10,5,50.0
2017-06-08,MAX_POSITIONS,US.ON,90.18,16.65,10,5,50.0
2017-06-08,MAX_POSITIONS,US.TXN,83.06,65.790511311,10,5,50.0
2017-06-16,MAX_POSITIONS,US.CTAS,98.19,29.709794433,10,5,50.0
2017-06-21,MAX_POSITIONS,US.GILD,100.0,48.72163662,10,5,50.0
2017-06-21,MAX_POSITIONS,US.AMD,85.22,13.98,10,5,50.0
2017-06-22,MAX_POSITIONS,US.GILD,100.0,50.872606651,10,5,50.0
2017-07-18,MAX_POSITIONS,US.BKNG,81.11,77.40535251,10,3,30.0
2017-07-18,MAX_POSITIONS,US.NFLX,100.0,18.36,10,3,30.0
2017-07-19,MAX_POSITIONS,US.LRCX,100.0,14.433729373,10,3,30.0
2017-07-19,MAX_POSITIONS,US.CDNS,94.61,35.32,10,3,30.0
2017-07-19,MAX_POSITIONS,US.FANG,83.56,72.352294342,10,3,30.0
2017-07-21,MAX_POSITIONS,US.CTAS,100.0,31.527227623,10,3,30.0
2017-07-25,MAX_POSITIONS,US.TEAM,100.0,38.0,10,3,30.0
2017-07-26,MAX_POSITIONS,US.EA,100.0,114.513929776,10,3,30.0
2017-07-26,MAX_POSITIONS,US.LRCX,94.75,14.803053673,10,3,30.0
2017-07-27,MAX_POSITIONS,US.NXPI,96.93,97.218810435,10,3,30.0
2017-07-27,MAX_POSITIONS,US.PAYX,100.0,45.602843851,10,3,30.0
2017-07-27,MAX_POSITIONS,US.ADP,100.0,95.082979027,10,3,30.0
2017-07-28,MAX_POSITIONS,US.EXC,81.85,19.773901759,10,3,30.0
2017-08-01,MAX_POSITIONS,US.NXPI,100.0,97.888434288,10,3,30.0
2017-08-03,MAX_POSITIONS,US.XEL,86.78,36.562310844,10,3,30.0
2017-08-04,MAX_POSITIONS,US.NXPI,100.0,99.051465191,10,3,30.0
2017-08-07,MAX_POSITIONS,US.ON,100.0,16.33,10,3,30.0
2017-08-08,MAX_POSITIONS,US.AEP,81.58,50.770504151,10,3,30.0
2017-08-14,MAX_POSITIONS,US.CMCSA,94.14,30.758305342,10,3,30.0
2017-08-15,MAX_POSITIONS,US.PEP,86.55,90.092207509,10,3,30.0
2017-08-22,MAX_POSITIONS,US.DXCM,80.39,18.9775,10,3,30.0
2017-08-25,MAX_POSITIONS,US.MRVL,100.0,16.111328174,10,3,30.0
2017-08-30,MAX_POSITIONS,US.GILD,100.0,58.631978409,10,3,30.0
2017-08-30,MAX_POSITIONS,US.ADI,100.0,71.000530073,10,3,30.0
2017-08-31,MAX_POSITIONS,US.AMGN,100.0,136.404975132,10,3,30.0
2017-08-31,MAX_POSITIONS,US.GILD,100.0,60.422047429,10,3,30.0
2017-09-01,MAX_POSITIONS,US.PANW,100.0,24.444755403,10,3,30.0
2017-09-05,MAX_POSITIONS,US.ISRG,90.37,113.491062558,10,3,30.0
2017-09-11,MAX_POSITIONS,US.MELI,100.0,284.965921187,10,3,30.0
2017-09-11,MAX_POSITIONS,US.AMGN,100.0,143.095931891,10,3,30.0
2017-09-11,MAX_POSITIONS,US.KLAC,80.06,8.482093512,10,3,30.0
2017-09-12,MAX_POSITIONS,US.AMGN,100.0,146.556507005,10,3,30.0
2017-09-12,MAX_POSITIONS,US.PAYX,91.48,44.471183813,10,3,30.0
2017-09-13,MAX_POSITIONS,US.COST,91.36,145.192173787,10,3,30.0
2017-09-14,MAX_POSITIONS,US.MRVL,81.09,17.273611673,10,3,30.0
2017-09-15,MAX_POSITIONS,US.NVDA,100.0,4.444350233,10,3,30.0
2017-09-15,MAX_POSITIONS,US.TXN,81.02,66.58393511,10,3,30.0
2017-09-18,MAX_POSITIONS,US.NVDA,100.0,4.62793785,10,3,30.0
2017-09-18,MAX_POSITIONS,US.KLAC,100.0,8.811615001,10,3,30.0
2017-09-18,MAX_POSITIONS,US.TXN,94.0,67.604198142,10,3,30.0
2017-09-18,MAX_POSITIONS,US.PCAR,89.58,33.522888755,10,3,30.0
2017-09-18,MAX_POSITIONS,US.LRCX,84.05,15.651394873,10,3,30.0
2017-09-20,MAX_POSITIONS,US.CPRT,100.0,8.465,10,3,30.0
2017-09-22,MAX_POSITIONS,US.TXN,82.88,69.275859879,10,3,30.0
2017-09-22,MAX_POSITIONS,US.PAYX,100.0,45.686953797,10,3,30.0
2017-09-22,MAX_POSITIONS,US.CSCO,100.0,25.770487955,10,3,30.0
2017-10-02,MAX_POSITIONS,US.SPY,89.06,220.385260246,10,3,30.0
2017-10-02,MAX_POSITIONS,US.ON,84.84,18.79,10,3,30.0
2017-10-03,MAX_POSITIONS,US.PAYX,100.0,47.399736667,10,3,30.0
2017-10-04,MAX_POSITIONS,US.TEAM,96.46,37.89,10,3,30.0
2017-10-05,MAX_POSITIONS,US.ADP,100.0,93.884295896,10,3,30.0
2017-10-05,MAX_POSITIONS,US.SPY,100.0,222.429099454,10,3,30.0
2017-10-05,MAX_POSITIONS,US.NFLX,95.62,19.439,10,3,30.0
2017-10-06,MAX_POSITIONS,US.NFLX,81.33,19.802,10,3,30.0
2017-10-10,MAX_POSITIONS,US.QCOM,100.0,42.487612313,10,3,30.0
2017-10-10,MAX_POSITIONS,US.PANW,89.19,25.086415649,10,3,30.0
2017-10-12,MAX_POSITIONS,US.SNPS,100.0,84.74,10,3,30.0
2017-10-12,MAX_POSITIONS,US.EXC,89.16,20.236827671,10,3,30.0
2017-10-18,MAX_POSITIONS,US.LRCX,100.0,17.739877616,10,2,20.0
2017-10-18,MAX_POSITIONS,US.FTNT,87.46,8.058,10,2,20.0
2017-10-20,MAX_POSITIONS,US.LRCX,98.71,18.176855239,10,2,20.0
2017-10-20,MAX_POSITIONS,US.SPY,100.0,224.534079152,10,2,20.0
2017-10-20,MAX_POSITIONS,US.CSCO,92.5,26.678634857,10,2,20.0
2017-10-20,MAX_POSITIONS,US.MSFT,100.0,71.801595668,10,2,20.0
2017-10-20,MAX_POSITIONS,US.TEAM,100.0,50.17,10,2,20.0
2017-10-20,MAX_POSITIONS,US.ADP,89.55,95.835224295,10,2,20.0
2017-10-23,MAX_POSITIONS,US.NXPI,89.56,102.558179578,10,2,20.0
2017-10-26,MAX_POSITIONS,US.INTU,89.95,142.446479549,10,2,20.0
2017-10-27,MAX_POSITIONS,US.AAPL,94.16,37.977653284,10,2,20.0
2017-10-27,MAX_POSITIONS,US.INTU,84.81,144.451442223,10,2,20.0
2017-10-27,MAX_POSITIONS,US.GOOGL,98.78,51.229237179,10,2,20.0
2017-10-27,MAX_POSITIONS,US.MSFT,100.0,76.356956388,10,2,20.0
2017-10-27,MAX_POSITIONS,US.AMZN,100.0,55.0475,10,2,20.0
2017-10-27,MAX_POSITIONS,US.GOOG,100.0,50.518094299,10,2,20.0
2017-10-30,MAX_POSITIONS,US.AAPL,100.0,38.832470748,10,2,20.0
2017-10-30,MAX_POSITIONS,US.AVGO,100.0,20.681671721,10,2,20.0
2017-10-31,MAX_POSITIONS,US.MNST,100.0,28.965,10,2,20.0
2017-10-31,MAX_POSITIONS,US.ON,88.86,21.32,10,2,20.0
2017-11-01,MAX_POSITIONS,US.VRSK,100.0,85.45269087,10,2,20.0
2017-11-01,MAX_POSITIONS,US.FANG,95.82,84.610668286,10,2,20.0
2017-11-03,MAX_POSITIONS,US.AAPL,90.16,40.178750025,10,2,20.0
2017-11-03,MAX_POSITIONS,US.AVGO,97.56,21.676607434,10,2,20.0
2017-11-03,MAX_POSITIONS,US.QCOM,100.0,48.749940915,10,2,20.0
2017-11-06,MAX_POSITIONS,US.MRVL,100.0,19.150456985,10,2,20.0
2017-11-06,MAX_POSITIONS,US.FANG,87.68,87.634658326,10,2,20.0
2017-11-07,MAX_POSITIONS,US.ISRG,81.28,130.3453632,10,2,20.0
2017-11-10,MAX_POSITIONS,US.MNST,100.0,30.58,10,2,20.0
2017-11-13,MAX_POSITIONS,US.MNST,84.04,31.1,10,2,20.0
2017-11-14,MAX_POSITIONS,US.PEP,100.0,88.274819356,10,2,20.0
2017-11-14,MAX_POSITIONS,US.AEP,100.0,55.846821147,10,2,20.0
2017-11-14,MAX_POSITIONS,US.XEL,100.0,39.657021415,10,2,20.0
2017-11-16,MAX_POSITIONS,US.SNPS,93.05,89.04,10,2,20.0
2017-11-16,MAX_POSITIONS,US.CSCO,100.0,27.948304194,10,2,20.0
2017-11-17,MAX_POSITIONS,US.ROST,100.0,66.252487291,10,2,20.0
2017-11-20,MAX_POSITIONS,US.MRVL,100.0,20.468235955,10,2,20.0
2017-11-21,MAX_POSITIONS,US.MRVL,100.0,22.070427654,10,2,20.0
2017-11-21,MAX_POSITIONS,US.HON,81.56,124.605825667,10,2,20.0
2017-11-22,MAX_POSITIONS,US.CPRT,100.0,10.2525,10,2,20.0
2017-11-22,MAX_POSITIONS,US.AMZN,95.6,57.808,10,2,20.0
2017-11-22,MAX_POSITIONS,US.MRVL,81.16,22.591850987,10,2,20.0
2017-11-24,MAX_POSITIONS,US.CPRT,100.0,10.615,10,2,20.0
2017-11-24,MAX_POSITIONS,US.AMZN,100.0,59.3,10,2,20.0
2017-11-28,MAX_POSITIONS,US.CTAS,83.34,35.003632272,10,2,20.0
2017-11-28,MAX_POSITIONS,US.ORLY,92.62,15.231333409,10,2,20.0
2017-11-28,MAX_POSITIONS,US.DXCM,98.17,14.4525,10,2,20.0
2017-11-28,MAX_POSITIONS,US.CSCO,100.0,29.389339946,10,2,20.0
2017-11-28,MAX_POSITIONS,US.HON,100.0,127.626805273,10,2,20.0
2017-11-28,MAX_POSITIONS,US.SPY,100.0,229.600005394,10,2,20.0
2017-11-29,MAX_POSITIONS,US.CTAS,87.38,35.395043012,10,2,20.0
2017-11-29,MAX_POSITIONS,US.ROST,100.0,69.659095188,10,2,20.0
2017-11-29,MAX_POSITIONS,US.FAST,84.34,10.284885472,10,2,20.0
2017-11-30,MAX_POSITIONS,US.SPY,94.48,231.46915749,10,1,10.0
2017-11-30,MAX_POSITIONS,US.CTAS,100.0,36.249239393,10,1,10.0
2017-12-12,MAX_POSITIONS,US.TSLA,100.0,22.73510598,10,0,0.0
2017-12-13,MAX_POSITIONS,US.MELI,100.0,318.790028033,10,0,0.0
2017-12-18,MAX_POSITIONS,US.TXN,100.0,81.566806954,10,0,0.0
2018-01-02,MAX_POSITIONS,US.NFLX,100.0,20.107,10,1,10.0
2018-01-02,MAX_POSITIONS,US.PCAR,100.0,35.321606024,10,1,10.0
2018-01-03,MAX_POSITIONS,US.AMD,86.23,11.55,10,1,10.0
2018-01-03,MAX_POSITIONS,US.META,89.84,183.062431768,10,1,10.0
2018-01-03,MAX_POSITIONS,US.SPY,100.0,237.445929449,10,1,10.0
2018-01-03,MAX_POSITIONS,US.NFLX,80.94,20.505,10,1,10.0
2018-01-03,MAX_POSITIONS,US.TEAM,100.0,50.4,10,1,10.0
2018-01-03,MAX_POSITIONS,US.TXN,100.0,85.642382861,10,1,10.0
2018-01-03,MAX_POSITIONS,US.NVDA,100.0,5.24650025,10,1,10.0
2018-01-03,MAX_POSITIONS,US.BKNG,100.0,71.448684286,10,1,10.0
2018-01-04,MAX_POSITIONS,US.BKR,100.0,28.330360705,10,1,10.0
2018-01-04,MAX_POSITIONS,US.WDAY,89.34,109.25,10,1,10.0
2018-01-04,MAX_POSITIONS,US.MRVL,88.38,22.254339271,10,1,10.0
2018-01-04,MAX_POSITIONS,US.PCAR,81.44,36.237788233,10,1,10.0
2018-01-05,MAX_POSITIONS,US.SPY,87.95,240.035737901,10,1,10.0
2018-01-05,MAX_POSITIONS,US.AMZN,86.68,61.457,10,1,10.0
2018-01-08,MAX_POSITIONS,US.AMZN,100.0,62.343499999,10,1,10.0
2018-01-08,MAX_POSITIONS,US.AMAT,80.07,50.937582242,10,1,10.0
2018-01-09,MAX_POSITIONS,US.GILD,93.03,57.113051098,10,1,10.0
2018-01-10,MAX_POSITIONS,US.ISRG,100.0,141.2519208,10,1,10.0
2018-01-10,MAX_POSITIONS,US.WDAY,100.0,114.14,10,1,10.0
2018-01-11,MAX_POSITIONS,US.IDXX,100.0,171.51,10,1,10.0
2018-01-11,MAX_POSITIONS,US.AMZN,99.37,63.834,10,1,10.0
2018-01-11,MAX_POSITIONS,US.BKR,92.29,29.860183822,10,1,10.0
2018-01-11,MAX_POSITIONS,US.NFLX,83.75,21.724,10,1,10.0
2018-01-12,MAX_POSITIONS,US.NFLX,80.79,22.123,10,1,10.0
2018-01-12,MAX_POSITIONS,US.GOOG,86.88,55.622589213,10,1,10.0
2018-01-12,MAX_POSITIONS,US.MSFT,87.83,82.042030336,10,1,10.0
2018-01-12,MAX_POSITIONS,US.SPY,100.0,243.986293166,10,1,10.0
2018-01-12,MAX_POSITIONS,US.GOOGL,87.97,56.035617767,10,1,10.0
2018-01-12,MAX_POSITIONS,US.ADBE,100.0,195.05,10,1,10.0
2018-01-12,MAX_POSITIONS,US.CSCO,100.0,32.07265174,10,1,10.0
2018-01-12,MAX_POSITIONS,US.TXN,100.0,89.030797714,10,1,10.0
2018-01-12,MAX_POSITIONS,US.AMZN,100.0,65.26,10,1,10.0
2018-01-16,MAX_POSITIONS,US.QCOM,100.0,54.283288809,10,1,10.0
2018-01-17,MAX_POSITIONS,US.MNST,82.66,33.534999999,10,1,10.0
2018-01-17,MAX_POSITIONS,US.ASML,100.0,178.022134397,10,1,10.0
2018-01-17,MAX_POSITIONS,US.TXN,100.0,94.117369194,10,1,10.0
2018-01-17,MAX_POSITIONS,US.ADP,100.0,101.445747111,10,1,10.0
2018-01-17,MAX_POSITIONS,US.LRCX,94.65,18.20468733,10,1,10.0
2018-01-18,MAX_POSITIONS,US.PANW,90.4,26.303070142,10,1,10.0
2018-01-19,MAX_POSITIONS,US.OKTA,100.0,29.18,10,1,10.0
2018-01-22,MAX_POSITIONS,US.GOOG,100.0,57.285428367,10,1,10.0
2018-01-22,MAX_POSITIONS,US.SPY,100.0,248.173881747,10,1,10.0
2018-01-22,MAX_POSITIONS,US.GOOGL,99.94,57.696391261,10,1,10.0
2018-01-22,MAX_POSITIONS,US.AMGN,93.31,148.585841458,10,1,10.0
2018-01-23,MAX_POSITIONS,US.NVDA,89.43,5.8993805,10,1,10.0
2018-01-23,MAX_POSITIONS,US.LRCX,96.05,19.107268036,10,1,10.0
2018-01-23,MAX_POSITIONS,US.CSCO,84.23,33.03789181,10,1,10.0
2018-01-23,MAX_POSITIONS,US.VRTX,100.0,166.58,10,1,10.0
2018-01-23,MAX_POSITIONS,US.NFLX,100.0,25.029,10,1,10.0
2018-01-23,MAX_POSITIONS,US.AMZN,98.02,68.127,10,1,10.0
2018-01-25,MAX_POSITIONS,US.NFLX,100.0,26.97,10,1,10.0
2018-01-25,MAX_POSITIONS,US.ISRG,84.1,149.9351673,10,1,10.0
2018-01-26,MAX_POSITIONS,US.GILD,100.0,62.495279729,10,1,10.0
2018-01-26,MAX_POSITIONS,US.SPY,97.1,251.588917298,10,1,10.0
2018-01-26,MAX_POSITIONS,US.ALGN,88.63,283.97,10,1,10.0
2018-01-29,MAX_POSITIONS,US.NFLX,100.0,28.458999999,10,1,10.0
2018-01-29,MAX_POSITIONS,US.GILD,100.0,64.937758483,10,1,10.0
2018-01-31,MAX_POSITIONS,US.TTWO,100.0,126.67,10,1,10.0
2018-01-31,MAX_POSITIONS,US.EA,100.0,123.209224782,10,1,10.0
2018-02-01,MAX_POSITIONS,US.MDLZ,100.0,37.11695277,10,1,10.0
2018-02-01,MAX_POSITIONS,US.IDXX,100.0,193.95,10,1,10.0
2018-03-08,MAX_POSITIONS,US.FTNT,100.0,10.818,10,4,40.0
2018-03-08,MAX_POSITIONS,US.OKTA,100.0,42.6,10,4,40.0
2018-03-09,MAX_POSITIONS,US.CTAS,100.0,41.052079419,10,4,40.0
2018-03-09,MAX_POSITIONS,US.KLAC,92.21,10.718184311,10,4,40.0
2018-03-09,MAX_POSITIONS,US.IDXX,89.58,203.17,10,4,40.0
2018-03-09,MAX_POSITIONS,US.FAST,86.44,11.712472013,10,4,40.0
2018-03-09,MAX_POSITIONS,US.AMAT,82.31,56.222776316,10,4,40.0
2018-03-12,MAX_POSITIONS,US.AVGO,100.0,20.950660903,10,4,40.0
2018-03-12,MAX_POSITIONS,US.SBUX,81.44,49.545756453,10,4,40.0
2018-04-18,MAX_POSITIONS,US.ISRG,100.0,157.0084299,10,3,30.0
2018-05-04,MAX_POSITIONS,US.IDXX,100.0,212.2,10,1,10.0
2018-05-04,MAX_POSITIONS,US.SNPS,80.29,87.72,10,1,10.0
2018-05-07,MAX_POSITIONS,US.NVDA,100.0,6.144446366,10,1,10.0
2018-05-09,MAX_POSITIONS,US.ADBE,84.87,239.74,10,1,10.0
2018-05-09,MAX_POSITIONS,US.PANW,89.78,34.434655443,10,1,10.0
2018-05-09,MAX_POSITIONS,US.FTNT,81.51,11.804,10,1,10.0
2018-05-09,MAX_POSITIONS,US.TTWO,91.62,115.99,10,1,10.0
2018-05-09,MAX_POSITIONS,US.EA,100.0,127.139575762,10,1,10.0
2018-05-09,MAX_POSITIONS,US.OKTA,89.96,49.28,10,1,10.0
2018-05-09,MAX_POSITIONS,US.SNPS,81.46,90.83,10,1,10.0
2018-05-10,MAX_POSITIONS,US.FTNT,83.82,12.032,10,1,10.0
2018-05-10,MAX_POSITIONS,US.CTAS,94.75,41.894763719,10,1,10.0
2018-05-11,MAX_POSITIONS,US.TTD,100.0,7.561,10,1,10.0
2018-05-15,MAX_POSITIONS,US.TTD,81.83,8.022,10,1,10.0
2018-05-22,MAX_POSITIONS,US.MU,92.76,57.571203888,10,1,10.0
2018-05-23,MAX_POSITIONS,US.NFLX,94.5,34.472,10,1,10.0
2018-05-24,MAX_POSITIONS,US.ALGN,89.27,317.04,10,1,10.0
2018-05-24,MAX_POSITIONS,US.ON,86.68,25.02,10,1,10.0
2018-05-29,MAX_POSITIONS,US.OKTA,85.0,53.66,10,1,10.0
2018-06-01,MAX_POSITIONS,US.TXN,91.21,91.724404436,10,1,10.0
2018-06-01,MAX_POSITIONS,US.GOOGL,83.43,56.25120609,10,1,10.0
2018-06-04,MAX_POSITIONS,US.AMZN,82.74,83.2635,10,1,10.0
2018-06-04,MAX_POSITIONS,US.ADI,85.45,86.151278197,10,1,10.0
2018-06-04,MAX_POSITIONS,US.GOOG,93.22,56.466647359,10,1,10.0
2018-06-04,MAX_POSITIONS,US.CTAS,90.0,43.011435537,10,1,10.0
2018-06-05,MAX_POSITIONS,US.ASML,100.0,189.062267248,10,1,10.0
2018-06-05,MAX_POSITIONS,US.AMZN,100.0,84.8175,10,1,10.0
2018-06-05,MAX_POSITIONS,US.CTAS,100.0,43.706765205,10,1,10.0
2018-06-05,MAX_POSITIONS,US.ISRG,83.63,164.1216921,10,1,10.0
2018-06-06,MAX_POSITIONS,US.PAYX,92.32,53.318175302,10,1,10.0
2018-06-06,MAX_POSITIONS,US.ASML,92.92,193.144351416,10,1,10.0
2018-06-06,MAX_POSITIONS,US.SPY,80.02,244.504932661,10,1,10.0
2018-06-07,MAX_POSITIONS,US.ZS,100.0,37.79,10,1,10.0
2018-06-08,MAX_POSITIONS,US.MNST,100.0,27.74,10,1,10.0
2018-06-08,MAX_POSITIONS,US.PEP,81.9,80.008104554,10,1,10.0
2018-06-12,MAX_POSITIONS,US.PAYX,100.0,54.399107899,10,1,10.0
2018-06-12,MAX_POSITIONS,US.PEP,85.81,81.561584192,10,1,10.0
2018-06-13,MAX_POSITIONS,US.NFLX,100.0,37.993,10,1,10.0
2018-06-13,MAX_POSITIONS,US.EA,93.58,139.047083544,10,1,10.0
2018-06-13,MAX_POSITIONS,US.ALGN,86.28,363.49,10,1,10.0
2018-06-14,MAX_POSITIONS,US.NFLX,96.43,39.287,10,1,10.0
2018-06-14,MAX_POSITIONS,US.TTWO,85.4,121.84,10,1,10.0
2018-06-14,MAX_POSITIONS,US.CMCSA,100.0,25.171387365,10,1,10.0
2018-06-15,MAX_POSITIONS,US.PEP,100.0,84.004996888,10,1,10.0
2018-06-18,MAX_POSITIONS,US.GOOG,95.72,58.160215581,10,1,10.0
2018-06-18,MAX_POSITIONS,US.GOOGL,92.46,58.658856831,10,1,10.0
2018-06-19,MAX_POSITIONS,US.REGN,82.09,324.39071844,10,1,10.0
2018-06-20,MAX_POSITIONS,US.NFLX,100.0,41.676,10,1,10.0
2018-06-20,MAX_POSITIONS,US.REGN,100.0,334.169947607,10,1,10.0
2018-06-29,MAX_POSITIONS,US.VRTX,100.0,169.96,10,1,10.0
2018-07-06,MAX_POSITIONS,US.AMGN,97.0,149.829141747,10,1,10.0
2018-07-06,MAX_POSITIONS,US.REGN,80.83,366.562404464,10,1,10.0
2018-07-09,MAX_POSITIONS,US.AMGN,92.83,152.307860599,10,1,10.0
2018-07-10,MAX_POSITIONS,US.IDXX,88.46,234.1,10,1,10.0
2018-07-10,MAX_POSITIONS,US.MNST,80.24,29.785,10,1,10.0
2018-07-10,MAX_POSITIONS,US.PEP,100.0,88.126792108,10,1,10.0
2018-07-10,MAX_POSITIONS,US.MRVL,90.04,21.66286621,10,1,10.0
2018-07-12,MAX_POSITIONS,US.AMZN,100.0,89.831,10,1,10.0
2018-07-12,MAX_POSITIONS,US.ISRG,100.0,174.99825,10,1,10.0
2018-07-12,MAX_POSITIONS,US.MSFT,100.0,96.264920388,10,1,10.0
2018-07-12,MAX_POSITIONS,US.WDAY,100.0,137.31,10,1,10.0
2018-07-13,MAX_POSITIONS,US.COST,93.05,194.550492057,10,1,10.0
2018-07-16,MAX_POSITIONS,US.MELI,100.0,343.25,10,1,10.0
2018-07-17,MAX_POSITIONS,US.PEP,100.0,89.680271745,10,1,10.0
2018-07-17,MAX_POSITIONS,US.MELI,94.16,359.8,10,1,10.0
2018-07-18,MAX_POSITIONS,US.ASML,100.0,197.226435583,10,1,10.0
2018-07-20,MAX_POSITIONS,US.CTAS,100.0,46.870284954,10,0,0.0
2018-07-20,MAX_POSITIONS,US.IDXX,96.65,248.14,10,0,0.0
2018-07-24,MAX_POSITIONS,US.GOOG,100.0,61.858607761,10,0,0.0
2018-07-24,MAX_POSITIONS,US.GOOGL,100.0,62.354585852,10,0,0.0
2018-07-25,MAX_POSITIONS,US.MSFT,100.0,102.399857247,10,0,0.0
2018-07-25,MAX_POSITIONS,US.VRSK,86.97,108.840944045,10,0,0.0
2018-07-25,MAX_POSITIONS,US.PAYX,85.53,56.396483352,10,0,0.0
2018-07-27,MAX_POSITIONS,US.LRCX,100.0,16.980388801,10,0,0.0
2018-07-27,MAX_POSITIONS,US.TEAM,100.0,73.84,10,0,0.0
2018-07-31,MAX_POSITIONS,US.KLAC,100.0,10.456894023,10,0,0.0
2018-08-01,MAX_POSITIONS,US.AAPL,100.0,47.476559117,10,0,0.0
2018-08-02,MAX_POSITIONS,US.TSLA,100.0,23.30243364,10,0,0.0
2018-08-02,MAX_POSITIONS,US.REGN,100.0,393.747868104,10,0,0.0
2018-08-02,MAX_POSITIONS,US.AAPL,100.0,48.86433546,10,0,0.0
2018-08-02,MAX_POSITIONS,US.FTNT,100.0,14.752,10,0,0.0
2018-08-06,MAX_POSITIONS,US.TMUS,100.0,63.402288885,10,0,0.0
2018-08-07,MAX_POSITIONS,US.TSLA,100.0,25.30441362,10,0,0.0
2018-08-10,MAX_POSITIONS,US.TTD,100.0,12.793,10,0,0.0
2018-08-16,MAX_POSITIONS,US.AAPL,81.89,50.437807866,10,0,0.0
2018-08-17,MAX_POSITIONS,US.AAPL,100.0,51.445050795,10,0,0.0
2018-08-23,MAX_POSITIONS,US.SNPS,100.0,100.69,10,0,0.0
2018-08-23,MAX_POSITIONS,US.TEAM,89.2,82.63,10,0,0.0
2018-08-24,MAX_POSITIONS,US.FTNT,80.97,16.078,10,0,0.0
2018-08-24,MAX_POSITIONS,US.WDAY,88.2,151.0,10,0,0.0
2018-08-24,MAX_POSITIONS,US.TEAM,100.0,86.11,10,0,0.0
2018-08-24,MAX_POSITIONS,US.PANW,98.01,37.571290724,10,0,0.0
2018-08-27,MAX_POSITIONS,US.SPY,100.0,256.563372871,10,0,0.0
2018-08-27,MAX_POSITIONS,US.ZS,85.8,47.26,10,0,0.0
2018-08-27,MAX_POSITIONS,US.ALGN,85.15,381.87,10,0,0.0
2018-08-29,MAX_POSITIONS,US.FTNT,82.75,16.502,10,0,0.0
2018-08-29,MAX_POSITIONS,US.MSFT,100.0,103.897634684,10,0,0.0
2018-08-29,MAX_POSITIONS,US.ADP,100.0,122.93573893,10,0,0.0
2018-08-29,MAX_POSITIONS,US.AMZN,100.0,99.905,10,0,0.0
2018-08-29,MAX_POSITIONS,US.ADBE,95.13,268.36,10,0,0.0
2018-08-29,MAX_POSITIONS,US.AAPL,84.89,52.721837605,10,0,0.0
2018-08-29,MAX_POSITIONS,US.VRTX,83.63,184.86,10,0,0.0
2018-09-04,MAX_POSITIONS,US.FTNT,100.0,17.216,10,0,0.0
2018-09-05,MAX_POSITIONS,US.XEL,82.89,38.694779298,10,0,0.0
2018-09-06,MAX_POSITIONS,US.PAYX,81.23,58.917785078,10,0,0.0
2018-09-07,MAX_POSITIONS,US.AVGO,100.0,18.769254422,10,0,0.0
2018-09-07,MAX_POSITIONS,US.OKTA,100.0,71.92,10,0,0.0
2018-09-07,MAX_POSITIONS,US.COST,100.0,217.478394902,10,0,0.0
2018-09-10,MAX_POSITIONS,US.AVGO,91.46,19.426895097,10,0,0.0
2018-09-12,MAX_POSITIONS,US.TMUS,100.0,64.951485084,10,0,0.0
2018-09-14,MAX_POSITIONS,US.ISRG,84.16,189.4514388,10,0,0.0
2018-09-20,MAX_POSITIONS,US.SPY,98.28,259.927790073,10,0,0.0
2018-09-20,MAX_POSITIONS,US.SBUX,88.12,47.643999385,10,0,0.0
2018-09-21,MAX_POSITIONS,US.SBUX,93.01,48.505188104,10,0,0.0
2018-09-21,MAX_POSITIONS,US.ADP,97.39,127.169380614,10,0,0.0
2018-09-28,MAX_POSITIONS,US.VRTX,84.68,192.74,10,0,0.0
2018-11-30,MAX_POSITIONS,US.WDAY,100.0,164.0,10,4,40.0
2018-12-03,MAX_POSITIONS,US.AMD,93.71,23.71,10,3,30.0
2018-12-03,MAX_POSITIONS,US.AMAT,82.59,35.487032916,10,3,30.0
2018-12-03,MAX_POSITIONS,US.KLAC,80.35,9.130783562,10,3,30.0
2018-12-03,MAX_POSITIONS,US.LRCX,80.23,14.441330862,10,3,30.0
2019-01-17,MAX_POSITIONS,US.FAST,100.0,11.844024882,10,5,50.0
2019-01-18,MAX_POSITIONS,US.SNPS,87.75,91.49,10,5,50.0
2019-01-18,MAX_POSITIONS,US.VRSK,85.33,110.000849284,10,5,50.0
2019-01-18,MAX_POSITIONS,US.FAST,100.0,12.259206082,10,5,50.0
2019-01-18,MAX_POSITIONS,US.CTAS,93.01,43.060601533,10,5,50.0
2019-01-24,MAX_POSITIONS,US.ADI,100.0,82.86932384,10,5,50.0
2019-01-24,MAX_POSITIONS,US.LRCX,100.0,14.559512369,10,5,50.0
2019-01-24,MAX_POSITIONS,US.ASML,99.98,150.601231804,10,5,50.0
2019-01-24,MAX_POSITIONS,US.AMAT,96.12,35.005727305,10,5,50.0
2019-01-24,MAX_POSITIONS,US.NXPI,87.44,74.663936006,10,5,50.0
2019-01-25,MAX_POSITIONS,US.ADI,81.25,85.423185852,10,5,50.0
2019-01-25,MAX_POSITIONS,US.AMAT,86.55,36.273782472,10,5,50.0
2019-01-25,MAX_POSITIONS,US.KLAC,85.47,9.152636449,10,5,50.0
2019-01-25,MAX_POSITIONS,US.MU,86.89,37.997189623,10,5,50.0
2019-01-25,MAX_POSITIONS,US.ASML,100.0,157.985141627,10,5,50.0
2019-01-25,MAX_POSITIONS,US.SNPS,86.84,93.55,10,5,50.0
2019-01-29,MAX_POSITIONS,US.PCAR,93.18,32.960066637,10,5,50.0
2019-01-30,MAX_POSITIONS,US.AAPL,100.0,39.208369106,10,5,50.0
2019-01-30,MAX_POSITIONS,US.KLAC,92.05,9.570572909,10,5,50.0
2019-01-30,MAX_POSITIONS,US.ADP,92.0,118.327603136,10,5,50.0
2019-01-30,MAX_POSITIONS,US.AMD,80.75,23.09,10,5,50.0
2019-01-30,MAX_POSITIONS,US.CDNS,80.45,47.48,10,5,50.0
2019-01-31,MAX_POSITIONS,US.XEL,86.11,41.757438821,10,5,50.0
2019-01-31,MAX_POSITIONS,US.PEP,80.74,89.385960429,10,5,50.0
2019-01-31,MAX_POSITIONS,US.MNST,80.97,28.62,10,5,50.0
2019-01-31,MAX_POSITIONS,US.AEP,81.1,59.436102992,10,5,50.0
2019-01-31,MAX_POSITIONS,US.ZS,86.12,48.37,10,5,50.0
2019-01-31,MAX_POSITIONS,US.EXC,88.51,25.978665212,10,5,50.0
2019-01-31,MAX_POSITIONS,US.AMD,88.43,24.41,10,5,50.0
2019-01-31,MAX_POSITIONS,US.WDAY,91.04,181.53,10,5,50.0
2019-01-31,MAX_POSITIONS,US.MDLZ,100.0,38.338172802,10,5,50.0
2019-01-31,MAX_POSITIONS,US.ALGN,100.0,248.95,10,5,50.0
2019-01-31,MAX_POSITIONS,US.META,100.0,165.238949214,10,5,50.0
2019-02-01,MAX_POSITIONS,US.PAYX,84.8,57.712392627,10,5,50.0
2019-02-04,MAX_POSITIONS,US.SNPS,100.0,97.56,10,5,50.0
2019-02-04,MAX_POSITIONS,US.TTD,92.96,15.166999999,10,5,50.0
2019-02-04,MAX_POSITIONS,US.CDNS,86.64,49.69,10,5,50.0
2019-02-05,MAX_POSITIONS,US.BKNG,91.67,74.507704461,10,5,50.0
2019-02-05,MAX_POSITIONS,US.PAYX,98.23,59.20578509,10,5,50.0
2019-02-06,MAX_POSITIONS,US.TXN,92.24,86.94512596,10,5,50.0
2019-02-08,MAX_POSITIONS,US.VRSK,90.19,115.971509038,10,5,50.0
2019-02-08,MAX_POSITIONS,US.KDP,81.76,23.11783839,10,5,50.0
2019-02-11,MAX_POSITIONS,US.CTAS,100.0,46.018092417,10,5,50.0
2019-02-11,MAX_POSITIONS,US.KDP,91.06,23.450708633,10,5,50.0
2019-02-12,MAX_POSITIONS,US.ORLY,100.0,25.232666792,10,5,50.0
2019-02-12,MAX_POSITIONS,US.CPRT,100.0,13.315,10,5,50.0
2019-02-12,MAX_POSITIONS,US.CTAS,91.14,46.712054845,10,5,50.0
2019-02-12,MAX_POSITIONS,US.SNPS,89.79,101.59,10,5,50.0
2019-02-15,MAX_POSITIONS,US.TMUS,99.62,68.900979097,10,5,50.0
2019-02-20,MAX_POSITIONS,US.KLAC,94.6,10.269882187,10,5,50.0
2019-02-20,MAX_POSITIONS,US.CDNS,100.0,55.07,10,5,50.0
2019-02-21,MAX_POSITIONS,US.CPRT,100.0,14.1325,10,5,50.0
2019-02-21,MAX_POSITIONS,US.XEL,82.6,43.687404481,10,5,50.0
2019-02-22,MAX_POSITIONS,US.INTU,100.0,238.835084762,10,5,50.0
2019-02-22,MAX_POSITIONS,US.TTD,100.0,19.773,10,5,50.0
2019-02-22,MAX_POSITIONS,US.CPRT,98.38,14.5725,10,5,50.0
2019-02-22,MAX_POSITIONS,US.FTNT,96.87,17.358,10,5,50.0
2019-02-22,MAX_POSITIONS,US.ADP,82.27,130.015223071,10,5,50.0
2019-02-22,MAX_POSITIONS,US.MSFT,81.84,103.809863492,10,5,50.0
2019-02-27,MAX_POSITIONS,US.MELI,100.0,446.68,10,5,50.0
2019-02-28,MAX_POSITIONS,US.MNST,100.0,31.915,10,5,50.0
2019-03-01,MAX_POSITIONS,US.ZS,100.0,60.57,10,5,50.0
2019-03-01,MAX_POSITIONS,US.TEAM,99.96,110.95,10,5,50.0
2019-03-08,MAX_POSITIONS,US.COST,100.0,206.236381953,10,5,50.0
2019-03-11,MAX_POSITIONS,US.CDNS,82.0,59.96,10,5,50.0
2019-03-12,MAX_POSITIONS,US.GOOGL,84.97,59.336349331,10,5,50.0
2019-03-12,MAX_POSITIONS,US.COST,84.58,210.889419453,10,5,50.0
2019-03-12,MAX_POSITIONS,US.GOOG,84.2,59.138589498,10,5,50.0
2019-03-12,MAX_POSITIONS,US.SNPS,83.16,106.9,10,5,50.0
2019-03-13,MAX_POSITIONS,US.MELI,100.0,507.93,10,5,50.0
2019-03-13,MAX_POSITIONS,US.COST,82.93,213.985409385,10,5,50.0
2019-03-14,MAX_POSITIONS,US.ZS,84.89,66.94,10,5,50.0
2019-03-15,MAX_POSITIONS,US.ASML,100.0,173.352428179,10,5,50.0
2019-03-15,MAX_POSITIONS,US.CMCSA,82.47,30.628605765,10,5,50.0
2019-03-20,MAX_POSITIONS,US.GOOG,100.0,60.663643469,10,5,50.0
2019-03-20,MAX_POSITIONS,US.GOOGL,96.48,60.782525713,10,5,50.0
2019-03-21,MAX_POSITIONS,US.MSFT,84.32,112.463024141,10,5,50.0
2019-03-21,MAX_POSITIONS,US.NVDA,84.64,4.559379456,10,5,50.0
2019-03-21,MAX_POSITIONS,US.KLAC,89.87,11.272066435,10,5,50.0
2019-03-21,MAX_POSITIONS,US.CDNS,90.17,63.08,10,5,50.0
2019-03-21,MAX_POSITIONS,US.AMD,91.29,27.89,10,5,50.0
2019-03-21,MAX_POSITIONS,US.ALGN,100.0,280.73,10,5,50.0
2019-03-21,MAX_POSITIONS,US.IDXX,100.0,225.69,10,5,50.0
2019-03-21,MAX_POSITIONS,US.SNPS,100.0,112.91,10,5,50.0
2019-03-21,MAX_POSITIONS,US.AAPL,100.0,46.486938712,10,5,50.0
2019-03-26,MAX_POSITIONS,US.VRSK,100.0,125.465832655,10,4,40.0
2019-04-01,MAX_POSITIONS,US.CSCO,91.54,44.469285148,10,4,40.0
2019-04-01,MAX_POSITIONS,US.INTU,93.06,252.930675761,10,4,40.0
2019-04-01,MAX_POSITIONS,US.CPRT,100.0,15.545,10,4,40.0
2019-04-01,MAX_POSITIONS,US.HON,99.77,139.063885977,10,4,40.0
2019-04-01,MAX_POSITIONS,US.ADP,100.0,138.27700442,10,4,40.0
2019-04-01,MAX_POSITIONS,US.FAST,100.0,13.687581802,10,4,40.0
2019-04-01,MAX_POSITIONS,US.CDNS,100.0,64.8,10,4,40.0
2019-04-01,MAX_POSITIONS,US.SNPS,100.0,117.57,10,4,40.0
2019-04-02,MAX_POSITIONS,US.CPRT,86.7,15.79,10,4,40.0
2019-04-03,MAX_POSITIONS,US.LIN,100.0,161.873192413,10,4,40.0
2019-04-03,MAX_POSITIONS,US.OKTA,96.6,89.35,10,4,40.0
2019-04-03,MAX_POSITIONS,US.LRCX,94.28,17.4693991,10,4,40.0
2019-04-03,MAX_POSITIONS,US.VRSK,87.1,129.847753771,10,4,40.0
2019-04-03,MAX_POSITIONS,US.AMD,80.7,29.02,10,4,40.0
2019-04-11,MAX_POSITIONS,US.FAST,100.0,14.247235169,10,3,30.0
2019-04-12,MAX_POSITIONS,US.AVGO,100.0,26.392269888,10,3,30.0
2019-04-12,MAX_POSITIONS,US.FTNT,83.98,18.542,10,3,30.0
2019-04-12,MAX_POSITIONS,US.PCAR,82.9,36.1263509,10,3,30.0
2019-04-12,MAX_POSITIONS,US.ADI,82.49,100.401055062,10,3,30.0
2019-04-15,MAX_POSITIONS,US.FTNT,96.07,19.044,10,3,30.0
2019-04-15,MAX_POSITIONS,US.CMCSA,86.33,31.785634484,10,3,30.0
2019-04-18,MAX_POSITIONS,US.HON,100.0,145.962897478,10,3,30.0
2019-04-18,MAX_POSITIONS,US.CTAS,99.99,49.760366316,10,3,30.0
2019-04-18,MAX_POSITIONS,US.MSFT,99.8,115.409776146,10,3,30.0
2019-04-23,MAX_POSITIONS,US.CDNS,83.2,66.7,10,3,30.0
2019-04-23,MAX_POSITIONS,US.PAYX,94.39,67.106312962,10,3,30.0
2019-04-23,MAX_POSITIONS,US.AAPL,85.1,49.439284658,10,3,30.0
2019-04-23,MAX_POSITIONS,US.BKNG,87.15,73.938593538,10,3,30.0
2019-04-23,MAX_POSITIONS,US.ADBE,95.22,278.49,10,3,30.0
2019-04-23,MAX_POSITIONS,US.HON,92.59,148.462539326,10,3,30.0
2019-04-23,MAX_POSITIONS,US.GOOG,98.35,62.674910618,10,3,30.0
2019-04-23,MAX_POSITIONS,US.OKTA,98.52,101.05,10,3,30.0
2019-04-23,MAX_POSITIONS,US.GOOGL,100.0,62.971118895,10,3,30.0
2019-04-23,MAX_POSITIONS,US.AMZN,100.0,96.1885,10,3,30.0
2019-04-23,MAX_POSITIONS,US.MSFT,95.69,117.346213178,10,3,30.0
2019-04-25,MAX_POSITIONS,US.MSFT,100.0,120.816832207,10,3,30.0
2019-04-25,MAX_POSITIONS,US.LRCX,100.0,18.727215584,10,3,30.0
2019-04-25,MAX_POSITIONS,US.META,100.0,191.577655079,10,3,30.0
2019-04-26,MAX_POSITIONS,US.AMZN,81.7,97.5315,10,3,30.0
2019-04-26,MAX_POSITIONS,US.IDXX,81.97,232.47,10,3,30.0
2019-04-26,MAX_POSITIONS,US.MNST,100.0,29.825,10,3,30.0
2019-04-26,MAX_POSITIONS,US.WDAY,98.47,204.41,10,3,30.0
2019-04-29,MAX_POSITIONS,US.TTD,100.0,22.589,10,3,30.0
2019-04-29,MAX_POSITIONS,US.GOOG,93.93,63.816346853,10,3,30.0
2019-04-29,MAX_POSITIONS,US.ADBE,86.84,286.14,10,3,30.0
2019-05-01,MAX_POSITIONS,US.MDLZ,100.0,43.111832029,10,2,20.0
2019-05-03,MAX_POSITIONS,US.MELI,100.0,578.94,10,2,20.0
2019-05-03,MAX_POSITIONS,US.IDXX,100.0,250.47,10,2,20.0
2019-05-03,MAX_POSITIONS,US.MNST,100.0,31.555,10,2,20.0
2019-05-03,MAX_POSITIONS,US.CTAS,99.05,51.914444323,10,2,20.0
2019-05-10,MAX_POSITIONS,US.ZS,100.0,73.55,10,2,20.0
2019-05-16,MAX_POSITIONS,US.ZS,81.34,78.66,10,1,10.0
2019-05-16,MAX_POSITIONS,US.PAYX,99.88,70.083189051,10,1,10.0
2019-05-16,MAX_POSITIONS,US.LIN,100.0,166.222526849,10,1,10.0
2019-06-07,MAX_POSITIONS,US.MNST,100.0,32.96,10,1,10.0
2019-06-07,MAX_POSITIONS,US.COST,97.5,232.381539641,10,1,10.0
2019-06-07,MAX_POSITIONS,US.ADP,91.73,142.414990916,10,1,10.0
2019-06-07,MAX_POSITIONS,US.VRSK,86.36,139.526083889,10,1,10.0
2019-06-10,MAX_POSITIONS,US.DXCM,100.0,34.61,10,1,10.0
2019-06-10,MAX_POSITIONS,US.ISRG,85.03,169.9049676,10,1,10.0
2019-06-10,MAX_POSITIONS,US.SNPS,83.52,126.22,10,1,10.0
2019-06-12,MAX_POSITIONS,US.DXCM,84.4,36.3175,10,1,10.0
2019-06-17,MAX_POSITIONS,US.KDP,100.0,25.1351594,10,2,20.0
2019-06-18,MAX_POSITIONS,US.HON,83.38,152.821308243,10,2,20.0
2019-06-18,MAX_POSITIONS,US.AMGN,96.35,146.796581784,10,2,20.0
2019-06-19,MAX_POSITIONS,US.ADBE,94.6,291.21,10,2,20.0
2019-06-19,MAX_POSITIONS,US.CDNS,89.92,71.44,10,2,20.0
2019-06-20,MAX_POSITIONS,US.ADBE,100.0,302.11,10,2,20.0
2019-06-20,MAX_POSITIONS,US.COST,91.59,242.67491357,10,2,20.0
2019-06-20,MAX_POSITIONS,US.ISRG,91.25,177.6815565,10,2,20.0
2019-06-20,MAX_POSITIONS,US.BKR,85.43,20.0864205,10,2,20.0
2019-06-20,MAX_POSITIONS,US.SNPS,85.35,130.01,10,2,20.0
2019-06-20,MAX_POSITIONS,US.SPY,82.53,265.834819202,10,2,20.0
2019-06-21,MAX_POSITIONS,US.BKR,96.78,20.754318719,10,2,20.0
2019-07-01,MAX_POSITIONS,US.ASML,100.0,196.43375198,10,2,20.0
2019-07-01,MAX_POSITIONS,US.AVGO,100.0,25.231282777,10,2,20.0
2019-07-03,MAX_POSITIONS,US.SPY,81.2,269.781905631,10,2,20.0
2019-07-10,MAX_POSITIONS,US.META,87.29,200.965217915,10,3,30.0
2019-07-10,MAX_POSITIONS,US.INTU,87.1,262.480925808,10,3,30.0
2019-07-10,MAX_POSITIONS,US.MU,83.21,41.839821223,10,3,30.0
2019-07-11,MAX_POSITIONS,US.FTNT,100.0,16.812,10,3,30.0
2019-07-11,MAX_POSITIONS,US.COST,100.0,251.016721895,10,3,30.0
2019-07-12,MAX_POSITIONS,US.CMCSA,80.86,34.129291835,10,3,30.0
2019-07-15,MAX_POSITIONS,US.TSLA,100.0,16.899831,10,3,30.0
2019-07-15,MAX_POSITIONS,US.MRVL,96.1,25.178523504,10,3,30.0
2019-07-18,MAX_POSITIONS,US.ASML,100.0,207.656089786,10,3,30.0
2019-07-18,MAX_POSITIONS,US.KLAC,100.0,12.238103548,10,3,30.0
2019-07-22,MAX_POSITIONS,US.AMAT,100.0,47.436622553,10,3,30.0
2019-07-22,MAX_POSITIONS,US.LRCX,100.0,19.036485656,10,3,30.0
2019-07-22,MAX_POSITIONS,US.KLAC,100.0,12.583408103,10,3,30.0
2019-07-22,MAX_POSITIONS,US.MU,85.15,46.023803345,10,3,30.0
2019-07-23,MAX_POSITIONS,US.KLAC,94.32,12.862236914,10,3,30.0
2019-07-23,MAX_POSITIONS,US.ADI,81.52,106.004117803,10,3,30.0
2019-07-24,MAX_POSITIONS,US.NXPI,87.26,93.999143059,10,3,30.0
2019-07-24,MAX_POSITIONS,US.TXN,100.0,106.028658336,10,3,30.0
2019-07-24,MAX_POSITIONS,US.MRVL,87.06,26.301441123,10,3,30.0
2019-07-24,MAX_POSITIONS,US.ADI,100.0,110.176394621,10,3,30.0
2019-07-24,MAX_POSITIONS,US.LRCX,100.0,19.949335504,10,3,30.0
2019-07-26,MAX_POSITIONS,US.BKNG,100.0,77.037565065,10,2,20.0
2019-07-26,MAX_POSITIONS,US.TMUS,100.0,80.567765287,10,2,20.0
2019-09-03,MAX_POSITIONS,US.AEP,94.56,72.085362177,10,3,30.0
2019-09-04,MAX_POSITIONS,US.AMAT,100.0,46.50481266,10,3,30.0
2019-09-04,MAX_POSITIONS,US.LRCX,100.0,20.381000427,10,3,30.0
2019-09-04,MAX_POSITIONS,US.CMCSA,95.08,34.802091495,10,3,30.0
2019-09-04,MAX_POSITIONS,US.PEP,81.55,112.103185598,10,3,30.0
2019-09-05,MAX_POSITIONS,US.CMCSA,82.41,35.482536605,10,3,30.0
2019-09-05,MAX_POSITIONS,US.ADP,82.67,148.543026251,10,3,30.0
2019-09-05,MAX_POSITIONS,US.SNPS,87.44,145.95,10,3,30.0
2019-09-05,MAX_POSITIONS,US.ORLY,88.44,26.438666798,10,3,30.0
2019-09-05,MAX_POSITIONS,US.CPRT,100.0,20.1525,10,3,30.0
2019-09-05,MAX_POSITIONS,US.MU,92.22,47.818331808,10,3,30.0
2019-09-05,MAX_POSITIONS,US.ASML,100.0,217.687015017,10,3,30.0
2019-09-05,MAX_POSITIONS,US.NVDA,100.0,4.464773054,10,3,30.0
2019-09-05,MAX_POSITIONS,US.SPY,91.33,268.897078765,10,3,30.0
2019-09-10,MAX_POSITIONS,US.ON,81.29,19.47,10,3,30.0
2019-09-11,MAX_POSITIONS,US.BKNG,85.39,80.300650478,10,3,30.0
2019-09-11,MAX_POSITIONS,US.AAPL,100.0,53.686428775,10,3,30.0
2019-09-11,MAX_POSITIONS,US.TSLA,100.0,16.4731686,10,3,30.0
2019-09-11,MAX_POSITIONS,US.FAST,87.59,14.123402886,10,3,30.0
2019-09-16,MAX_POSITIONS,US.FANG,96.29,81.598618063,10,3,30.0
2019-10-11,MAX_POSITIONS,US.FAST,100.0,15.320730175,10,5,50.0
2019-10-15,MAX_POSITIONS,US.NVDA,100.0,4.877865164,10,5,50.0
2019-10-21,MAX_POSITIONS,US.VRTX,82.66,183.53,10,4,40.0
2019-10-22,MAX_POSITIONS,US.PCAR,100.0,39.626227485,10,4,40.0
2019-10-24,MAX_POSITIONS,US.LRCX,100.0,24.616754026,10,4,40.0
2019-10-24,MAX_POSITIONS,US.TSLA,100.0,19.97846688,10,4,40.0
2019-10-24,MAX_POSITIONS,US.ORLY,100.0,29.153333479,10,4,40.0
2019-10-25,MAX_POSITIONS,US.TSLA,100.0,21.87511458,10,4,40.0
2019-10-28,MAX_POSITIONS,US.AMD,90.12,33.69,10,4,40.0
2019-10-28,MAX_POSITIONS,US.MSFT,95.12,135.836530136,10,4,40.0
2019-10-28,MAX_POSITIONS,US.GOOG,100.0,63.93628935,10,4,40.0
2019-10-28,MAX_POSITIONS,US.GOOGL,100.0,63.882537115,10,4,40.0
2019-10-28,MAX_POSITIONS,US.QCOM,100.0,71.425148088,10,4,40.0
2019-10-28,MAX_POSITIONS,US.ON,100.0,21.21,10,4,40.0
2019-10-29,MAX_POSITIONS,US.AMGN,88.79,170.124802856,10,4,40.0
2019-11-01,MAX_POSITIONS,US.FTNT,100.0,18.026,10,5,50.0
2019-11-01,MAX_POSITIONS,US.PANW,96.46,38.927943816,10,5,50.0
2019-11-04,MAX_POSITIONS,US.AMD,100.0,36.29,10,4,40.0
2019-11-04,MAX_POSITIONS,US.MRVL,100.0,26.011272462,10,4,40.0
2019-11-04,MAX_POSITIONS,US.QCOM,83.44,73.179600852,10,4,40.0
2019-11-04,MAX_POSITIONS,US.PCAR,82.17,41.193924946,10,4,40.0
2019-11-05,MAX_POSITIONS,US.REGN,100.0,329.875417963,10,4,40.0
2019-11-05,MAX_POSITIONS,US.ADBE,100.0,289.29,10,4,40.0
2019-11-07,MAX_POSITIONS,US.QCOM,100.0,77.385127332,10,4,40.0
2019-11-07,MAX_POSITIONS,US.DXCM,100.0,48.675,10,4,40.0
2019-11-07,MAX_POSITIONS,US.KDP,100.0,25.22650455,10,4,40.0
2019-11-12,MAX_POSITIONS,US.MRVL,86.9,27.243896194,10,4,40.0
2019-11-13,MAX_POSITIONS,US.ADP,90.2,145.578953571,10,4,40.0
2019-11-15,MAX_POSITIONS,US.SPY,86.8,282.810026497,10,4,40.0
2019-11-15,MAX_POSITIONS,US.AMAT,100.0,58.293045318,10,4,40.0
2019-11-15,MAX_POSITIONS,US.CRWD,100.0,14.9375,10,4,40.0
2019-11-15,MAX_POSITIONS,US.MSFT,87.17,141.281672963,10,4,40.0
2019-11-18,MAX_POSITIONS,US.OKTA,84.24,121.15,10,4,40.0
2019-11-18,MAX_POSITIONS,US.FTNT,89.64,20.768,10,4,40.0
2019-11-19,MAX_POSITIONS,US.AMD,100.0,41.29,10,4,40.0
2019-11-19,MAX_POSITIONS,US.INTU,81.77,260.574485361,10,4,40.0
2019-11-22,MAX_POSITIONS,US.REGN,86.9,357.705556953,10,4,40.0
2019-11-25,MAX_POSITIONS,US.GILD,83.31,52.176556094,10,3,30.0
2019-11-25,MAX_POSITIONS,US.ZS,100.0,50.39,10,3,30.0
2019-11-25,MAX_POSITIONS,US.MELI,96.78,585.0,10,3,30.0
2019-11-25,MAX_POSITIONS,US.PCAR,86.14,42.557192822,10,3,30.0
2019-11-27,MAX_POSITIONS,US.CDNS,94.53,70.9,10,3,30.0
2019-12-12,MAX_POSITIONS,US.EA,89.47,101.985329492,10,3,30.0
2019-12-12,MAX_POSITIONS,US.SPY,82.2,287.653689031,10,3,30.0
2019-12-12,MAX_POSITIONS,US.FAST,100.0,15.966289414,10,3,30.0
2019-12-12,MAX_POSITIONS,US.BKR,100.0,19.904974903,10,3,30.0
2019-12-12,MAX_POSITIONS,US.TXN,100.0,105.0237417,10,3,30.0
2019-12-12,MAX_POSITIONS,US.ON,100.0,23.16,10,3,30.0
2019-12-12,MAX_POSITIONS,US.MU,100.0,49.710388991,10,3,30.0
2019-12-16,MAX_POSITIONS,US.TSLA,100.0,25.433079,10,2,20.0
2019-12-19,MAX_POSITIONS,US.NFLX,89.54,33.222,10,1,10.0
2019-12-19,MAX_POSITIONS,US.TSLA,86.1,26.93573064,10,1,10.0
2019-12-20,MAX_POSITIONS,US.AEP,81.33,74.403679395,10,1,10.0
2019-12-23,MAX_POSITIONS,US.AMD,96.68,45.46,10,1,10.0
2019-12-24,MAX_POSITIONS,US.AMD,81.95,46.54,10,1,10.0
2019-12-26,MAX_POSITIONS,US.AMZN,100.0,93.4385,10,1,10.0
2020-01-02,MAX_POSITIONS,US.ON,82.2,25.06,10,1,10.0
2020-01-02,MAX_POSITIONS,US.KLAC,88.57,16.952912663,10,1,10.0
2020-01-02,MAX_POSITIONS,US.HON,99.07,159.079354432,10,1,10.0
2020-01-02,MAX_POSITIONS,US.AMD,100.0,49.1,10,1,10.0
2020-01-02,MAX_POSITIONS,US.PDD,100.0,41.23,10,1,10.0
2020-01-02,MAX_POSITIONS,US.CPRT,100.0,23.37,10,1,10.0
2020-01-06,MAX_POSITIONS,US.TEAM,86.99,127.69,10,1,10.0
2020-01-06,MAX_POSITIONS,US.GOOGL,100.0,69.27621003,10,1,10.0
2020-01-06,MAX_POSITIONS,US.GOOG,100.0,69.101251143,10,1,10.0
2020-01-06,MAX_POSITIONS,US.PANW,87.82,40.042932659,10,1,10.0
2020-01-07,MAX_POSITIONS,US.ROST,83.26,111.627482998,10,1,10.0
2020-01-07,MAX_POSITIONS,US.MU,100.0,56.82998561,10,1,10.0
2020-01-07,MAX_POSITIONS,US.TSLA,100.0,31.27035396,10,1,10.0
2020-01-08,MAX_POSITIONS,US.WDAY,100.0,178.71,10,1,10.0
2020-01-08,MAX_POSITIONS,US.TSLA,100.0,32.80900524,10,1,10.0
2020-01-08,MAX_POSITIONS,US.SNPS,90.34,145.86,10,1,10.0
2020-01-08,MAX_POSITIONS,US.INTU,88.56,261.167874698,10,1,10.0
2020-01-09,MAX_POSITIONS,US.CTAS,82.13,65.685339093,10,1,10.0
2020-01-09,MAX_POSITIONS,US.SNPS,82.1,148.67,10,1,10.0
2020-01-09,MAX_POSITIONS,US.SBUX,95.46,78.288054405,10,1,10.0
2020-01-09,MAX_POSITIONS,US.ROST,100.0,114.763959548,10,1,10.0
2020-01-09,MAX_POSITIONS,US.ZS,100.0,54.0,10,1,10.0
2020-01-09,MAX_POSITIONS,US.TEAM,97.62,135.41,10,1,10.0
2020-01-10,MAX_POSITIONS,US.MELI,100.0,669.48,10,1,10.0
2020-01-13,MAX_POSITIONS,US.ZS,100.0,59.62,10,1,10.0
2020-01-13,MAX_POSITIONS,US.TSLA,100.0,34.99031676,10,1,10.0
2020-01-13,MAX_POSITIONS,US.MELI,100.0,691.1,10,1,10.0
2020-01-15,MAX_POSITIONS,US.AEP,88.68,75.798235679,10,1,10.0
2020-01-16,MAX_POSITIONS,US.SPY,90.67,301.637698961,10,1,10.0
2020-01-16,MAX_POSITIONS,US.VRSK,82.67,153.719603073,10,1,10.0
2020-01-16,MAX_POSITIONS,US.TMUS,94.18,77.880579288,10,1,10.0
2020-01-17,MAX_POSITIONS,US.ADP,97.81,153.209972399,10,1,10.0
2020-01-17,MAX_POSITIONS,US.PEP,80.12,115.392118616,10,1,10.0
2020-01-17,MAX_POSITIONS,US.SBUX,88.98,80.960208256,10,1,10.0
2020-01-17,MAX_POSITIONS,US.CMCSA,89.59,36.658191262,10,1,10.0
2020-01-17,MAX_POSITIONS,US.AEP,99.49,77.406077042,10,1,10.0
2020-01-17,MAX_POSITIONS,US.GOOG,100.0,73.372591775,10,1,10.0
2020-01-17,MAX_POSITIONS,US.GOOGL,100.0,73.325801263,10,1,10.0
2020-01-17,MAX_POSITIONS,US.INTU,100.0,271.236766479,10,1,10.0
2020-01-17,MAX_POSITIONS,US.QCOM,100.0,83.124659904,10,1,10.0
2020-01-17,MAX_POSITIONS,US.EA,99.65,109.593712623,10,1,10.0
2020-01-21,MAX_POSITIONS,US.COST,100.0,285.595770382,10,1,10.0
2020-01-21,MAX_POSITIONS,US.CPRT,87.6,24.65,10,1,10.0
2020-01-22,MAX_POSITIONS,US.INTU,100.0,278.59185221,10,1,10.0
2020-01-22,MAX_POSITIONS,US.TSLA,97.73,37.97028696,10,1,10.0
2020-01-22,MAX_POSITIONS,US.PEP,85.77,117.12389896,10,1,10.0
2020-01-24,MAX_POSITIONS,US.AEP,100.0,80.359255056,10,1,10.0
2020-01-30,MAX_POSITIONS,US.AEP,89.47,81.950689874,10,0,0.0
2020-01-30,MAX_POSITIONS,US.MDLZ,100.0,49.932948682,10,0,0.0
2020-01-30,MAX_POSITIONS,US.DDOG,93.84,47.04,10,0,0.0
2020-01-31,MAX_POSITIONS,US.AMZN,100.0,100.436,10,0,0.0
2020-02-04,MAX_POSITIONS,US.WDAY,100.0,194.7,10,0,0.0
2020-02-04,MAX_POSITIONS,US.VRSK,94.5,160.96709557,10,0,0.0
2020-02-04,MAX_POSITIONS,US.NFLX,92.13,36.901,10,0,0.0
2020-02-04,MAX_POSITIONS,US.TTD,83.82,30.313,10,0,0.0
2020-02-07,MAX_POSITIONS,US.TMUS,100.0,81.705755088,10,0,0.0
2020-02-10,MAX_POSITIONS,US.AMZN,88.39,106.6955,10,0,0.0
2020-02-11,MAX_POSITIONS,US.EXC,100.0,27.892873603,10,0,0.0
2020-02-11,MAX_POSITIONS,US.NVDA,80.77,6.659344636,10,0,0.0
2020-02-11,MAX_POSITIONS,US.TMUS,100.0,90.360215335,10,0,0.0
2020-02-12,MAX_POSITIONS,US.REGN,81.14,402.971684661,10,0,0.0
2020-02-13,MAX_POSITIONS,US.CDNS,100.0,79.25,10,0,0.0
2020-02-13,MAX_POSITIONS,US.AMAT,91.92,63.499556109,10,0,0.0
2020-02-13,MAX_POSITIONS,US.LRCX,80.4,31.859516712,10,0,0.0
2020-02-14,MAX_POSITIONS,US.NVDA,100.0,7.203745874,10,0,0.0
2020-02-14,MAX_POSITIONS,US.DXCM,100.0,70.9775,10,0,0.0
2020-02-18,MAX_POSITIONS,US.EXC,97.17,28.480806082,10,0,0.0
2020-02-18,MAX_POSITIONS,US.AMD,85.87,56.89,10,0,0.0
2020-02-19,MAX_POSITIONS,US.NVDA,100.0,7.822971208,10,0,0.0
2020-04-14,MAX_POSITIONS,US.SNPS,92.09,147.43,10,5,50.0
2020-04-14,MAX_POSITIONS,US.GOOGL,83.47,62.705474432,10,5,50.0
2020-04-14,MAX_POSITIONS,US.CDNS,94.95,76.325,10,5,50.0
2020-04-14,MAX_POSITIONS,US.GOOG,84.19,62.906865528,10,5,50.0
2020-04-17,MAX_POSITIONS,US.REGN,100.0,564.130604279,10,4,40.0
2020-04-20,MAX_POSITIONS,US.CRWD,81.48,17.1075,10,4,40.0
2020-04-28,MAX_POSITIONS,US.CPRT,90.2,20.1625,10,5,50.0
2020-04-29,MAX_POSITIONS,US.GOOG,89.33,66.487793362,10,5,50.0
2020-04-29,MAX_POSITIONS,US.ALGN,94.18,220.58,10,5,50.0
2020-04-29,MAX_POSITIONS,US.GOOGL,92.36,66.519157524,10,5,50.0
2020-04-29,MAX_POSITIONS,US.FANG,85.29,34.535664165,10,5,50.0
2020-05-05,MAX_POSITIONS,US.TEAM,80.99,169.58,10,5,50.0
2020-05-07,MAX_POSITIONS,US.DDOG,100.0,49.61,10,4,40.0
2020-05-07,MAX_POSITIONS,US.FTNT,100.0,27.024,10,4,40.0
2020-05-07,MAX_POSITIONS,US.PANW,100.0,35.521311236,10,4,40.0
2020-05-08,MAX_POSITIONS,US.TMUS,91.56,94.214079954,10,4,40.0
2020-05-08,MAX_POSITIONS,US.DDOG,83.28,51.73,10,4,40.0
2020-05-11,MAX_POSITIONS,US.DDOG,100.0,55.69,10,4,40.0
2020-05-11,MAX_POSITIONS,US.NVDA,84.74,8.024647597,10,4,40.0
2020-05-12,MAX_POSITIONS,US.DDOG,100.0,68.86,10,4,40.0
2020-05-12,MAX_POSITIONS,US.PDD,82.62,57.83,10,4,40.0
2020-05-15,MAX_POSITIONS,US.NVDA,92.72,8.447743671,10,4,40.0
2020-05-18,MAX_POSITIONS,US.PDD,100.0,66.46,10,4,40.0
2020-05-18,MAX_POSITIONS,US.TMUS,92.27,97.441572035,10,4,40.0
2020-05-19,MAX_POSITIONS,US.TTWO,100.0,142.24,10,4,40.0
2020-05-20,MAX_POSITIONS,US.ASML,100.0,305.116059897,10,4,40.0
2020-05-20,MAX_POSITIONS,US.TTWO,84.28,146.84,10,4,40.0
2020-05-20,MAX_POSITIONS,US.MNST,83.83,34.705,10,4,40.0
2020-05-26,MAX_POSITIONS,US.BKNG,100.0,68.422956904,10,4,40.0
2020-05-26,MAX_POSITIONS,US.PCAR,95.21,39.315455162,10,4,40.0
2020-05-26,MAX_POSITIONS,US.CTAS,81.63,59.426009482,10,4,40.0
2020-05-27,MAX_POSITIONS,US.PCAR,100.0,40.681252611,10,4,40.0
2020-05-28,MAX_POSITIONS,US.WDAY,100.0,182.56,10,4,40.0
2020-05-28,MAX_POSITIONS,US.VRSK,87.68,161.455550189,10,4,40.0
2020-05-29,MAX_POSITIONS,US.CRWD,98.7,21.9525,10,4,40.0
2020-05-29,MAX_POSITIONS,US.CSCO,99.42,40.132331176,10,4,40.0
2020-05-29,MAX_POSITIONS,US.ZS,100.0,98.09,10,4,40.0
2020-05-29,MAX_POSITIONS,US.REGN,100.0,607.790002651,10,4,40.0
2020-06-01,MAX_POSITIONS,US.CRWD,100.0,23.71,10,4,40.0
2020-06-01,MAX_POSITIONS,US.ZS,100.0,109.98,10,4,40.0
2020-06-01,MAX_POSITIONS,US.OKTA,90.8,204.78,10,4,40.0
2020-06-02,MAX_POSITIONS,US.MRVL,100.0,33.761259731,10,4,40.0
2020-06-02,MAX_POSITIONS,US.TXN,90.57,103.733886837,10,4,40.0
2020-06-02,MAX_POSITIONS,US.QCOM,88.48,73.931821328,10,4,40.0
2020-06-03,MAX_POSITIONS,US.ASML,100.0,325.039734398,10,4,40.0
2020-06-03,MAX_POSITIONS,US.KLAC,83.14,17.440737798,10,4,40.0
2020-06-03,MAX_POSITIONS,US.MRVL,93.71,35.078153711,10,4,40.0
2020-06-03,MAX_POSITIONS,US.LIN,100.0,192.988873339,10,4,40.0
2020-06-03,MAX_POSITIONS,US.CTAS,100.0,63.677274672,10,4,40.0
2020-06-03,MAX_POSITIONS,US.ADI,100.0,109.74198197,10,4,40.0
2020-06-03,MAX_POSITIONS,US.ON,100.0,18.83,10,4,40.0
2020-06-03,MAX_POSITIONS,US.PAYX,80.64,62.447051271,10,4,40.0
2020-06-03,MAX_POSITIONS,US.AVGO,100.0,26.982437685,10,4,40.0
2020-06-03,MAX_POSITIONS,US.TXN,100.0,107.573063867,10,4,40.0
2020-06-05,MAX_POSITIONS,US.HON,93.87,143.639017467,10,4,40.0
2020-06-05,MAX_POSITIONS,US.SPY,99.25,292.793481673,10,4,40.0
2020-06-05,MAX_POSITIONS,US.ON,92.57,20.16,10,4,40.0
2020-06-05,MAX_POSITIONS,US.LRCX,88.07,28.525009997,10,4,40.0
2020-06-05,MAX_POSITIONS,US.LIN,100.0,200.594569461,10,4,40.0
2020-06-05,MAX_POSITIONS,US.PAYX,100.0,66.838968502,10,4,40.0
2020-06-05,MAX_POSITIONS,US.CTAS,100.0,67.366563988,10,4,40.0
2020-06-05,MAX_POSITIONS,US.PCAR,100.0,42.247583814,10,4,40.0
2020-06-05,MAX_POSITIONS,US.ALGN,100.0,288.21,10,4,40.0
2020-06-05,MAX_POSITIONS,US.ADP,100.0,139.56738724,10,4,40.0
2020-06-05,MAX_POSITIONS,US.FANG,100.0,41.181365098,10,4,40.0
2020-06-08,MAX_POSITIONS,US.FANG,100.0,47.183858651,10,4,40.0
2020-06-08,MAX_POSITIONS,US.BKR,91.11,16.287308997,10,4,40.0
2020-06-08,MAX_POSITIONS,US.MDLZ,87.25,45.726850223,10,4,40.0
2020-06-10,MAX_POSITIONS,US.MSFT,100.0,187.095146838,10,4,40.0
2020-06-19,MAX_POSITIONS,US.AMGN,100.0,198.322699351,10,4,40.0
2020-06-19,MAX_POSITIONS,US.REGN,83.84,638.645156749,10,4,40.0
2020-06-22,MAX_POSITIONS,US.ADBE,87.23,438.64,10,4,40.0
2020-07-01,MAX_POSITIONS,US.AMGN,100.0,211.965174103,10,4,40.0
2020-07-02,MAX_POSITIONS,US.FAST,81.93,18.938482092,10,4,40.0
2020-07-06,MAX_POSITIONS,US.ASML,100.0,362.804066124,10,4,40.0
2020-07-06,MAX_POSITIONS,US.KLAC,90.55,19.084976126,10,4,40.0
2020-07-07,MAX_POSITIONS,US.COST,91.67,289.571395473,10,4,40.0
2020-07-08,MAX_POSITIONS,US.MRVL,92.04,36.658426486,10,4,40.0
2020-07-08,MAX_POSITIONS,US.OKTA,81.35,219.78,10,4,40.0
2020-07-08,MAX_POSITIONS,US.CRWD,93.7,28.6375,10,4,40.0
2020-07-09,MAX_POSITIONS,US.ZS,100.0,127.41,10,4,40.0
2020-07-09,MAX_POSITIONS,US.COST,100.0,298.09655024,10,4,40.0
2020-07-09,MAX_POSITIONS,US.NVDA,93.75,10.46054216,10,4,40.0
2020-07-09,MAX_POSITIONS,US.PANW,90.8,41.429585451,10,4,40.0
2020-07-14,MAX_POSITIONS,US.ALGN,96.2,299.62,10,4,40.0
2020-07-15,MAX_POSITIONS,US.ISRG,81.53,202.597974,10,4,40.0
2020-07-15,MAX_POSITIONS,US.ALGN,100.0,314.3,10,4,40.0
2020-07-15,MAX_POSITIONS,US.BKNG,94.56,70.476534725,10,4,40.0
2020-07-17,MAX_POSITIONS,US.MNST,84.29,37.11,10,3,30.0
2020-07-20,MAX_POSITIONS,US.VRSK,81.36,174.462806013,10,3,30.0
2020-07-20,MAX_POSITIONS,US.IDXX,90.87,361.0,10,3,30.0
2020-07-21,MAX_POSITIONS,US.PCAR,100.0,45.3423074,10,3,30.0
2020-07-22,MAX_POSITIONS,US.XEL,94.2,56.756703938,10,3,30.0
2020-07-23,MAX_POSITIONS,US.CTAS,100.0,71.24866511,10,3,30.0
2020-07-27,MAX_POSITIONS,US.KDP,100.0,26.627037937,10,3,30.0
2020-07-29,MAX_POSITIONS,US.MDLZ,82.45,48.698130786,10,3,30.0
2020-07-29,MAX_POSITIONS,US.VRSK,82.26,180.275030553,10,3,30.0
2020-07-30,MAX_POSITIONS,US.ORLY,100.0,32.034666826,10,3,30.0
2020-07-30,MAX_POSITIONS,US.QCOM,100.0,94.364752623,10,3,30.0
2020-07-30,MAX_POSITIONS,US.LRCX,91.33,35.54616086,10,3,30.0
2020-07-31,MAX_POSITIONS,US.TTWO,85.58,164.02,10,3,30.0
2020-07-31,MAX_POSITIONS,US.IDXX,100.0,397.75,10,3,30.0
2020-08-03,MAX_POSITIONS,US.CDNS,91.26,111.77,10,3,30.0
2020-08-03,MAX_POSITIONS,US.TTWO,86.52,167.685,10,3,30.0
2020-08-04,MAX_POSITIONS,US.TTWO,100.0,177.52,10,3,30.0
2020-08-04,MAX_POSITIONS,US.COST,100.0,311.814509618,10,3,30.0
2020-08-04,MAX_POSITIONS,US.CPRT,100.0,24.21,10,3,30.0
2020-08-04,MAX_POSITIONS,US.EA,88.04,141.997272922,10,3,30.0
2020-08-05,MAX_POSITIONS,US.MNST,100.0,41.55,10,3,30.0
2020-08-05,MAX_POSITIONS,US.PANW,100.0,44.016226235,10,3,30.0
2020-08-07,MAX_POSITIONS,US.XEL,100.0,60.043579451,10,3,30.0
2020-08-07,MAX_POSITIONS,US.TMUS,100.0,110.059870705,10,3,30.0
2020-08-10,MAX_POSITIONS,US.ROST,99.11,87.133767473,10,3,30.0
2020-08-10,MAX_POSITIONS,US.PCAR,88.38,48.873701923,10,3,30.0
2020-08-12,MAX_POSITIONS,US.QCOM,80.24,101.935765521,10,3,30.0
2020-08-17,MAX_POSITIONS,US.ROST,87.94,91.48527548,10,3,30.0
2020-08-17,MAX_POSITIONS,US.NVDA,100.0,12.280113106,10,3,30.0
2020-08-20,MAX_POSITIONS,US.INTU,91.54,308.107986937,10,3,30.0
2020-08-20,MAX_POSITIONS,US.ADBE,88.62,478.48,10,3,30.0
2020-08-20,MAX_POSITIONS,US.SNPS,100.0,215.16,10,3,30.0
2020-08-24,MAX_POSITIONS,US.INTU,100.0,320.680286848,10,3,30.0
2020-08-24,MAX_POSITIONS,US.SPY,93.43,315.797135586,10,3,30.0
2020-08-25,MAX_POSITIONS,US.HON,93.64,148.239564478,10,3,30.0
2020-08-26,MAX_POSITIONS,US.ADBE,100.0,528.49,10,3,30.0
2020-08-26,MAX_POSITIONS,US.WDAY,100.0,213.62,10,3,30.0
2020-08-26,MAX_POSITIONS,US.GOOGL,100.0,81.483960765,10,3,30.0
2020-08-26,MAX_POSITIONS,US.GOOG,100.0,81.896934725,10,3,30.0
2020-08-26,MAX_POSITIONS,US.NFLX,100.0,54.753,10,3,30.0
2020-08-26,MAX_POSITIONS,US.SPY,98.14,320.079349165,10,3,30.0
2020-08-26,MAX_POSITIONS,US.MSFT,91.58,210.709763043,10,3,30.0
2020-08-27,MAX_POSITIONS,US.MSFT,91.71,215.883418993,10,3,30.0
2020-08-28,MAX_POSITIONS,US.WDAY,100.0,243.88,10,3,30.0
2020-08-31,MAX_POSITIONS,US.CRWD,95.83,31.4325,10,3,30.0
2020-09-01,MAX_POSITIONS,US.AVGO,100.0,31.664821189,10,3,30.0
2020-09-01,MAX_POSITIONS,US.CRWD,100.0,35.9225,10,3,30.0
2020-09-01,MAX_POSITIONS,US.ZS,100.0,159.36,10,3,30.0
2020-09-02,MAX_POSITIONS,US.NXPI,98.3,119.382096674,10,3,30.0
2020-09-02,MAX_POSITIONS,US.LIN,93.25,236.790974863,10,3,30.0
2020-09-02,MAX_POSITIONS,US.CTAS,90.68,80.50598317,10,3,30.0
2020-09-02,MAX_POSITIONS,US.NVDA,85.76,14.284619528,10,3,30.0
2020-09-02,MAX_POSITIONS,US.ALGN,87.43,324.43,10,3,30.0
2020-09-02,MAX_POSITIONS,US.MRVL,86.61,40.238355402,10,3,30.0
2020-09-02,MAX_POSITIONS,US.IDXX,89.53,406.31,10,3,30.0
2020-09-02,MAX_POSITIONS,US.SPY,100.0,329.408128424,10,3,30.0
2020-09-02,MAX_POSITIONS,US.MNST,99.95,43.265,10,3,30.0
2020-09-02,MAX_POSITIONS,US.PEP,100.0,118.754951519,10,3,30.0
2020-09-02,MAX_POSITIONS,US.AVGO,100.0,33.027269828,10,3,30.0
2020-09-02,MAX_POSITIONS,US.CDNS,100.0,117.09,10,3,30.0
2020-09-02,MAX_POSITIONS,US.ASML,100.0,375.369674969,10,3,30.0
2020-09-02,MAX_POSITIONS,US.HON,100.0,155.604149812,10,3,30.0
2020-09-02,MAX_POSITIONS,US.GOOGL,100.0,85.114765486,10,3,30.0
2020-09-02,MAX_POSITIONS,US.GOOG,100.0,85.658767564,10,3,30.0
2020-09-02,MAX_POSITIONS,US.COST,100.0,329.314443984,10,3,30.0
2020-09-02,MAX_POSITIONS,US.TXN,100.0,125.708809999,10,3,30.0
2020-10-08,MAX_TOTAL_EXPOSURE,US.ON,100.0,26.04,9,3,33.3
2020-10-08,MAX_TOTAL_EXPOSURE,US.EXC,100.0,22.867099153,9,3,33.3
2020-10-09,MAX_TOTAL_EXPOSURE,US.ADI,82.22,111.860474768,9,3,33.3
2020-10-09,MAX_TOTAL_EXPOSURE,US.TXN,82.82,128.493067711,9,3,33.3
2020-10-09,MAX_TOTAL_EXPOSURE,US.CDNS,83.83,111.93,9,3,33.3
2020-10-09,MAX_TOTAL_EXPOSURE,US.FTNT,89.99,25.236,9,3,33.3
2020-10-09,MAX_TOTAL_EXPOSURE,US.NXPI,100.0,128.289866235,9,3,33.3
2020-10-12,MAX_TOTAL_EXPOSURE,US.ISRG,80.51,251.8874811,9,3,33.3
2020-10-12,MAX_TOTAL_EXPOSURE,US.VRSK,82.7,185.450255653,9,3,33.3
2020-10-12,MAX_TOTAL_EXPOSURE,US.KDP,85.26,25.769435329,9,3,33.3
2020-10-12,MAX_TOTAL_EXPOSURE,US.SPY,91.33,325.854353634,9,3,33.3
2020-10-12,MAX_TOTAL_EXPOSURE,US.ASML,91.59,375.900072887,9,3,33.3
2020-10-12,MAX_TOTAL_EXPOSURE,US.TXN,95.94,131.890372994,9,3,33.3
2020-10-12,MAX_TOTAL_EXPOSURE,US.INTU,92.11,338.421393527,9,3,33.3
2020-10-12,MAX_TOTAL_EXPOSURE,US.TMUS,96.94,114.822214576,9,3,33.3
2020-10-12,MAX_TOTAL_EXPOSURE,US.COST,100.0,345.483759325,9,3,33.3
2020-10-12,MAX_TOTAL_EXPOSURE,US.IDXX,100.0,419.39,9,3,33.3
2020-10-12,MAX_TOTAL_EXPOSURE,US.AMZN,100.0,172.1465,9,3,33.3
2020-10-12,MAX_TOTAL_EXPOSURE,US.CDNS,100.0,115.56,9,3,33.3
2020-10-12,MAX_TOTAL_EXPOSURE,US.AAPL,100.0,120.664723179,9,3,33.3
2020-10-12,MAX_TOTAL_EXPOSURE,US.MSFT,96.83,210.947960831,9,3,33.3
2020-10-16,MAX_TOTAL_EXPOSURE,US.TEAM,97.48,207.45,9,3,33.3
2020-11-04,MAX_POSITIONS,US.CDNS,84.73,120.99,10,5,50.0
2020-11-04,MAX_POSITIONS,US.IDXX,100.0,469.36,10,5,50.0
2020-11-04,MAX_POSITIONS,US.GOOGL,100.0,86.525258283,10,5,50.0
2020-11-04,MAX_POSITIONS,US.GOOG,100.0,86.692156426,10,5,50.0
2020-11-05,MAX_POSITIONS,US.AMAT,100.0,66.623099376,10,5,50.0
2020-11-05,MAX_POSITIONS,US.ADI,100.0,118.272974214,10,5,50.0
2020-11-05,MAX_POSITIONS,US.LRCX,100.0,37.67961406,10,5,50.0
2020-11-05,MAX_POSITIONS,US.QCOM,100.0,128.69736912,10,5,50.0
2020-11-05,MAX_POSITIONS,US.LIN,100.0,227.26401215,10,5,50.0
2020-11-05,MAX_POSITIONS,US.MELI,97.13,1437.8,10,5,50.0
2020-11-05,MAX_POSITIONS,US.SNPS,87.91,240.56,10,5,50.0
2020-11-05,MAX_POSITIONS,US.CDNS,82.78,124.07,10,5,50.0
2020-11-06,MAX_POSITIONS,US.ADI,84.3,121.084678356,10,5,50.0
2020-11-09,MAX_POSITIONS,US.CTAS,85.91,86.361159604,10,5,50.0
2020-11-09,MAX_POSITIONS,US.BKNG,100.0,82.967207374,10,5,50.0
2020-11-09,MAX_POSITIONS,US.ROST,100.0,101.554024527,10,5,50.0
2020-11-13,MAX_POSITIONS,US.CSCO,95.82,35.341120929,10,5,50.0
2020-11-16,MAX_POSITIONS,US.MU,100.0,60.331266686,10,5,50.0
2020-11-16,MAX_POSITIONS,US.PANW,100.0,46.416202221,10,5,50.0
2020-11-16,MAX_POSITIONS,US.CSCO,95.2,36.31428223,10,5,50.0
2020-11-16,MAX_POSITIONS,US.FANG,83.98,28.916090795,10,5,50.0
2020-11-17,MAX_POSITIONS,US.PANW,100.0,48.951176856,10,5,50.0
2020-11-18,MAX_POSITIONS,US.TSLA,100.0,162.2117112,10,5,50.0
2020-11-23,MAX_POSITIONS,US.MU,87.64,62.593933009,10,5,50.0
2020-11-23,MAX_POSITIONS,US.FANG,100.0,35.805089882,10,5,50.0
2020-11-24,MAX_POSITIONS,US.TSLA,100.0,185.1248154,10,5,50.0
2020-11-24,MAX_POSITIONS,US.CMCSA,100.0,41.104898469,10,5,50.0
2020-11-24,MAX_POSITIONS,US.FANG,95.87,37.937782356,10,5,50.0
2020-11-25,MAX_POSITIONS,US.SNOW,100.0,303.02,10,5,50.0
2020-11-27,MAX_POSITIONS,US.SNOW,100.0,328.79,10,5,50.0
2020-11-27,MAX_POSITIONS,US.ASML,92.65,414.595715851,10,5,50.0
2020-11-27,MAX_POSITIONS,US.TEAM,83.76,224.0,10,5,50.0
2020-12-01,MAX_POSITIONS,US.ASML,89.81,425.656923331,10,5,50.0
2020-12-01,MAX_POSITIONS,US.MU,94.88,65.422265912,10,5,50.0
2020-12-02,MAX_POSITIONS,US.LRCX,81.75,45.174813364,10,5,50.0
2020-12-03,MAX_POSITIONS,US.CRWD,84.28,40.2975,10,5,50.0
2020-12-03,MAX_POSITIONS,US.ZS,100.0,185.61,10,5,50.0
2020-12-04,MAX_POSITIONS,US.MU,100.0,71.527563834,10,5,50.0
2020-12-04,MAX_POSITIONS,US.QCOM,100.0,140.106087588,10,5,50.0
2020-12-04,MAX_POSITIONS,US.SNOW,100.0,387.7,10,5,50.0
2020-12-04,MAX_POSITIONS,US.ADI,86.02,131.159104388,10,5,50.0
2020-12-07,MAX_POSITIONS,US.TSLA,100.0,213.9178608,10,5,50.0
2020-12-07,MAX_POSITIONS,US.AVGO,96.52,37.405884078,10,5,50.0
2020-12-14,MAX_POSITIONS,US.TTWO,82.44,195.2,10,5,50.0
2020-12-16,MAX_POSITIONS,US.SNPS,84.3,248.1,10,5,50.0
2020-12-17,MAX_POSITIONS,US.WDAY,100.0,239.81,10,5,50.0
2020-12-18,MAX_POSITIONS,US.AVGO,92.65,38.949858326,10,5,50.0
2020-12-18,MAX_POSITIONS,US.TSLA,100.0,231.66435,10,5,50.0
2020-12-18,MAX_POSITIONS,US.FTNT,100.0,29.17,10,5,50.0
2020-12-18,MAX_POSITIONS,US.PANW,100.0,59.254407094,10,5,50.0
2020-12-18,MAX_POSITIONS,US.CDNS,100.0,132.02,10,5,50.0
2020-12-18,MAX_POSITIONS,US.CRWD,100.0,50.9375,10,5,50.0
2020-12-22,MAX_POSITIONS,US.ISRG,100.0,271.7472825,10,5,50.0
2020-12-22,MAX_POSITIONS,US.WDAY,100.0,257.71,10,5,50.0
2020-12-22,MAX_POSITIONS,US.ZS,81.85,206.78,10,5,50.0
2020-12-22,MAX_POSITIONS,US.CRWD,100.0,56.225,10,5,50.0
2020-12-22,MAX_POSITIONS,US.PANW,100.0,62.009379527,10,5,50.0
2020-12-22,MAX_POSITIONS,US.FTNT,100.0,30.43,10,5,50.0
2020-12-28,MAX_POSITIONS,US.VRSK,82.25,200.382368931,10,5,50.0
2020-12-28,MAX_POSITIONS,US.ROST,100.0,115.493920307,10,5,50.0
2021-01-05,MAX_POSITIONS,US.FANG,83.74,43.193058529,10,5,50.0
2021-01-06,MAX_POSITIONS,US.GILD,86.55,50.508308731,10,5,50.0
2021-01-06,MAX_POSITIONS,US.PCAR,83.16,48.873934564,10,5,50.0
2021-01-06,MAX_POSITIONS,US.LIN,81.73,247.968219684,10,5,50.0
2021-01-07,MAX_POSITIONS,US.TSLA,100.0,272.0106132,10,5,50.0
2021-01-07,MAX_POSITIONS,US.KLAC,99.81,26.291854296,10,5,50.0
2021-01-07,MAX_POSITIONS,US.ADI,98.06,141.763341209,10,5,50.0
2021-01-08,MAX_POSITIONS,US.TSLA,100.0,293.3370666,10,5,50.0
2021-01-08,MAX_POSITIONS,US.MNST,85.67,47.495,10,5,50.0
2021-01-08,MAX_POSITIONS,US.TXN,82.72,146.782007259,10,5,50.0
2021-01-12,MAX_POSITIONS,US.LRCX,91.47,50.698359143,10,5,50.0
2021-01-12,MAX_POSITIONS,US.FANG,100.0,50.597122969,10,5,50.0
2021-01-12,MAX_POSITIONS,US.ORLY,92.16,33.026666831,10,5,50.0
2021-01-14,MAX_POSITIONS,US.KLAC,88.21,28.719827037,10,5,50.0
2021-01-19,MAX_POSITIONS,US.MRVL,100.0,52.714222576,10,6,60.0
2021-01-19,MAX_POSITIONS,US.GILD,100.0,54.682683884,10,6,60.0
2021-01-20,MAX_POSITIONS,US.GOOGL,100.0,93.177273157,10,6,60.0
2021-01-20,MAX_POSITIONS,US.GOOG,100.0,93.520453003,10,6,60.0
2021-01-20,MAX_POSITIONS,US.NFLX,100.0,58.634,10,6,60.0
2021-01-21,MAX_POSITIONS,US.PCAR,100.0,54.338613882,10,6,60.0
2021-01-22,MAX_POSITIONS,US.PLTR,100.0,32.58,10,6,60.0
2021-01-25,MAX_POSITIONS,US.AAPL,82.97,138.867801102,10,6,60.0
2021-02-02,MAX_POSITIONS,US.TEAM,89.51,248.79,10,7,70.0
2021-02-03,MAX_POSITIONS,US.GOOG,100.0,102.598910461,10,6,60.0
2021-02-04,MAX_POSITIONS,US.ALGN,100.0,615.16,10,6,60.0
2021-02-04,MAX_POSITIONS,US.CSCO,95.94,40.662088992,10,6,60.0
2021-02-05,MAX_POSITIONS,US.CSCO,92.32,41.37636484,10,6,60.0
2021-02-08,MAX_POSITIONS,US.NVDA,100.0,14.380718353,10,6,60.0
2021-02-11,MAX_POSITIONS,US.INTU,96.05,394.879966517,10,6,60.0
2021-02-11,MAX_POSITIONS,US.SNPS,93.97,286.7,10,6,60.0
2021-02-11,MAX_POSITIONS,US.NVDA,84.85,15.189454795,10,6,60.0
2021-02-11,MAX_POSITIONS,US.TXN,80.83,154.626014328,10,6,60.0
2021-02-12,MAX_TOTAL_EXPOSURE,US.IDXX,94.73,544.08,9,5,55.6
2021-02-19,MAX_TOTAL_EXPOSURE,US.FTNT,90.19,34.386,9,4,44.4
2021-03-10,MAX_TOTAL_EXPOSURE,US.FTNT,85.72,36.092,9,4,44.4
2021-03-11,MAX_TOTAL_EXPOSURE,US.FTNT,100.0,37.506,9,4,44.4
2021-03-26,MAX_POSITIONS,US.ASML,100.0,595.798931666,10,4,40.0
2021-03-26,MAX_POSITIONS,US.CSCO,100.0,45.240339011,10,4,40.0
2021-03-26,MAX_POSITIONS,US.PAYX,100.0,86.151697998,10,4,40.0
2021-03-26,MAX_POSITIONS,US.FAST,100.0,22.297668345,10,4,40.0
2021-03-26,MAX_POSITIONS,US.LIN,100.0,258.115395476,10,4,40.0
2021-03-26,MAX_POSITIONS,US.TXN,97.4,162.373707714,10,4,40.0
2021-03-29,MAX_POSITIONS,US.MDLZ,83.43,52.172990037,10,4,40.0
2021-04-01,MAX_POSITIONS,US.KLAC,95.31,32.912203416,10,4,40.0
2021-04-01,MAX_POSITIONS,US.LRCX,100.0,60.566236105,10,4,40.0
2021-04-05,MAX_POSITIONS,US.MSFT,100.0,238.48099244,10,4,40.0
2021-04-05,MAX_POSITIONS,US.GOOG,100.0,110.304968033,10,4,40.0
2021-04-05,MAX_POSITIONS,US.SPY,100.0,378.554812936,10,4,40.0
2021-04-05,MAX_POSITIONS,US.EA,94.5,137.712065844,10,4,40.0
2021-04-05,MAX_POSITIONS,US.TXN,88.29,169.905708077,10,4,40.0
2021-04-05,MAX_POSITIONS,US.LRCX,82.0,62.603110931,10,4,40.0
2021-04-08,MAX_POSITIONS,US.AAPL,86.97,126.853191766,10,4,40.0
2021-04-09,MAX_TOTAL_EXPOSURE,US.AAPL,89.88,129.417307755,9,3,33.3
2021-04-09,MAX_TOTAL_EXPOSURE,US.ALGN,81.71,592.56,9,3,33.3
2021-04-09,MAX_TOTAL_EXPOSURE,US.CPRT,98.28,29.5075,9,3,33.3
2021-04-09,MAX_TOTAL_EXPOSURE,US.HON,100.0,209.614200694,9,3,33.3
2021-04-12,MAX_TOTAL_EXPOSURE,US.NVDA,100.0,15.153101449,9,3,33.3
2021-04-13,MAX_TOTAL_EXPOSURE,US.OKTA,100.0,265.32,9,3,33.3
2021-04-13,MAX_TOTAL_EXPOSURE,US.TSLA,100.0,254.1041256,9,3,33.3
2021-04-13,MAX_TOTAL_EXPOSURE,US.ZS,88.96,196.65,9,3,33.3
2021-04-15,MAX_TOTAL_EXPOSURE,US.NVDA,84.43,16.077939796,9,3,33.3
2021-04-16,MAX_TOTAL_EXPOSURE,US.MNST,100.0,49.085,9,3,33.3
2021-04-20,MAX_TOTAL_EXPOSURE,US.AEP,87.58,75.238603972,9,3,33.3
2021-04-21,MAX_TOTAL_EXPOSURE,US.ISRG,100.0,297.1236954,9,3,33.3
2021-04-28,MAX_POSITIONS,US.MDLZ,98.08,53.057573485,10,5,50.0
2021-04-28,MAX_POSITIONS,US.GOOG,86.23,117.955515028,10,5,50.0
2021-04-29,MAX_POSITIONS,US.CMCSA,91.77,44.699932687,10,5,50.0
2021-05-03,MAX_POSITIONS,US.COST,91.37,359.369012169,10,5,50.0
2021-05-05,MAX_TOTAL_EXPOSURE,US.BKR,82.15,19.910164091,9,3,33.3
2021-05-06,MAX_TOTAL_EXPOSURE,US.TMUS,100.0,132.810103776,9,3,33.3
2021-05-06,MAX_TOTAL_EXPOSURE,US.LIN,85.96,271.874211866,9,3,33.3
2021-05-07,MAX_TOTAL_EXPOSURE,US.BKR,100.0,21.698554936,9,3,33.3
2021-05-07,MAX_TOTAL_EXPOSURE,US.CMCSA,98.2,46.055196603,9,3,33.3
2021-05-17,MAX_POSITIONS,US.BKR,100.0,23.178602532,10,5,50.0
2021-05-20,MAX_POSITIONS,US.INTU,100.0,421.031999682,10,5,50.0
2021-05-20,MAX_POSITIONS,US.TTWO,100.0,185.08,10,5,50.0
2021-05-28,MAX_POSITIONS,US.NVDA,89.35,16.184795614,10,5,50.0
2021-06-02,MAX_POSITIONS,US.NVDA,83.53,16.716583891,10,5,50.0
2021-06-10,MAX_POSITIONS,US.ADBE,100.0,535.52,10,6,60.0
2021-06-10,MAX_POSITIONS,US.IDXX,100.0,580.53,10,6,60.0
2021-06-10,MAX_POSITIONS,US.CSCO,80.03,47.696861511,10,6,60.0
2021-06-14,MAX_POSITIONS,US.ADBE,100.0,556.95,10,6,60.0
2021-06-14,MAX_POSITIONS,US.AAPL,92.66,127.185632348,10,6,60.0
2021-06-14,MAX_POSITIONS,US.QCOM,80.33,123.260281795,10,6,60.0
2021-06-17,MAX_POSITIONS,US.FTNT,91.1,47.396,10,6,60.0
2021-06-17,MAX_POSITIONS,US.AMD,81.56,84.56,10,6,60.0
2021-06-22,MAX_POSITIONS,US.CRWD,91.11,64.1525,10,6,60.0
2021-06-22,MAX_POSITIONS,US.CTAS,100.0,89.370981472,10,6,60.0
2021-06-22,MAX_POSITIONS,US.COST,86.72,371.55261835,10,6,60.0
2021-06-23,MAX_POSITIONS,US.TSLA,94.71,218.8544781,10,6,60.0
2021-06-24,MAX_POSITIONS,US.TTD,100.0,75.88,10,6,60.0
2021-06-24,MAX_POSITIONS,US.TSLA,95.91,226.6044006,10,6,60.0
2021-06-28,MAX_POSITIONS,US.META,100.0,352.544123214,10,6,60.0
2021-06-28,MAX_POSITIONS,US.IDXX,84.17,631.9,10,6,60.0
2021-06-30,MAX_POSITIONS,US.AMD,100.0,93.93,10,6,60.0
2021-07-02,MAX_POSITIONS,US.SPY,100.0,405.364430797,10,5,50.0
2021-07-02,MAX_POSITIONS,US.GOOGL,100.0,124.15657175,10,5,50.0
2021-07-02,MAX_POSITIONS,US.SBUX,98.69,102.311171699,10,5,50.0
2021-07-02,MAX_POSITIONS,US.AAPL,100.0,136.426280682,10,5,50.0
2021-07-02,MAX_POSITIONS,US.MSFT,100.0,266.45979875,10,5,50.0
2021-07-06,MAX_POSITIONS,US.AAPL,95.83,138.434269666,10,5,50.0
2021-07-06,MAX_POSITIONS,US.IDXX,85.41,658.99,10,5,50.0
2021-07-07,MAX_POSITIONS,US.CTAS,90.42,92.976844036,10,5,50.0
2021-07-07,MAX_POSITIONS,US.SBUX,88.65,104.242242784,10,5,50.0
2021-07-09,MAX_POSITIONS,US.SNOW,100.0,269.49,10,5,50.0
2021-07-09,MAX_POSITIONS,US.COST,80.67,390.680690573,10,5,50.0
2021-07-13,MAX_TOTAL_EXPOSURE,US.PEP,100.0,130.562665273,9,4,44.4
2021-07-15,MAX_TOTAL_EXPOSURE,US.KDP,88.56,31.590372066,9,4,44.4
2021-07-15,MAX_TOTAL_EXPOSURE,US.HON,100.0,215.938236072,9,4,44.4
2021-07-22,MAX_TOTAL_EXPOSURE,US.FTNT,86.84,54.15,9,4,44.4
2021-07-22,MAX_TOTAL_EXPOSURE,US.CDNS,87.68,143.02,9,4,44.4
2021-07-22,MAX_TOTAL_EXPOSURE,US.ADBE,100.0,623.68,9,4,44.4
2021-07-22,MAX_TOTAL_EXPOSURE,US.SBUX,92.78,109.127763638,9,4,44.4
2021-07-23,MAX_TOTAL_EXPOSURE,US.FTNT,80.77,55.141999999,9,4,44.4
2021-07-23,MAX_TOTAL_EXPOSURE,US.MSFT,85.97,277.995353517,9,4,44.4
2021-07-23,MAX_TOTAL_EXPOSURE,US.CSCO,93.22,48.20395758,9,4,44.4
2021-07-23,MAX_TOTAL_EXPOSURE,US.COST,94.34,401.15897085,9,4,44.4
2021-07-23,MAX_TOTAL_EXPOSURE,US.IDXX,87.32,693.74,9,4,44.4
2021-07-23,MAX_TOTAL_EXPOSURE,US.SBUX,100.0,112.100011298,9,4,44.4
2021-07-23,MAX_TOTAL_EXPOSURE,US.GOOG,100.0,136.611529504,9,4,44.4
2021-07-23,MAX_TOTAL_EXPOSURE,US.GOOGL,100.0,131.8458886,9,4,44.4
2021-07-23,MAX_TOTAL_EXPOSURE,US.META,100.0,366.570946248,9,4,44.4
2021-07-23,MAX_TOTAL_EXPOSURE,US.CDNS,94.84,145.67,9,4,44.4
2021-07-28,MAX_TOTAL_EXPOSURE,US.AMD,85.9,97.93,9,4,44.4
2021-07-29,MAX_TOTAL_EXPOSURE,US.QCOM,100.0,135.540528353,9,4,44.4
2021-07-29,MAX_TOTAL_EXPOSURE,US.ALGN,100.0,676.98,9,4,44.4
2021-07-30,MAX_TOTAL_EXPOSURE,US.LIN,100.0,282.947109527,9,4,44.4
2021-07-30,MAX_TOTAL_EXPOSURE,US.KLAC,100.0,33.095021096,9,4,44.4
2021-07-30,MAX_TOTAL_EXPOSURE,US.TEAM,100.0,325.12,9,4,44.4
2021-07-30,MAX_TOTAL_EXPOSURE,US.DXCM,100.0,128.8775,9,4,44.4
2021-07-30,MAX_TOTAL_EXPOSURE,US.COST,83.91,407.881309028,9,4,44.4
2021-08-02,MAX_TOTAL_EXPOSURE,US.FTNT,97.27,56.924,9,4,44.4
2021-08-02,MAX_TOTAL_EXPOSURE,US.ON,100.0,43.64,9,4,44.4
2021-08-03,MAX_TOTAL_EXPOSURE,US.FAST,81.57,24.927839194,9,4,44.4
2021-08-03,MAX_TOTAL_EXPOSURE,US.SNOW,94.71,284.58,9,4,44.4
2021-08-03,MAX_TOTAL_EXPOSURE,US.ADP,82.87,191.254824422,9,4,44.4
2021-08-04,MAX_TOTAL_EXPOSURE,US.ASML,95.33,761.35992212,9,4,44.4
2021-08-05,MAX_TOTAL_EXPOSURE,US.DDOG,100.0,132.47,9,4,44.4
2021-08-05,MAX_TOTAL_EXPOSURE,US.MELI,100.0,1786.11,9,4,44.4
2021-08-05,MAX_TOTAL_EXPOSURE,US.COST,96.15,420.66675358,9,4,44.4
2021-08-05,MAX_TOTAL_EXPOSURE,US.ISRG,94.75,339.696603,9,4,44.4
2021-08-10,MAX_TOTAL_EXPOSURE,US.MELI,100.0,1878.53,9,4,44.4
2021-08-12,MAX_TOTAL_EXPOSURE,US.PLTR,100.0,24.89,8,3,37.5
2021-08-16,MAX_TOTAL_EXPOSURE,US.COST,91.5,429.845316966,8,3,37.5
2021-08-17,MAX_TOTAL_EXPOSURE,US.GILD,100.0,60.847824218,8,3,37.5
2021-08-19,MAX_TOTAL_EXPOSURE,US.CSCO,83.83,49.984440532,8,3,37.5
2021-08-19,MAX_TOTAL_EXPOSURE,US.SNPS,100.0,315.99,8,3,37.5
2021-08-19,MAX_TOTAL_EXPOSURE,US.NFLX,100.0,54.371,8,3,37.5
2021-08-20,MAX_TOTAL_EXPOSURE,US.MSFT,100.0,292.652482152,8,3,37.5
2021-08-20,MAX_TOTAL_EXPOSURE,US.CDNS,93.07,156.67,8,3,37.5
2021-08-20,MAX_TOTAL_EXPOSURE,US.CSCO,87.23,50.813587005,8,3,37.5
2021-08-20,MAX_TOTAL_EXPOSURE,US.APP,82.06,69.97,8,3,37.5
2021-08-23,MAX_TOTAL_EXPOSURE,US.NVDA,100.0,21.882310334,8,3,37.5
2021-08-23,MAX_TOTAL_EXPOSURE,US.GOOGL,86.4,138.810630443,8,3,37.5
2021-08-24,MAX_TOTAL_EXPOSURE,US.ZS,84.07,257.97,8,3,37.5
2021-08-24,MAX_TOTAL_EXPOSURE,US.ABNB,100.0,161.42,8,3,37.5
2021-08-24,MAX_TOTAL_EXPOSURE,US.PANW,100.0,73.644263108,8,3,37.5
2021-08-25,MAX_TOTAL_EXPOSURE,US.OKTA,92.79,260.73,8,3,37.5
2021-08-26,MAX_TOTAL_EXPOSURE,US.SNOW,100.0,305.26,8,3,37.5
2021-08-27,MAX_TOTAL_EXPOSURE,US.ASML,100.0,797.465554904,8,3,37.5
2021-08-27,MAX_TOTAL_EXPOSURE,US.WDAY,100.0,269.28,8,3,37.5
2021-08-27,MAX_TOTAL_EXPOSURE,US.GOOGL,85.39,142.738302762,8,3,37.5
2021-08-27,MAX_TOTAL_EXPOSURE,US.SNPS,80.23,331.81,8,3,37.5
2021-08-30,MAX_TOTAL_EXPOSURE,US.META,95.83,377.346321963,8,3,37.5
2021-08-31,MAX_TOTAL_EXPOSURE,US.KDP,88.4,31.292101405,8,3,37.5
2021-09-01,MAX_TOTAL_EXPOSURE,US.PDD,94.55,106.83,8,3,37.5
2021-09-02,MAX_TOTAL_EXPOSURE,US.PCAR,88.15,46.691615535,8,3,37.5
2021-09-03,MAX_TOTAL_EXPOSURE,US.TEAM,91.49,384.59,8,3,37.5
2021-09-14,MAX_TOTAL_EXPOSURE,US.ASML,87.42,850.650000631,8,3,37.5
2021-09-15,MAX_TOTAL_EXPOSURE,US.FANG,82.25,66.743762243,8,3,37.5
2021-09-16,MAX_TOTAL_EXPOSURE,US.PLTR,100.0,28.63,8,3,37.5
2021-09-16,MAX_TOTAL_EXPOSURE,US.TEAM,96.98,403.91,8,3,37.5
2021-09-23,MAX_TOTAL_EXPOSURE,US.ADI,85.94,163.524804277,8,3,37.5
2021-09-27,MAX_TOTAL_EXPOSURE,US.FANG,100.0,78.115891382,8,3,37.5
2021-09-27,MAX_TOTAL_EXPOSURE,US.TSLA,86.73,263.7840288,8,3,37.5
2021-10-06,MAX_TOTAL_EXPOSURE,US.TTWO,86.23,165.44,6,0,0.0
2021-10-07,MAX_TOTAL_EXPOSURE,US.APP,95.7,84.94,6,0,0.0
2021-10-07,MAX_TOTAL_EXPOSURE,US.TTWO,100.0,170.77,6,0,0.0
2021-10-13,MAX_TOTAL_EXPOSURE,US.DDOG,95.57,155.89,6,0,0.0
2021-10-13,MAX_TOTAL_EXPOSURE,US.KDP,84.15,31.674091519,6,0,0.0
2021-10-14,MAX_TOTAL_EXPOSURE,US.CTAS,95.81,99.617380744,6,0,0.0
2021-10-14,MAX_TOTAL_EXPOSURE,US.FAST,93.08,24.789673091,6,0,0.0
2021-10-14,MAX_TOTAL_EXPOSURE,US.PCAR,82.68,48.149511289,6,0,0.0
2021-10-15,MAX_TOTAL_EXPOSURE,US.ADP,100.0,191.711803356,6,0,0.0
2021-10-15,MAX_TOTAL_EXPOSURE,US.TSLA,100.0,281.0071899,6,0,0.0
2021-10-18,MAX_TOTAL_EXPOSURE,US.CRWD,91.14,71.3375,6,0,0.0
2021-10-18,MAX_TOTAL_EXPOSURE,US.ZS,81.93,301.31,6,0,0.0
2021-10-18,MAX_TOTAL_EXPOSURE,US.TSLA,100.0,290.0337663,6,0,0.0
2021-10-18,MAX_TOTAL_EXPOSURE,US.FTNT,93.17,65.348,6,0,0.0
2021-10-19,MAX_TOTAL_EXPOSURE,US.PAYX,90.19,105.388488278,6,0,0.0
2021-10-21,MAX_TOTAL_EXPOSURE,US.TTWO,100.0,182.06,6,0,0.0
2021-10-21,MAX_TOTAL_EXPOSURE,US.ORLY,100.0,44.216666887,6,0,0.0
2021-10-21,MAX_TOTAL_EXPOSURE,US.TSLA,84.08,297.99702,6,0,0.0
2021-10-21,MAX_TOTAL_EXPOSURE,US.CPRT,80.49,37.96,6,0,0.0
2021-10-22,MAX_TOTAL_EXPOSURE,US.INTU,99.64,572.870168234,6,0,0.0
2021-10-22,MAX_TOTAL_EXPOSURE,US.ADP,82.44,196.005470846,6,0,0.0
2021-10-22,MAX_TOTAL_EXPOSURE,US.PAYX,80.66,107.084255761,6,0,0.0
2021-10-25,MAX_TOTAL_EXPOSURE,US.INTU,93.48,584.273271108,6,0,0.0
2021-10-25,MAX_TOTAL_EXPOSURE,US.TSLA,100.0,341.616583799,6,0,0.0
2021-10-26,MAX_TOTAL_EXPOSURE,US.AVGO,100.0,48.958798735,6,0,0.0
2021-10-26,MAX_TOTAL_EXPOSURE,US.CDNS,89.18,172.93,6,0,0.0
2021-10-26,MAX_TOTAL_EXPOSURE,US.NVDA,100.0,24.636143525,6,0,0.0
2021-10-27,MAX_TOTAL_EXPOSURE,US.GOOGL,88.84,144.932347602,6,0,0.0
2021-10-27,MAX_TOTAL_EXPOSURE,US.GOOG,80.97,145.147767578,6,0,0.0
2021-10-28,MAX_TOTAL_EXPOSURE,US.REGN,86.52,620.068588564,6,0,0.0
2021-10-29,MAX_TOTAL_EXPOSURE,US.TEAM,100.0,458.13,6,0,0.0
2021-10-29,MAX_TOTAL_EXPOSURE,US.DXCM,100.0,155.8025,6,0,0.0
2021-10-29,MAX_TOTAL_EXPOSURE,US.REGN,95.83,634.697759986,6,0,0.0
2021-11-01,MAX_TOTAL_EXPOSURE,US.ON,100.0,54.99,6,0,0.0
2021-11-01,MAX_TOTAL_EXPOSURE,US.TSLA,100.0,402.8593047,6,0,0.0
2021-11-02,MAX_TOTAL_EXPOSURE,US.LIN,81.17,302.544163991,6,0,0.0
2021-11-02,MAX_TOTAL_EXPOSURE,US.NVDA,80.99,26.314634672,6,0,0.0
2021-11-02,MAX_TOTAL_EXPOSURE,US.CSCO,97.01,50.629650271,6,0,0.0
2021-11-02,MAX_TOTAL_EXPOSURE,US.ON,87.92,57.14,6,0,0.0
2021-11-03,MAX_TOTAL_EXPOSURE,US.NXPI,100.0,197.717944782,6,0,0.0
2021-11-03,MAX_TOTAL_EXPOSURE,US.QCOM,100.0,124.889507298,6,0,0.0
2021-11-03,MAX_TOTAL_EXPOSURE,US.MDLZ,100.0,54.929688586,6,0,0.0
2021-11-03,MAX_TOTAL_EXPOSURE,US.AMGN,85.5,187.791509357,6,0,0.0
2021-11-03,MAX_TOTAL_EXPOSURE,US.PEP,84.09,141.203460958,6,0,0.0
2021-11-04,MAX_TOTAL_EXPOSURE,US.SNPS,90.41,341.72,6,0,0.0
2021-11-04,MAX_TOTAL_EXPOSURE,US.VRTX,88.71,194.21,6,0,0.0
2021-11-04,MAX_TOTAL_EXPOSURE,US.ASML,94.8,816.419382348,6,0,0.0
2021-11-04,MAX_TOTAL_EXPOSURE,US.CDNS,80.08,179.56,6,0,0.0
2021-11-04,MAX_TOTAL_EXPOSURE,US.FAST,85.13,26.217622848,6,0,0.0
2021-11-04,MAX_TOTAL_EXPOSURE,US.LRCX,99.56,56.975868868,6,0,0.0
2021-11-04,MAX_TOTAL_EXPOSURE,US.AMAT,100.0,144.200608744,6,0,0.0
2021-11-04,MAX_TOTAL_EXPOSURE,US.TTWO,100.0,192.91,6,0,0.0
2021-11-04,MAX_TOTAL_EXPOSURE,US.ADBE,100.0,674.08,6,0,0.0
2021-11-04,MAX_TOTAL_EXPOSURE,US.QCOM,100.0,140.789290759,6,0,0.0
2021-11-04,MAX_TOTAL_EXPOSURE,US.KLAC,100.0,39.010576917,6,0,0.0
2021-11-04,MAX_TOTAL_EXPOSURE,US.COST,100.0,490.207580128,6,0,0.0
2021-11-04,MAX_TOTAL_EXPOSURE,US.NVDA,100.0,29.703512286,6,0,0.0
2021-11-05,MAX_TOTAL_EXPOSURE,US.PEP,83.35,142.66448277,6,0,0.0
2021-11-05,MAX_TOTAL_EXPOSURE,US.LRCX,83.96,58.121609788,6,0,0.0
2021-11-05,MAX_TOTAL_EXPOSURE,US.QCOM,85.03,147.030158686,6,0,0.0
2021-11-05,MAX_TOTAL_EXPOSURE,US.ABNB,100.0,201.62,6,0,0.0
2021-11-05,MAX_TOTAL_EXPOSURE,US.DDOG,100.0,185.51,6,0,0.0
2021-11-05,MAX_TOTAL_EXPOSURE,US.AVGO,100.0,51.256020733,6,0,0.0
2021-11-05,MAX_TOTAL_EXPOSURE,US.NXPI,90.41,205.478955961,6,0,0.0
2021-11-08,MAX_TOTAL_EXPOSURE,US.LIN,100.0,311.743235559,6,0,0.0
2021-11-08,MAX_TOTAL_EXPOSURE,US.ZS,100.0,350.17,6,0,0.0
2021-11-08,MAX_TOTAL_EXPOSURE,US.TTD,100.0,88.75,6,0,0.0
2021-11-08,MAX_TOTAL_EXPOSURE,US.ALGN,100.0,710.87,6,0,0.0
2021-11-09,MAX_TOTAL_EXPOSURE,US.TTD,100.0,97.09,6,0,0.0
2021-11-11,MAX_TOTAL_EXPOSURE,US.APP,100.0,114.85,6,0,0.0
2021-11-12,MAX_TOTAL_EXPOSURE,US.SNOW,89.0,386.5,6,0,0.0
2021-11-15,MAX_TOTAL_EXPOSURE,US.TTD,89.32,105.45,6,0,0.0
2021-11-16,MAX_TOTAL_EXPOSURE,US.QCOM,100.0,163.967080603,6,0,0.0
2021-11-16,MAX_TOTAL_EXPOSURE,US.INTU,96.12,626.162220444,6,0,0.0
2021-11-16,MAX_TOTAL_EXPOSURE,US.CDNS,94.72,186.92,6,0,0.0
2021-11-18,MAX_TOTAL_EXPOSURE,US.AMZN,100.0,184.803,6,0,0.0
2021-11-18,MAX_TOTAL_EXPOSURE,US.ZS,84.24,365.65,6,0,0.0
2021-11-19,MAX_TOTAL_EXPOSURE,US.INTU,100.0,671.328592205,6,0,0.0
2021-11-19,MAX_TOTAL_EXPOSURE,US.ADBE,83.93,688.37,6,0,0.0
2021-11-19,MAX_TOTAL_EXPOSURE,US.MU,100.0,81.091289686,6,0,0.0
2021-11-22,MAX_TOTAL_EXPOSURE,US.GILD,91.33,58.885881923,6,0,0.0
2021-11-29,MAX_TOTAL_EXPOSURE,US.LRCX,99.28,64.761007131,6,0,0.0
2021-12-01,MAX_TOTAL_EXPOSURE,US.VRTX,100.0,205.0,6,0,0.0
2021-12-07,MAX_TOTAL_EXPOSURE,US.AVGO,99.37,54.142908897,6,0,0.0
2021-12-07,MAX_TOTAL_EXPOSURE,US.FAST,93.68,28.313957633,6,0,0.0
2021-12-10,MAX_TOTAL_EXPOSURE,US.AVGO,100.0,57.928510657,6,0,0.0
2021-12-10,MAX_TOTAL_EXPOSURE,US.CSCO,85.89,52.061901745,6,0,0.0
2021-12-15,MAX_TOTAL_EXPOSURE,US.XEL,85.0,59.081480345,6,0,0.0
2021-12-15,MAX_TOTAL_EXPOSURE,US.AEP,100.0,74.115308737,6,0,0.0
2021-12-15,MAX_TOTAL_EXPOSURE,US.AMGN,97.83,190.340479915,6,0,0.0
2021-12-15,MAX_TOTAL_EXPOSURE,US.LIN,100.0,316.334116002,6,0,0.0
2021-12-15,MAX_TOTAL_EXPOSURE,US.MDLZ,100.0,57.08845883,6,0,0.0
2021-12-22,MAX_TOTAL_EXPOSURE,US.PAYX,100.0,116.0455293,6,0,0.0
2021-12-22,MAX_TOTAL_EXPOSURE,US.ISRG,100.0,362.21,6,0,0.0
2021-12-22,MAX_TOTAL_EXPOSURE,US.VRTX,88.87,222.77,6,0,0.0
2021-12-23,MAX_TOTAL_EXPOSURE,US.ADP,96.76,218.805086258,6,0,0.0
2021-12-27,MAX_TOTAL_EXPOSURE,US.AMAT,83.43,156.545655827,6,0,0.0
2021-12-27,MAX_TOTAL_EXPOSURE,US.FTNT,87.83,73.534,6,0,0.0
2021-12-27,MAX_TOTAL_EXPOSURE,US.SPY,85.87,449.062443545,6,0,0.0
2021-12-27,MAX_TOTAL_EXPOSURE,US.ON,92.31,69.78,6,0,0.0
2021-12-27,MAX_TOTAL_EXPOSURE,US.KLAC,88.91,42.082416756,6,0,0.0
2021-12-29,MAX_TOTAL_EXPOSURE,US.EXC,100.0,34.378050403,6,0,0.0
2021-12-29,MAX_TOTAL_EXPOSURE,US.ORLY,83.83,47.209333569,6,0,0.0
2022-03-17,MAX_POSITIONS,US.DXCM,82.44,113.6825,10,6,60.0
2022-03-18,MAX_POSITIONS,US.PAYX,82.45,112.11581789,10,6,60.0
2022-03-25,MAX_POSITIONS,US.EXC,93.08,39.05246213,10,8,80.0
2022-03-29,MAX_POSITIONS,US.BKNG,83.04,92.903343584,10,7,70.0
2022-03-29,MAX_POSITIONS,US.AAPL,81.82,175.180835285,10,7,70.0
2022-03-29,MAX_POSITIONS,US.PAYX,85.35,115.965888901,10,7,70.0
2022-03-29,MAX_POSITIONS,US.SPY,80.46,435.629785857,10,7,70.0
2022-03-29,MAX_POSITIONS,US.ADP,95.31,204.403003114,10,7,70.0
2022-03-29,MAX_POSITIONS,US.TXN,99.76,168.768403074,10,7,70.0
2022-03-29,MAX_POSITIONS,US.PLTR,86.54,14.2,10,7,70.0
2022-03-29,MAX_POSITIONS,US.DXCM,99.71,128.822499999,10,7,70.0
2022-03-30,MAX_POSITIONS,US.PAYX,100.0,119.780959267,10,7,70.0
2022-04-04,MAX_POSITIONS,US.INTU,87.59,490.873570061,10,7,70.0
2022-04-07,MAX_POSITIONS,US.COST,100.0,578.958319596,10,7,70.0
2022-04-07,MAX_POSITIONS,US.ORLY,100.0,48.455333575,10,7,70.0
2022-04-08,MAX_POSITIONS,US.CEG,100.0,61.92521752,10,7,70.0
2022-04-19,MAX_POSITIONS,US.ROST,82.45,102.472951864,10,7,70.0
2022-04-19,MAX_POSITIONS,US.MDLZ,87.18,58.085536161,10,7,70.0
2022-05-27,MAX_POSITIONS,US.CEG,100.0,64.579517105,10,7,70.0
2022-05-27,MAX_POSITIONS,US.KLAC,99.69,35.70993852,10,7,70.0
2022-05-27,MAX_POSITIONS,US.SNPS,90.47,322.96,10,7,70.0
2022-05-27,MAX_POSITIONS,US.LIN,83.79,306.689696817,10,7,70.0
2022-07-19,MAX_POSITIONS,US.CPRT,95.0,30.3525,10,3,30.0
2022-07-19,MAX_POSITIONS,US.NXPI,80.58,158.098234155,10,3,30.0
2022-07-20,MAX_POSITIONS,US.KLAC,81.32,34.284503422,10,3,30.0
2022-07-20,MAX_POSITIONS,US.AMZN,83.71,122.77,10,3,30.0
2022-07-20,MAX_POSITIONS,US.AMAT,84.64,98.769176118,10,3,30.0
2022-07-20,MAX_POSITIONS,US.META,91.92,181.496185804,10,3,30.0
2022-07-20,MAX_POSITIONS,US.NFLX,100.0,21.644,10,3,30.0
2022-07-20,MAX_POSITIONS,US.NXPI,90.9,163.710475642,10,3,30.0
2022-07-21,MAX_POSITIONS,US.IDXX,88.77,398.35,10,3,30.0
2022-07-21,MAX_POSITIONS,US.ASML,100.0,522.943415859,10,3,30.0
2022-07-21,MAX_POSITIONS,US.TSLA,100.0,271.7039496,10,3,30.0
2022-07-21,MAX_POSITIONS,US.INTU,83.88,423.278002331,10,3,30.0
2022-07-27,MAX_POSITIONS,US.ADP,100.0,213.672855763,10,3,30.0
2022-07-27,MAX_POSITIONS,US.SNPS,100.0,353.54,10,3,30.0
2022-07-28,MAX_POSITIONS,US.CSCO,81.94,40.963203191,10,3,30.0
2022-07-28,MAX_POSITIONS,US.MSFT,85.06,267.435833292,10,3,30.0
2022-07-28,MAX_POSITIONS,US.ADP,87.79,218.639444105,10,3,30.0
2022-07-28,MAX_POSITIONS,US.CTAS,93.81,101.216294014,10,3,30.0
2022-07-28,MAX_POSITIONS,US.PAYX,82.7,112.98130886,10,3,30.0
2022-07-28,MAX_POSITIONS,US.CEG,100.0,62.630495643,10,3,30.0
2022-07-28,MAX_POSITIONS,US.HON,100.0,179.995016923,10,3,30.0
2022-07-28,MAX_POSITIONS,US.KDP,100.0,34.480095573,10,3,30.0
2022-07-28,MAX_POSITIONS,US.CDNS,94.68,183.62,10,3,30.0
2022-07-29,MAX_POSITIONS,US.AMZN,100.0,134.95,10,3,30.0
2022-07-29,MAX_POSITIONS,US.TSLA,100.0,297.1470285,10,3,30.0
2022-07-29,MAX_POSITIONS,US.KLAC,88.84,36.890106445,10,3,30.0
2022-07-29,MAX_POSITIONS,US.ON,82.98,66.78,10,3,30.0
2022-08-02,MAX_POSITIONS,US.ISRG,87.88,238.48,10,3,30.0
2022-08-03,MAX_POSITIONS,US.LRCX,82.38,50.369263551,10,3,30.0
2022-08-03,MAX_POSITIONS,US.MELI,92.98,890.87,10,3,30.0
2022-08-03,MAX_POSITIONS,US.VRSK,100.0,192.017048418,10,3,30.0
2022-08-03,MAX_POSITIONS,US.SBUX,85.91,79.249962488,10,3,30.0
2022-08-04,MAX_POSITIONS,US.MELI,100.0,1034.83,10,3,30.0
2022-08-05,MAX_POSITIONS,US.CEG,100.0,72.045917731,10,3,30.0
2022-08-10,MAX_POSITIONS,US.TTD,100.0,74.24,10,4,40.0
2022-08-12,MAX_POSITIONS,US.AEP,81.15,90.35213204,10,4,40.0
2022-08-15,MAX_POSITIONS,US.GILD,100.0,57.717291236,10,4,40.0
2022-08-15,MAX_POSITIONS,US.PAYX,95.41,122.422534428,10,4,40.0
2022-08-25,MAX_POSITIONS,US.PDD,100.0,59.83,10,3,30.0
2022-10-24,MAX_POSITIONS,US.ORLY,100.0,51.230666922,10,5,50.0
2022-10-24,MAX_POSITIONS,US.HON,84.18,177.531294725,10,5,50.0
2022-10-24,MAX_POSITIONS,US.VRTX,82.63,310.5,10,5,50.0
2022-10-27,MAX_POSITIONS,US.CEG,100.0,90.379048835,10,4,40.0
2022-10-27,MAX_POSITIONS,US.ORLY,100.0,54.214666937,10,4,40.0
2022-10-27,MAX_POSITIONS,US.HON,81.66,186.640578387,10,4,40.0
2022-10-28,MAX_POSITIONS,US.ORLY,93.85,55.753333612,10,4,40.0
2022-10-28,MAX_POSITIONS,US.CTAS,98.65,103.32913636,10,4,40.0
2022-10-28,MAX_POSITIONS,US.MDLZ,87.05,55.640906984,10,4,40.0
2022-10-28,MAX_POSITIONS,US.TMUS,100.0,144.40038645,10,4,40.0
2022-10-28,MAX_POSITIONS,US.HON,100.0,194.657507908,10,4,40.0
2022-11-01,MAX_POSITIONS,US.IDXX,100.0,394.93,10,4,40.0
2022-11-07,MAX_POSITIONS,US.LRCX,82.44,41.917965816,10,4,40.0
2022-11-10,MAX_POSITIONS,US.CTAS,84.7,107.405374623,10,4,40.0
2022-11-10,MAX_POSITIONS,US.MU,98.24,59.246277225,10,4,40.0
2022-11-10,MAX_POSITIONS,US.AEP,89.5,80.672429125,10,4,40.0
2022-11-10,MAX_POSITIONS,US.ADI,90.34,150.676845576,10,4,40.0
2022-11-10,MAX_POSITIONS,US.TXN,94.4,157.668950404,10,4,40.0
2022-11-10,MAX_POSITIONS,US.IDXX,95.0,416.06,10,4,40.0
2022-11-10,MAX_POSITIONS,US.ADP,95.15,233.704785993,10,4,40.0
2022-11-10,MAX_POSITIONS,US.AMD,95.25,68.47,10,4,40.0
2022-11-10,MAX_POSITIONS,US.SBUX,96.65,88.417085105,10,4,40.0
2022-11-10,MAX_POSITIONS,US.XEL,98.47,60.982188246,10,4,40.0
2022-11-10,MAX_POSITIONS,US.NVDA,100.0,15.711061432,10,4,40.0
2022-11-10,MAX_POSITIONS,US.LIN,100.0,310.338021168,10,4,40.0
2022-11-10,MAX_POSITIONS,US.CPRT,100.0,30.23,10,4,40.0
2022-11-10,MAX_POSITIONS,US.ASML,100.0,543.731946419,10,4,40.0
2022-11-10,MAX_POSITIONS,US.ON,100.0,72.79,10,4,40.0
2022-11-10,MAX_POSITIONS,US.SNPS,100.0,318.76,10,4,40.0
2022-11-10,MAX_POSITIONS,US.KLAC,100.0,35.543426292,10,4,40.0
2022-11-10,MAX_POSITIONS,US.LRCX,100.0,46.778857822,10,4,40.0
2022-11-10,MAX_POSITIONS,US.AMAT,100.0,101.501418498,10,4,40.0
2022-11-10,MAX_POSITIONS,US.AVGO,100.0,47.856726124,10,4,40.0
2022-11-10,MAX_POSITIONS,US.FAST,98.88,23.798055538,10,4,40.0
2022-11-11,MAX_POSITIONS,US.LRCX,80.51,48.263916224,10,4,40.0
2022-11-11,MAX_POSITIONS,US.CDNS,82.17,166.9,10,4,40.0
2022-11-11,MAX_POSITIONS,US.KLAC,86.19,36.697803423,10,4,40.0
2022-11-11,MAX_POSITIONS,US.BKNG,87.48,78.953663233,10,4,40.0
2022-11-11,MAX_POSITIONS,US.ADBE,88.2,341.15,10,4,40.0
2022-11-11,MAX_POSITIONS,US.TXN,85.99,162.001258847,10,4,40.0
2022-11-11,MAX_POSITIONS,US.AMD,94.86,72.37,10,4,40.0
2022-11-11,MAX_POSITIONS,US.SNPS,99.06,331.4,10,4,40.0
2022-11-11,MAX_POSITIONS,US.IDXX,100.0,441.27,10,4,40.0
2022-11-11,MAX_POSITIONS,US.AMAT,100.0,107.061282437,10,4,40.0
2022-11-11,MAX_POSITIONS,US.MU,89.84,61.4580596,10,4,40.0
2022-11-18,MAX_POSITIONS,US.CSCO,86.55,43.310287121,10,4,40.0
2022-11-30,MAX_POSITIONS,US.EXC,100.0,36.332835837,10,4,40.0
2022-11-30,MAX_POSITIONS,US.MSFT,94.62,248.07755309,10,4,40.0
2022-11-30,MAX_POSITIONS,US.SBUX,90.11,93.873115497,10,4,40.0
2022-11-30,MAX_POSITIONS,US.CMCSA,80.72,30.068849653,10,4,40.0
2022-12-01,MAX_POSITIONS,US.CDNS,89.36,176.78,10,4,40.0
2022-12-01,MAX_POSITIONS,US.SNPS,100.0,357.84,10,4,40.0
2022-12-01,MAX_POSITIONS,US.OKTA,100.0,67.43,10,4,40.0
2023-01-17,MAX_POSITIONS,US.CDNS,83.39,172.97,10,4,40.0
2023-01-20,MAX_POSITIONS,US.GOOGL,100.0,97.158471637,10,4,40.0
2023-01-20,MAX_POSITIONS,US.GOOG,100.0,98.412324271,10,4,40.0
2023-01-23,MAX_POSITIONS,US.CDNS,92.95,183.41,10,4,40.0
2023-01-23,MAX_POSITIONS,US.META,81.92,142.022822328,10,4,40.0
2023-01-23,MAX_POSITIONS,US.ZS,85.0,123.76,10,4,40.0
2023-01-23,MAX_POSITIONS,US.ON,85.1,70.8,10,4,40.0
2023-01-23,MAX_POSITIONS,US.ADBE,80.36,364.98,10,4,40.0
2023-01-23,MAX_POSITIONS,US.CMCSA,94.79,33.29670641,10,4,40.0
2023-01-23,MAX_POSITIONS,US.QCOM,100.0,121.178846852,10,4,40.0
2023-01-23,MAX_POSITIONS,US.NFLX,100.0,35.742,10,4,40.0
2023-01-23,MAX_POSITIONS,US.MU,100.0,60.908240744,10,4,40.0
2023-01-23,MAX_POSITIONS,US.AMD,100.0,76.53,10,4,40.0
2023-01-23,MAX_POSITIONS,US.NVDA,100.0,19.150447391,10,4,40.0
2023-01-23,MAX_POSITIONS,US.APP,100.0,11.98,10,4,40.0
2023-01-24,MAX_POSITIONS,US.PCAR,100.0,65.85689135,10,4,40.0
2023-01-26,MAX_POSITIONS,US.NXPI,85.99,168.724913329,10,4,40.0
2023-01-26,MAX_POSITIONS,US.VRTX,92.92,321.02,10,4,40.0
2023-01-26,MAX_POSITIONS,US.ABNB,85.98,109.42,10,4,40.0
2023-01-26,MAX_POSITIONS,US.TSLA,100.0,160.27,10,4,40.0
2023-01-26,MAX_POSITIONS,US.PDD,100.0,104.66,10,4,40.0
2023-01-27,MAX_POSITIONS,US.TSLA,100.0,177.9,10,4,40.0
2023-01-27,MAX_POSITIONS,US.ABNB,100.0,115.94,10,4,40.0
2023-01-27,MAX_POSITIONS,US.META,94.63,150.41909025,10,4,40.0
2023-01-27,MAX_POSITIONS,US.SNOW,87.68,159.36,10,4,40.0
2023-01-27,MAX_POSITIONS,US.AMZN,86.81,102.24,10,4,40.0
2023-02-01,MAX_POSITIONS,US.DDOG,93.32,82.7,10,4,40.0
2023-02-01,MAX_POSITIONS,US.SNPS,84.63,367.05,10,4,40.0
2023-02-01,MAX_POSITIONS,US.AMAT,85.3,115.555843168,10,4,40.0
2023-02-01,MAX_POSITIONS,US.QCOM,89.97,128.050241434,10,4,40.0
2023-02-01,MAX_POSITIONS,US.APP,92.48,13.36,10,4,40.0
2023-02-01,MAX_POSITIONS,US.ADBE,98.65,383.92,10,4,40.0
2023-02-01,MAX_POSITIONS,US.AMD,100.0,84.64,10,4,40.0
2023-02-01,MAX_POSITIONS,US.ALGN,100.0,282.53,10,4,40.0
2023-02-01,MAX_POSITIONS,US.ON,100.0,77.84,10,4,40.0
2023-02-01,MAX_POSITIONS,US.NXPI,100.0,181.77152367,10,4,40.0
2023-02-01,MAX_POSITIONS,US.LRCX,100.0,51.291604911,10,4,40.0
2023-02-01,MAX_POSITIONS,US.ADI,100.0,166.655085096,10,4,40.0
2023-02-01,MAX_POSITIONS,US.FAST,100.0,23.97783825,10,4,40.0
2023-02-02,MAX_POSITIONS,US.FAST,100.0,25.544020748,10,4,40.0
2023-02-02,MAX_POSITIONS,US.APP,100.0,14.19,10,4,40.0
2023-02-02,MAX_POSITIONS,US.ALGN,100.0,359.88,10,4,40.0
2023-02-02,MAX_POSITIONS,US.AMAT,97.45,120.6534667,10,4,40.0
2023-02-02,MAX_POSITIONS,US.TTD,100.0,57.01,10,4,40.0
2023-02-02,MAX_POSITIONS,US.DDOG,94.26,86.97,10,4,40.0
2023-02-02,MAX_POSITIONS,US.CRWD,87.97,28.9825,10,4,40.0
2023-02-02,MAX_POSITIONS,US.AMD,83.59,88.31,10,4,40.0
2023-02-02,MAX_POSITIONS,US.AAPL,95.18,148.302974672,10,4,40.0
2023-02-02,MAX_POSITIONS,US.GOOG,100.0,107.849122489,10,4,40.0
2023-02-02,MAX_POSITIONS,US.INTU,97.06,442.003119068,10,4,40.0
2023-02-02,MAX_POSITIONS,US.META,100.0,187.126740915,10,4,40.0
2023-02-02,MAX_POSITIONS,US.MRVL,100.0,48.201841939,10,4,40.0
2023-02-02,MAX_POSITIONS,US.ON,100.0,82.12,10,4,40.0
2023-02-02,MAX_POSITIONS,US.ZS,100.0,141.35,10,4,40.0
2023-02-02,MAX_POSITIONS,US.GOOGL,100.0,106.793039525,10,4,40.0
2023-02-02,MAX_POSITIONS,US.MSFT,100.0,257.275693924,10,4,40.0
2023-02-02,MAX_POSITIONS,US.SNOW,100.0,178.05,10,4,40.0
2023-02-02,MAX_POSITIONS,US.OKTA,100.0,81.27,10,4,40.0
2023-02-02,MAX_POSITIONS,US.AMZN,100.0,112.91,10,4,40.0
2023-02-02,MAX_POSITIONS,US.TEAM,100.0,182.41,10,4,40.0
2023-02-03,MAX_POSITIONS,US.REGN,100.0,776.714780726,10,4,40.0
2023-02-03,MAX_POSITIONS,US.AAPL,85.1,151.921559388,10,4,40.0
2023-02-08,MAX_POSITIONS,US.FTNT,100.0,59.64,10,4,40.0
2023-02-09,MAX_POSITIONS,US.APP,100.0,16.11,10,4,40.0
2023-02-14,MAX_POSITIONS,US.CDNS,100.0,199.09,10,4,40.0
2023-02-15,MAX_POSITIONS,US.ABNB,100.0,137.01,10,4,40.0
2023-02-15,MAX_POSITIONS,US.TTD,100.0,66.3,10,4,40.0
2023-02-15,MAX_POSITIONS,US.PLTR,100.0,10.11,10,4,40.0
2023-02-16,MAX_POSITIONS,US.CSCO,100.0,46.579543515,10,4,40.0
2023-03-16,MAX_POSITIONS,US.GOOGL,90.98,99.43825622,10,4,40.0
2023-03-16,MAX_POSITIONS,US.MSFT,85.92,269.227246206,10,4,40.0
2023-03-16,MAX_POSITIONS,US.GOOG,100.0,100.186680239,10,4,40.0
2023-03-21,MAX_POSITIONS,US.ADBE,90.71,374.22,10,4,40.0
2023-03-21,MAX_POSITIONS,US.GOOG,84.81,104.914991951,10,4,40.0
2023-03-23,MAX_POSITIONS,US.REGN,91.0,795.588891381,10,4,40.0
2023-03-24,MAX_POSITIONS,US.EA,100.0,117.101911351,10,4,40.0
2023-03-24,MAX_POSITIONS,US.VRTX,100.0,314.39,10,4,40.0
2023-03-24,MAX_POSITIONS,US.ISRG,100.0,256.42,10,4,40.0
2023-03-29,MAX_POSITIONS,US.CTAS,100.0,112.974507732,10,4,40.0
2023-03-29,MAX_POSITIONS,US.PAYX,93.09,104.228180158,10,4,40.0
2023-03-29,MAX_POSITIONS,US.MU,85.88,62.602873129,10,4,40.0
2023-03-30,MAX_POSITIONS,US.GEHC,100.0,81.699548645,10,4,40.0
2023-03-31,MAX_POSITIONS,US.TSLA,82.57,207.46,10,4,40.0
2023-03-31,MAX_POSITIONS,US.AAPL,82.76,162.395565254,10,4,40.0
2023-03-31,MAX_POSITIONS,US.SNOW,100.0,154.29,10,4,40.0
2023-03-31,MAX_POSITIONS,US.MNST,100.0,54.01,10,4,40.0
2023-04-03,MAX_POSITIONS,US.ORLY,100.0,57.863333622,10,4,40.0
2023-04-04,MAX_POSITIONS,US.EA,100.0,123.211319647,10,4,40.0
2023-04-05,MAX_POSITIONS,US.MDLZ,80.89,65.117690358,10,4,40.0
2023-04-05,MAX_POSITIONS,US.XEL,100.0,63.693398333,10,4,40.0
2023-04-05,MAX_POSITIONS,US.TMUS,96.24,142.602553824,10,4,40.0
2023-04-13,MAX_POSITIONS,US.VRTX,94.83,333.35,10,3,30.0
2023-04-19,MAX_POSITIONS,US.DXCM,100.0,124.12,10,3,30.0
2023-04-19,MAX_POSITIONS,US.GEHC,98.38,85.290191092,10,3,30.0
2023-04-21,MAX_POSITIONS,US.GILD,100.0,77.68734759,10,3,30.0
2023-04-24,MAX_POSITIONS,US.TTWO,94.57,127.79,10,3,30.0
2023-04-25,MAX_POSITIONS,US.MDLZ,80.19,66.120904075,10,2,20.0
2023-04-27,MAX_POSITIONS,US.MDLZ,100.0,67.324760535,10,2,20.0
2023-04-27,MAX_POSITIONS,US.CMCSA,100.0,33.561033141,10,2,20.0
2023-04-27,MAX_POSITIONS,US.MNST,81.86,55.28,10,2,20.0
2023-04-28,MAX_POSITIONS,US.MDLZ,100.0,69.969596698,10,2,20.0
2023-04-28,MAX_POSITIONS,US.CMCSA,100.0,34.477773555,10,2,20.0
2023-04-28,MAX_POSITIONS,US.SBUX,86.44,105.504097969,10,2,20.0
2023-04-28,MAX_POSITIONS,US.MNST,82.8,56.0,10,2,20.0
2023-05-01,MAX_POSITIONS,US.MNST,85.94,56.84,10,2,20.0
2023-05-03,MAX_POSITIONS,US.VRSK,100.0,199.467744693,10,2,20.0
2023-05-05,MAX_POSITIONS,US.AAPL,87.47,170.933888788,10,2,20.0
2023-05-09,MAX_POSITIONS,US.PLTR,100.0,9.55,10,1,10.0
2023-05-10,MAX_POSITIONS,US.SNOW,100.0,172.04,10,1,10.0
2023-05-11,MAX_POSITIONS,US.GOOGL,100.0,115.5454299,10,1,10.0
2023-05-11,MAX_POSITIONS,US.GOOG,100.0,115.878331057,10,1,10.0
2023-05-11,MAX_POSITIONS,US.APP,100.0,22.0,10,1,10.0
2023-05-15,MAX_POSITIONS,US.AMAT,100.0,117.870290423,10,1,10.0
2023-05-15,MAX_POSITIONS,US.LRCX,100.0,53.61450304,10,1,10.0
2023-05-15,MAX_POSITIONS,US.KLAC,100.0,39.396402031,10,1,10.0
2023-05-17,MAX_POSITIONS,US.ASML,81.51,653.421964711,10,1,10.0
2023-05-17,MAX_POSITIONS,US.AVGO,88.05,63.081602813,10,1,10.0
2023-05-17,MAX_POSITIONS,US.AMAT,88.13,122.337507276,10,1,10.0
2023-05-17,MAX_POSITIONS,US.MRVL,95.14,43.154988102,10,1,10.0
2023-05-17,MAX_POSITIONS,US.APP,100.0,24.38,10,1,10.0
2023-05-18,MAX_POSITIONS,US.KLAC,80.69,41.782024297,10,1,10.0
2023-05-18,MAX_POSITIONS,US.ADI,82.4,182.287920035,10,1,10.0
2023-05-18,MAX_POSITIONS,US.AMZN,83.41,118.15,10,1,10.0
2023-05-18,MAX_POSITIONS,US.BKNG,89.34,108.925402392,10,1,10.0
2023-05-18,MAX_POSITIONS,US.AMD,92.65,107.93,10,1,10.0
2023-05-18,MAX_POSITIONS,US.PLTR,100.0,11.74,10,1,10.0
2023-05-18,MAX_POSITIONS,US.NFLX,100.0,37.129,10,1,10.0
2023-05-18,MAX_POSITIONS,US.TTWO,100.0,139.63,10,1,10.0
2023-05-18,MAX_POSITIONS,US.ASML,100.0,678.204247429,10,1,10.0
2023-05-18,MAX_POSITIONS,US.SNPS,100.0,409.71,10,1,10.0
2023-05-18,MAX_POSITIONS,US.LRCX,100.0,58.1258217,10,1,10.0
2023-05-18,MAX_POSITIONS,US.MU,100.0,66.707975319,10,1,10.0
2023-05-18,MAX_POSITIONS,US.AMAT,100.0,126.444621681,10,1,10.0
2023-05-18,MAX_POSITIONS,US.AVGO,100.0,65.041779164,10,1,10.0
2023-05-18,MAX_POSITIONS,US.SNOW,100.0,184.31,10,1,10.0
2023-05-19,MAX_POSITIONS,US.CSCO,100.0,45.217548908,10,1,10.0
2023-05-22,MAX_POSITIONS,US.OKTA,99.62,85.44,10,1,10.0
2023-05-22,MAX_POSITIONS,US.TSLA,98.99,188.87,10,1,10.0
2023-05-25,MAX_POSITIONS,US.ADBE,100.0,392.06,10,1,10.0
2023-05-25,MAX_POSITIONS,US.MRVL,100.0,48.976307901,10,1,10.0
2023-05-25,MAX_POSITIONS,US.AMD,100.0,120.35,10,1,10.0
2023-05-25,MAX_POSITIONS,US.AVGO,100.0,69.925429495,10,1,10.0
2023-05-25,MAX_POSITIONS,US.SNPS,100.0,434.2,10,1,10.0
2023-05-26,MAX_POSITIONS,US.TXN,100.0,161.480702842,10,1,10.0
2023-05-26,MAX_POSITIONS,US.WDAY,100.0,216.07,10,1,10.0
2023-05-26,MAX_POSITIONS,US.ADBE,100.0,415.39,10,1,10.0
2023-05-26,MAX_POSITIONS,US.MRVL,100.0,64.8562347,10,1,10.0
2023-05-26,MAX_POSITIONS,US.KLAC,100.0,44.96220404,10,1,10.0
2023-05-26,MAX_POSITIONS,US.ASML,100.0,717.185423549,10,1,10.0
2023-05-26,MAX_POSITIONS,US.MU,100.0,72.986837581,10,1,10.0
2023-05-26,MAX_POSITIONS,US.AMAT,100.0,132.761638106,10,1,10.0
2023-05-26,MAX_POSITIONS,US.AMD,100.0,127.03,10,1,10.0
2023-05-26,MAX_POSITIONS,US.AVGO,100.0,77.978175512,10,1,10.0
2023-05-26,MAX_POSITIONS,US.LRCX,100.0,60.990659523,10,1,10.0
2023-05-30,MAX_POSITIONS,US.SNPS,100.0,464.83,10,1,10.0
2023-05-30,MAX_POSITIONS,US.NFLX,80.91,39.298,10,1,10.0
2023-05-31,MAX_POSITIONS,US.TEAM,100.0,180.79,10,1,10.0
2023-06-01,MAX_POSITIONS,US.CEG,100.0,87.088104185,10,1,10.0
2023-06-01,MAX_POSITIONS,US.TTD,100.0,73.26,10,1,10.0
2023-06-02,MAX_POSITIONS,US.BKR,89.0,27.716537736,10,1,10.0
2023-06-02,MAX_POSITIONS,US.ZS,85.3,142.39,10,1,10.0
2023-06-02,MAX_POSITIONS,US.SPY,100.0,410.732181968,10,1,10.0
2023-06-06,MAX_POSITIONS,US.GEHC,89.02,82.516513673,10,1,10.0
2023-06-07,MAX_POSITIONS,US.PCAR,81.51,68.223885064,10,1,10.0
2023-06-08,MAX_POSITIONS,US.CEG,81.35,90.439154098,10,1,10.0
2023-06-09,MAX_POSITIONS,US.TSLA,99.56,244.4,10,1,10.0
2023-06-09,MAX_POSITIONS,US.ADBE,96.29,454.0,10,1,10.0
2023-06-13,MAX_POSITIONS,US.NXPI,100.0,186.185179426,10,1,10.0
2023-06-13,MAX_POSITIONS,US.ALGN,100.0,322.02,10,1,10.0
2023-06-13,MAX_POSITIONS,US.PCAR,93.08,71.169896114,10,1,10.0
2023-06-13,MAX_POSITIONS,US.NFLX,84.56,43.573,10,1,10.0
2023-06-15,MAX_POSITIONS,US.SPY,85.29,424.822545661,10,1,10.0
2023-06-15,MAX_POSITIONS,US.WDAY,90.43,224.31,10,1,10.0
2023-06-15,MAX_POSITIONS,US.FTNT,96.11,73.59,10,1,10.0
2023-06-15,MAX_POSITIONS,US.CSCO,93.97,47.794571846,10,1,10.0
2023-06-20,MAX_POSITIONS,US.TSLA,100.0,274.45,10,1,10.0
2023-06-27,MAX_POSITIONS,US.AMAT,100.0,142.997339882,10,1,10.0
2023-06-27,MAX_POSITIONS,US.TTWO,81.53,146.34,10,1,10.0
2023-06-29,MAX_POSITIONS,US.PCAR,100.0,73.972636109,10,1,10.0
2023-06-30,MAX_POSITIONS,US.NXPI,82.33,193.995024053,10,1,10.0
2023-06-30,MAX_POSITIONS,US.AAPL,100.0,191.288287355,10,1,10.0
2023-06-30,MAX_POSITIONS,US.ROST,100.0,108.789094274,10,1,10.0
2023-06-30,MAX_POSITIONS,US.COST,80.64,517.243971083,10,1,10.0
2023-07-07,MAX_POSITIONS,US.BKR,100.0,31.024157013,10,1,10.0
2023-07-11,MAX_POSITIONS,US.BKR,85.82,31.88619943,10,0,0.0
2023-07-11,MAX_POSITIONS,US.FANG,86.45,122.8479309,10,0,0.0
2023-07-11,MAX_POSITIONS,US.EA,100.0,135.308230623,10,0,0.0
2023-07-11,MAX_POSITIONS,US.TTD,100.0,82.69,10,0,0.0
2023-07-11,MAX_POSITIONS,US.APP,89.72,28.09,10,0,0.0
2023-07-12,MAX_POSITIONS,US.INTU,88.24,467.766224991,10,0,0.0
2023-07-13,MAX_POSITIONS,US.ON,100.0,102.04,10,0,0.0
2023-07-13,MAX_POSITIONS,US.ALGN,87.0,367.56,10,0,0.0
2023-07-13,MAX_POSITIONS,US.AMZN,86.39,134.3,10,0,0.0
2023-07-13,MAX_POSITIONS,US.TTD,84.76,87.01,10,0,0.0
2023-07-13,MAX_POSITIONS,US.MRVL,84.27,64.782620283,10,0,0.0
2023-07-14,MAX_POSITIONS,US.DXCM,82.69,137.32,10,0,0.0
2023-07-17,MAX_POSITIONS,US.COST,88.73,531.251581132,10,0,0.0
2023-07-17,MAX_POSITIONS,US.BKNG,100.0,115.532259282,10,0,0.0
2023-07-17,MAX_POSITIONS,US.ADP,100.0,217.818475096,10,0,0.0
2023-07-18,MAX_POSITIONS,US.NFLX,100.0,47.48,10,0,0.0
2023-07-18,MAX_POSITIONS,US.PCAR,96.12,80.070610348,10,0,0.0
2023-07-21,MAX_POSITIONS,US.VRSK,83.97,229.301503507,10,0,0.0
2023-07-26,MAX_POSITIONS,US.GOOG,80.27,128.526812702,10,0,0.0
2023-07-26,MAX_POSITIONS,US.ADP,100.0,236.206112071,10,0,0.0
2023-07-26,MAX_POSITIONS,US.PAYX,100.0,115.716354712,10,0,0.0
2023-07-27,MAX_POSITIONS,US.ALGN,90.1,385.31,10,0,0.0
2023-07-27,MAX_POSITIONS,US.CMCSA,100.0,38.060350889,10,0,0.0
2023-07-27,MAX_POSITIONS,US.KDP,100.0,30.946428062,10,0,0.0
2023-07-28,MAX_POSITIONS,US.KLAC,100.0,49.819241282,10,0,0.0
2023-07-28,MAX_POSITIONS,US.PDD,82.75,89.35,10,0,0.0
2023-07-31,MAX_POSITIONS,US.OKTA,100.0,76.86,10,0,0.0
2023-07-31,MAX_POSITIONS,US.PLTR,86.95,19.84,10,0,0.0
2023-08-03,MAX_POSITIONS,US.REGN,100.0,765.130460576,10,1,10.0
2023-08-03,MAX_POSITIONS,US.CEG,100.0,99.100932237,10,1,10.0
2023-08-04,MAX_POSITIONS,US.AMZN,81.32,139.57,10,1,10.0
2023-08-07,MAX_POSITIONS,US.BKNG,92.2,127.022189735,10,1,10.0
2023-08-10,MAX_POSITIONS,US.APP,100.0,37.2,10,2,20.0
2023-08-29,MAX_POSITIONS,US.INTU,100.0,526.281146811,10,3,30.0
2023-08-31,MAX_POSITIONS,US.OKTA,100.0,83.51,10,3,30.0
2023-08-31,MAX_POSITIONS,US.ADBE,97.86,559.34,10,3,30.0
2023-09-01,MAX_POSITIONS,US.MELI,80.73,1421.64,10,3,30.0
2023-09-11,MAX_POSITIONS,US.TSLA,100.0,273.58,10,3,30.0
2023-09-11,MAX_POSITIONS,US.DDOG,82.5,101.88,10,3,30.0
2023-09-14,MAX_POSITIONS,US.CTAS,100.0,127.778311415,10,3,30.0
2023-09-14,MAX_POSITIONS,US.EXC,88.67,37.716485661,10,3,30.0
2023-09-20,MAX_POSITIONS,US.XEL,98.76,54.633475765,10,3,30.0
2023-10-09,MAX_POSITIONS,US.PLTR,94.21,17.61,10,5,50.0
2023-10-10,MAX_POSITIONS,US.EA,100.0,126.393668749,10,5,50.0
2023-10-12,MAX_POSITIONS,US.KLAC,89.16,48.987028811,10,5,50.0
2023-10-12,MAX_POSITIONS,US.EA,80.54,129.837718592,10,5,50.0
2023-10-12,MAX_POSITIONS,US.AVGO,100.0,87.827333888,10,5,50.0
2023-10-12,MAX_POSITIONS,US.FANG,89.31,146.263089265,10,5,50.0
2023-11-02,MAX_POSITIONS,US.SBUX,100.0,93.276316699,10,5,50.0
2023-11-02,MAX_POSITIONS,US.AEP,100.0,71.655030004,10,5,50.0
2023-11-03,MAX_POSITIONS,US.GEHC,100.0,71.272076061,10,5,50.0
2023-11-03,MAX_POSITIONS,US.MNST,100.0,55.56,10,5,50.0
2023-11-03,MAX_POSITIONS,US.ROST,100.0,117.961781237,10,5,50.0
2023-11-03,MAX_POSITIONS,US.MU,82.85,71.908652564,10,5,50.0
2023-11-06,MAX_POSITIONS,US.CEG,100.0,122.542209856,10,5,50.0
2023-11-07,MAX_POSITIONS,US.DDOG,100.0,102.2,10,5,50.0
2023-11-07,MAX_POSITIONS,US.ORLY,85.45,64.974000324,10,5,50.0
2023-11-07,MAX_POSITIONS,US.ADBE,80.74,585.2,10,5,50.0
2023-11-10,MAX_POSITIONS,US.MSFT,80.28,361.889863445,10,5,50.0
2023-11-10,MAX_POSITIONS,US.ASML,82.76,647.527052344,10,5,50.0
2023-11-10,MAX_POSITIONS,US.AAPL,84.55,184.31367811,10,5,50.0
2023-11-10,MAX_POSITIONS,US.AMAT,91.72,147.346129961,10,5,50.0
2023-11-10,MAX_POSITIONS,US.CPRT,100.0,48.73,10,5,50.0
2023-11-10,MAX_POSITIONS,US.LRCX,93.51,66.926810208,10,5,50.0
2023-11-10,MAX_POSITIONS,US.AVGO,100.0,92.862664249,10,5,50.0
2023-11-10,MAX_POSITIONS,US.KLAC,92.92,52.226697017,10,5,50.0
2023-11-14,MAX_POSITIONS,US.ADI,89.64,169.979959217,10,5,50.0
2023-11-14,MAX_POSITIONS,US.KLAC,81.82,53.467361438,10,5,50.0
2023-11-14,MAX_POSITIONS,US.CPRT,81.86,49.69,10,5,50.0
2023-11-14,MAX_POSITIONS,US.ASML,82.86,661.363184164,10,5,50.0
2023-11-14,MAX_POSITIONS,US.AMAT,84.92,150.670903268,10,5,50.0
2023-11-14,MAX_POSITIONS,US.QCOM,88.33,120.172143179,10,5,50.0
2023-11-14,MAX_POSITIONS,US.SPY,100.0,433.831663217,10,5,50.0
2023-11-14,MAX_POSITIONS,US.MRVL,100.0,56.581240796,10,5,50.0
2023-11-14,MAX_POSITIONS,US.PCAR,100.0,81.699203136,10,5,50.0
2023-11-14,MAX_POSITIONS,US.COST,100.0,569.722171964,10,5,50.0
2023-11-14,MAX_POSITIONS,US.IDXX,100.0,454.25,10,5,50.0
2023-11-14,MAX_POSITIONS,US.ZS,100.0,187.09,10,5,50.0
2023-11-14,MAX_POSITIONS,US.CDNS,100.0,272.62,10,5,50.0
2023-11-14,MAX_POSITIONS,US.CTAS,100.0,133.769357424,10,5,50.0
2023-11-15,MAX_POSITIONS,US.NXPI,82.75,191.223009257,10,5,50.0
2023-11-16,MAX_POSITIONS,US.ISRG,84.02,303.95,10,5,50.0
2023-11-17,MAX_POSITIONS,US.ROST,100.0,125.326487909,10,5,50.0
2023-11-20,MAX_POSITIONS,US.PLTR,87.43,21.34,10,5,50.0
2023-11-20,MAX_POSITIONS,US.LRCX,81.69,70.219301112,10,5,50.0
2023-11-22,MAX_POSITIONS,US.ARM,88.46,61.76,10,5,50.0
2023-11-28,MAX_POSITIONS,US.PANW,97.76,138.915,10,5,50.0
2023-11-28,MAX_POSITIONS,US.PDD,100.0,139.0,10,5,50.0
2023-11-29,MAX_POSITIONS,US.ZS,80.22,199.84,10,5,50.0
2023-11-29,MAX_POSITIONS,US.PANW,100.0,144.455,10,5,50.0
2023-11-29,MAX_POSITIONS,US.WDAY,100.0,263.49,10,5,50.0
2023-11-30,MAX_POSITIONS,US.SNOW,100.0,187.68,10,5,50.0
2023-12-01,MAX_POSITIONS,US.PAYX,93.27,113.937751665,10,5,50.0
2023-12-01,MAX_POSITIONS,US.ABNB,83.18,135.02,10,5,50.0
2023-12-04,MAX_POSITIONS,US.IDXX,100.0,516.61,10,5,50.0
2023-12-08,MAX_POSITIONS,US.ARM,82.79,67.23,10,5,50.0
2023-12-11,MAX_POSITIONS,US.QCOM,86.47,129.235600243,10,5,50.0
2023-12-11,MAX_POSITIONS,US.ON,88.31,79.4,10,5,50.0
2023-12-11,MAX_POSITIONS,US.AMD,84.04,134.41,10,5,50.0
2023-12-11,MAX_POSITIONS,US.ADI,100.0,182.85036245,10,5,50.0
2023-12-11,MAX_POSITIONS,US.AVGO,100.0,99.818247715,10,5,50.0
2023-12-11,MAX_POSITIONS,US.BKNG,100.0,131.083910506,10,5,50.0
2023-12-11,MAX_POSITIONS,US.PCAR,100.0,88.240906178,10,5,50.0
2023-12-12,MAX_POSITIONS,US.LIN,100.0,413.277589455,10,4,40.0
2023-12-12,MAX_POSITIONS,US.REGN,90.04,856.684278472,10,4,40.0
2023-12-12,MAX_POSITIONS,US.OKTA,81.02,76.99,10,4,40.0
2023-12-13,MAX_POSITIONS,US.AMGN,90.37,260.950363514,10,4,40.0
2023-12-13,MAX_POSITIONS,US.VRSK,92.47,242.487771847,10,4,40.0
2023-12-13,MAX_POSITIONS,US.ROST,91.03,134.374434611,10,4,40.0
2023-12-13,MAX_POSITIONS,US.VRTX,100.0,405.07,10,4,40.0
2023-12-13,MAX_POSITIONS,US.ALGN,85.91,231.36,10,4,40.0
2023-12-13,MAX_POSITIONS,US.PAYX,83.86,117.799424979,10,4,40.0
2023-12-13,MAX_POSITIONS,US.IDXX,82.92,557.56,10,4,40.0
2023-12-13,MAX_POSITIONS,US.INTU,93.66,599.651092727,10,4,40.0
2023-12-13,MAX_POSITIONS,US.EXC,89.93,37.305403941,10,4,40.0
2023-12-13,MAX_POSITIONS,US.XEL,95.74,57.704103072,10,4,40.0
2023-12-13,MAX_POSITIONS,US.EA,100.0,140.670706729,10,4,40.0
2023-12-13,MAX_POSITIONS,US.SPY,100.0,454.878874922,10,4,40.0
2023-12-13,MAX_POSITIONS,US.AEP,100.0,76.431201644,10,4,40.0
2023-12-13,MAX_POSITIONS,US.CTAS,100.0,140.710659024,10,4,40.0
2023-12-13,MAX_POSITIONS,US.ISRG,100.0,328.96,10,4,40.0
2023-12-13,MAX_POSITIONS,US.GILD,100.0,76.021653848,10,4,40.0
2023-12-13,MAX_POSITIONS,US.TEAM,100.0,215.14,10,4,40.0
2023-12-13,MAX_POSITIONS,US.ASML,100.0,719.99783196,10,4,40.0
2023-12-13,MAX_POSITIONS,US.PEP,96.34,157.19723827,10,4,40.0
2023-12-14,MAX_POSITIONS,US.CMCSA,96.59,37.710285405,10,4,40.0
2023-12-14,MAX_POSITIONS,US.FTNT,95.91,57.05,10,4,40.0
2023-12-14,MAX_POSITIONS,US.ARM,98.75,70.735,10,4,40.0
2023-12-14,MAX_POSITIONS,US.AMAT,84.01,158.501257264,10,4,40.0
2023-12-14,MAX_POSITIONS,US.MU,95.8,81.429762389,10,4,40.0
2023-12-14,MAX_POSITIONS,US.GEHC,98.79,75.603968347,10,4,40.0
2023-12-14,MAX_POSITIONS,US.QCOM,94.8,134.363243457,10,4,40.0
2023-12-14,MAX_POSITIONS,US.TXN,100.0,157.114979249,10,4,40.0
2023-12-14,MAX_POSITIONS,US.ADI,100.0,192.505954093,10,4,40.0
2023-12-14,MAX_POSITIONS,US.LRCX,100.0,75.116213033,10,4,40.0
2023-12-14,MAX_POSITIONS,US.ALGN,100.0,257.02,10,4,40.0
2023-12-14,MAX_POSITIONS,US.ON,100.0,86.21,10,4,40.0
2023-12-14,MAX_POSITIONS,US.ASML,100.0,738.034742654,10,4,40.0
2023-12-14,MAX_POSITIONS,US.NXPI,100.0,222.661415103,10,4,40.0
2023-12-18,MAX_POSITIONS,US.AMZN,100.0,154.07,10,4,40.0
2023-12-19,MAX_POSITIONS,US.APP,100.0,43.59,10,4,40.0
2023-12-21,MAX_POSITIONS,US.MU,100.0,84.689330686,10,5,50.0
2023-12-21,MAX_POSITIONS,US.CTAS,100.0,144.394248202,10,5,50.0
2023-12-28,MAX_POSITIONS,US.ARM,91.65,77.47,10,5,50.0
2024-01-02,MAX_POSITIONS,US.MNST,93.1,58.59,10,3,30.0
2024-01-08,MAX_POSITIONS,US.NVDA,100.0,52.160284889,10,3,30.0
2024-01-08,MAX_POSITIONS,US.MRVL,100.0,63.672836987,10,3,30.0
2024-01-08,MAX_POSITIONS,US.FTNT,100.0,61.26,10,3,30.0
2024-01-09,MAX_POSITIONS,US.GILD,83.36,79.456200272,10,3,30.0
2024-01-10,MAX_POSITIONS,US.META,100.0,367.245026789,10,3,30.0
2024-01-10,MAX_POSITIONS,US.ISRG,100.0,364.45,10,3,30.0
2024-01-10,MAX_POSITIONS,US.MSFT,93.1,375.474701212,10,3,30.0
2024-01-11,MAX_POSITIONS,US.VRTX,82.55,430.08,10,3,30.0
2024-01-16,MAX_POSITIONS,US.AMD,100.0,158.74,10,3,30.0
2024-01-16,MAX_POSITIONS,US.NVDA,80.15,56.281958598,10,3,30.0
2024-01-19,MAX_POSITIONS,US.CSCO,82.74,48.260971493,10,3,30.0
2024-01-19,MAX_POSITIONS,US.WDAY,85.26,289.99,10,3,30.0
2024-01-19,MAX_POSITIONS,US.ORLY,80.07,68.540000342,10,3,30.0
2024-01-19,MAX_POSITIONS,US.META,85.73,380.112034773,10,3,30.0
2024-01-19,MAX_POSITIONS,US.MSFT,86.99,391.071659566,10,3,30.0
2024-01-19,MAX_POSITIONS,US.SPY,92.3,468.303889981,10,3,30.0
2024-01-19,MAX_POSITIONS,US.KLAC,100.0,60.089025168,10,3,30.0
2024-01-19,MAX_POSITIONS,US.QCOM,100.0,144.295678273,10,3,30.0
2024-01-19,MAX_POSITIONS,US.AMD,92.65,174.23,10,3,30.0
2024-01-19,MAX_POSITIONS,US.NVDA,100.0,59.385442144,10,3,30.0
2024-01-19,MAX_POSITIONS,US.CDNS,100.0,292.14,10,3,30.0
2024-01-19,MAX_POSITIONS,US.LRCX,100.0,80.903571582,10,3,30.0
2024-01-22,MAX_POSITIONS,US.ZS,100.0,240.85,10,3,30.0
2024-01-23,MAX_TOTAL_EXPOSURE,US.PCAR,100.0,94.086506822,9,2,22.2
2024-01-23,MAX_TOTAL_EXPOSURE,US.FTNT,90.04,64.41,9,2,22.2
2024-01-24,MAX_TOTAL_EXPOSURE,US.FTNT,86.73,66.11,9,2,22.2
2024-01-24,MAX_TOTAL_EXPOSURE,US.ASML,100.0,829.68809993,9,2,22.2
2024-01-25,MAX_TOTAL_EXPOSURE,US.CMCSA,100.0,38.497085765,9,2,22.2
2024-01-25,MAX_TOTAL_EXPOSURE,US.GOOG,82.44,152.297235103,9,2,22.2
2024-01-25,MAX_TOTAL_EXPOSURE,US.GOOGL,80.57,150.535167186,9,2,22.2
2024-01-26,MAX_TOTAL_EXPOSURE,US.ABNB,100.0,149.62,9,2,22.2
2024-01-31,MAX_TOTAL_EXPOSURE,US.ADP,100.0,231.599638597,9,2,22.2
2024-02-01,MAX_TOTAL_EXPOSURE,US.CEG,100.0,125.681877759,9,2,22.2
2024-02-02,MAX_TOTAL_EXPOSURE,US.SNOW,95.78,218.76,9,2,22.2
2024-02-02,MAX_TOTAL_EXPOSURE,US.META,100.0,470.8551712,9,2,22.2
2024-02-02,MAX_TOTAL_EXPOSURE,US.NVDA,100.0,66.042609004,9,2,22.2
2024-02-02,MAX_TOTAL_EXPOSURE,US.AMZN,100.0,171.81,9,2,22.2
2024-02-05,MAX_TOTAL_EXPOSURE,US.NVDA,100.0,69.208980765,9,2,22.2
2024-02-06,MAX_TOTAL_EXPOSURE,US.PLTR,100.0,21.87,9,2,22.2
2024-02-06,MAX_TOTAL_EXPOSURE,US.GEHC,100.0,81.650950641,9,2,22.2
2024-02-06,MAX_TOTAL_EXPOSURE,US.LIN,84.03,402.469148561,9,2,22.2
2024-02-07,MAX_TOTAL_EXPOSURE,US.PANW,100.0,182.25,9,2,22.2
2024-02-07,MAX_TOTAL_EXPOSURE,US.FTNT,100.0,70.03,9,2,22.2
2024-02-07,MAX_TOTAL_EXPOSURE,US.PLTR,100.0,23.6,9,2,22.2
2024-02-07,MAX_TOTAL_EXPOSURE,US.ASML,86.05,904.629913677,9,2,22.2
2024-02-08,MAX_TOTAL_EXPOSURE,US.CDNS,81.52,307.36,9,2,22.2
2024-02-08,MAX_TOTAL_EXPOSURE,US.ARM,100.0,113.89,9,2,22.2
2024-02-09,MAX_TOTAL_EXPOSURE,US.AMAT,100.0,182.118669778,9,2,22.2
2024-02-09,MAX_TOTAL_EXPOSURE,US.ASML,100.0,931.477577208,9,2,22.2
2024-02-09,MAX_TOTAL_EXPOSURE,US.WDAY,93.84,304.89,9,2,22.2
2024-02-09,MAX_TOTAL_EXPOSURE,US.SNOW,90.46,233.28,9,2,22.2
2024-02-09,MAX_TOTAL_EXPOSURE,US.NXPI,85.68,223.493955206,9,2,22.2
2024-02-09,MAX_TOTAL_EXPOSURE,US.MSFT,82.52,412.534643767,9,2,22.2
2024-02-12,MAX_TOTAL_EXPOSURE,US.ARM,100.0,148.97,9,2,22.2
2024-02-12,MAX_TOTAL_EXPOSURE,US.FANG,100.0,152.758650479,9,2,22.2
2024-02-15,MAX_TOTAL_EXPOSURE,US.AEP,100.0,75.266504316,9,2,22.2
2024-02-15,MAX_TOTAL_EXPOSURE,US.FANG,100.0,164.299760715,9,2,22.2
2024-02-15,MAX_TOTAL_EXPOSURE,US.LIN,81.38,415.185531082,9,2,22.2
2024-02-15,MAX_TOTAL_EXPOSURE,US.APP,100.0,58.5,9,2,22.2
2024-02-15,MAX_TOTAL_EXPOSURE,US.GEHC,100.0,85.307112047,9,2,22.2
2024-02-16,MAX_TOTAL_EXPOSURE,US.AMAT,100.0,195.573735082,9,2,22.2
2024-02-16,MAX_TOTAL_EXPOSURE,US.TTD,100.0,88.93,9,2,22.2
2024-02-22,MAX_TOTAL_EXPOSURE,US.NVDA,100.0,78.398646099,9,2,22.2
2024-02-22,MAX_TOTAL_EXPOSURE,US.PCAR,100.0,103.209582983,9,2,22.2
2024-02-22,MAX_TOTAL_EXPOSURE,US.LIN,100.0,432.947789684,9,2,22.2
2024-02-22,MAX_TOTAL_EXPOSURE,US.SPY,88.16,492.6398113,9,2,22.2
2024-02-26,MAX_TOTAL_EXPOSURE,US.CPRT,93.03,52.5,9,2,22.2
2024-02-26,MAX_TOTAL_EXPOSURE,US.PCAR,81.05,104.825151012,9,2,22.2
2024-02-27,MAX_TOTAL_EXPOSURE,US.CEG,100.0,153.382506306,9,2,22.2
2024-02-27,MAX_TOTAL_EXPOSURE,US.GEHC,83.68,92.17113169,9,2,22.2
2024-02-27,MAX_TOTAL_EXPOSURE,US.AEP,80.36,77.773537584,9,2,22.2
2024-02-29,MAX_TOTAL_EXPOSURE,US.MNST,100.0,59.1,9,2,22.2
2024-02-29,MAX_TOTAL_EXPOSURE,US.AMD,100.0,192.53,9,2,22.2
2024-02-29,MAX_TOTAL_EXPOSURE,US.OKTA,100.0,107.3,9,2,22.2
2024-03-01,MAX_TOTAL_EXPOSURE,US.NXPI,84.0,246.422301028,8,1,12.5
2024-03-01,MAX_TOTAL_EXPOSURE,US.AMD,100.0,202.64,8,1,12.5
2024-03-01,MAX_TOTAL_EXPOSURE,US.KLAC,100.0,70.496934881,8,1,12.5
2024-03-01,MAX_TOTAL_EXPOSURE,US.MRVL,100.0,77.080781135,8,1,12.5
2024-03-01,MAX_TOTAL_EXPOSURE,US.ASML,100.0,972.028633486,8,1,12.5
2024-03-01,MAX_TOTAL_EXPOSURE,US.QCOM,100.0,155.650933263,8,1,12.5
2024-03-01,MAX_TOTAL_EXPOSURE,US.TXN,100.0,160.484595231,8,1,12.5
2024-03-01,MAX_TOTAL_EXPOSURE,US.LRCX,97.87,96.099916031,8,1,12.5
2024-03-01,MAX_TOTAL_EXPOSURE,US.MU,90.97,94.396112943,8,1,12.5
2024-03-01,MAX_TOTAL_EXPOSURE,US.ISRG,86.14,397.9,8,1,12.5
2024-03-04,MAX_TOTAL_EXPOSURE,US.QCOM,80.34,158.962655247,7,1,14.3
2024-03-04,MAX_TOTAL_EXPOSURE,US.NVDA,94.29,85.085759729,7,1,14.3
2024-03-06,MAX_TOTAL_EXPOSURE,US.DXCM,100.0,133.72,7,1,14.3
2024-03-07,MAX_TOTAL_EXPOSURE,US.ASML,100.0,1027.401326444,7,1,14.3
2024-03-07,MAX_TOTAL_EXPOSURE,US.QCOM,100.0,167.704837777,7,1,14.3
2024-03-07,MAX_TOTAL_EXPOSURE,US.NVDA,94.8,92.508913375,7,1,14.3
2024-03-07,MAX_TOTAL_EXPOSURE,US.MRVL,88.78,84.509775374,7,1,14.3
2024-03-13,MAX_TOTAL_EXPOSURE,US.MNST,81.03,60.85,7,1,14.3
2024-03-18,MAX_TOTAL_EXPOSURE,US.PEP,93.39,157.706211467,7,1,14.3
2024-03-18,MAX_TOTAL_EXPOSURE,US.GOOGL,81.18,146.381994403,7,1,14.3
2024-03-18,MAX_TOTAL_EXPOSURE,US.APP,93.81,68.15,7,1,14.3
2024-03-19,MAX_TOTAL_EXPOSURE,US.BKR,100.0,31.709941979,7,1,14.3
2024-03-20,MAX_TOTAL_EXPOSURE,US.SPY,86.52,506.809468405,7,1,14.3
2024-03-21,MAX_TOTAL_EXPOSURE,US.MU,100.0,108.979642741,7,1,14.3
2024-03-21,MAX_TOTAL_EXPOSURE,US.ORLY,100.0,77.52933372,7,1,14.3
2024-03-21,MAX_TOTAL_EXPOSURE,US.PCAR,100.0,116.190158475,7,1,14.3
2024-03-21,MAX_TOTAL_EXPOSURE,US.CTAS,82.01,157.523941441,7,1,14.3
2024-03-25,MAX_TOTAL_EXPOSURE,US.MU,84.34,116.20196226,7,1,14.3
2024-03-27,MAX_TOTAL_EXPOSURE,US.CTAS,100.0,168.189727186,7,1,14.3
2024-04-01,MAX_TOTAL_EXPOSURE,US.GOOGL,97.23,154.123349877,7,2,28.6
2024-04-01,MAX_TOTAL_EXPOSURE,US.GOOG,99.31,155.13223961,7,2,28.6
2024-04-03,MAX_TOTAL_EXPOSURE,US.FANG,89.74,190.195847238,7,2,28.6
2024-04-09,MAX_TOTAL_EXPOSURE,US.ADI,94.64,197.229734873,7,1,14.3
2024-04-26,MAX_TOTAL_EXPOSURE,US.GOOG,100.0,172.172004459,6,2,33.3
2024-04-29,MAX_TOTAL_EXPOSURE,US.TSLA,100.0,194.05,6,2,33.3
2024-05-03,MAX_TOTAL_EXPOSURE,US.AAPL,100.0,181.558863672,7,2,28.6
2024-05-03,MAX_TOTAL_EXPOSURE,US.MELI,100.0,1630.56,7,2,28.6
2024-05-03,MAX_TOTAL_EXPOSURE,US.AMGN,100.0,290.6975875,7,2,28.6
2024-05-06,MAX_TOTAL_EXPOSURE,US.VRSK,97.43,237.940234235,7,2,28.6
2024-05-06,MAX_TOTAL_EXPOSURE,US.PLTR,100.0,25.21,7,2,28.6
2024-05-06,MAX_TOTAL_EXPOSURE,US.COST,81.77,748.346471128,7,2,28.6
2024-05-07,MAX_TOTAL_EXPOSURE,US.VRSK,100.0,242.996931515,7,2,28.6
2024-05-07,MAX_TOTAL_EXPOSURE,US.COST,100.0,763.047282234,7,2,28.6
2024-05-09,MAX_TOTAL_EXPOSURE,US.APP,100.0,84.69,7,2,28.6
2024-05-14,MAX_TOTAL_EXPOSURE,US.TXN,82.91,180.616758647,7,2,28.6
2024-05-15,MAX_TOTAL_EXPOSURE,US.AMAT,92.2,213.496105638,7,2,28.6
2024-05-15,MAX_TOTAL_EXPOSURE,US.SPY,100.0,515.865201682,7,2,28.6
2024-05-15,MAX_TOTAL_EXPOSURE,US.ADI,83.84,208.46715314,7,2,28.6
2024-05-15,MAX_TOTAL_EXPOSURE,US.VRTX,87.6,437.49,7,2,28.6
2024-05-15,MAX_TOTAL_EXPOSURE,US.IDXX,100.0,548.53,7,2,28.6
2024-05-15,MAX_TOTAL_EXPOSURE,US.INTU,82.58,645.653528171,7,2,28.6
2024-05-15,MAX_TOTAL_EXPOSURE,US.CRWD,100.0,85.78,7,2,28.6
2024-05-15,MAX_TOTAL_EXPOSURE,US.TXN,100.0,184.774733523,7,2,28.6
2024-05-15,MAX_TOTAL_EXPOSURE,US.SNPS,100.0,580.2,7,2,28.6
2024-05-15,MAX_TOTAL_EXPOSURE,US.KLAC,100.0,74.789770838,7,2,28.6
2024-05-15,MAX_TOTAL_EXPOSURE,US.ISRG,100.0,399.39,7,2,28.6
2024-05-16,MAX_TOTAL_EXPOSURE,US.MRVL,100.0,72.642689718,7,2,28.6
2024-05-17,MAX_TOTAL_EXPOSURE,US.OKTA,90.9,102.96,6,1,16.7
2024-05-20,MAX_TOTAL_EXPOSURE,US.NFLX,95.79,64.082,6,1,16.7
2024-05-20,MAX_TOTAL_EXPOSURE,US.MELI,82.79,1787.73,6,1,16.7
2024-05-20,MAX_TOTAL_EXPOSURE,US.TXN,80.71,188.242862568,6,1,16.7
2024-05-22,MAX_TOTAL_EXPOSURE,US.EA,100.0,133.723961321,6,1,16.7
2024-05-22,MAX_TOTAL_EXPOSURE,US.TXN,91.59,191.399143496,6,1,16.7
2024-05-22,MAX_TOTAL_EXPOSURE,US.ADI,100.0,232.053170327,6,1,16.7
2024-05-23,MAX_TOTAL_EXPOSURE,US.NVDA,100.0,103.619686189,6,1,16.7
2024-05-24,MAX_TOTAL_EXPOSURE,US.ROST,100.0,138.974198352,6,1,16.7
2024-05-28,MAX_TOTAL_EXPOSURE,US.NVDA,100.0,113.704234883,6,1,16.7
2024-05-28,MAX_TOTAL_EXPOSURE,US.ARM,100.0,124.94,6,1,16.7
2024-05-28,MAX_TOTAL_EXPOSURE,US.ASML,90.39,974.944808423,6,1,16.7
2024-05-30,MAX_TOTAL_EXPOSURE,US.TMUS,86.87,164.605168961,6,1,16.7
2024-05-31,MAX_TOTAL_EXPOSURE,US.TMUS,100.0,169.35795576,6,1,16.7
2024-06-03,MAX_TOTAL_EXPOSURE,US.VRTX,100.0,470.18,6,1,16.7
2024-06-03,MAX_TOTAL_EXPOSURE,US.TTWO,89.64,163.64,6,1,16.7
2024-06-04,MAX_TOTAL_EXPOSURE,US.VRSK,94.53,254.064605521,6,1,16.7
2024-06-05,MAX_TOTAL_EXPOSURE,US.ARM,100.0,136.67,6,1,16.7
2024-06-05,MAX_TOTAL_EXPOSURE,US.META,100.0,491.271150371,6,1,16.7
2024-06-05,MAX_TOTAL_EXPOSURE,US.NVDA,100.0,122.228483675,6,1,16.7
2024-06-05,MAX_TOTAL_EXPOSURE,US.ASML,100.0,1023.591295864,6,1,16.7
2024-06-06,MAX_TOTAL_EXPOSURE,US.PLTR,96.48,23.79,6,1,16.7
2024-06-10,MAX_TOTAL_EXPOSURE,US.CRWD,98.49,93.6425,6,1,16.7
2024-06-11,MAX_TOTAL_EXPOSURE,US.AAPL,100.0,205.370980056,6,1,16.7
2024-06-12,MAX_TOTAL_EXPOSURE,US.ARM,100.0,155.59,6,1,16.7
2024-06-12,MAX_TOTAL_EXPOSURE,US.ISRG,91.47,428.1,6,1,16.7
2024-06-12,MAX_TOTAL_EXPOSURE,US.SPY,91.88,527.141050214,6,1,16.7
2024-06-12,MAX_TOTAL_EXPOSURE,US.LRCX,97.08,101.811237684,6,1,16.7
2024-06-12,MAX_TOTAL_EXPOSURE,US.CDNS,100.0,311.7,6,1,16.7
2024-06-12,MAX_TOTAL_EXPOSURE,US.KLAC,100.0,81.492813402,6,1,16.7
2024-06-12,MAX_TOTAL_EXPOSURE,US.MU,100.0,139.769606015,6,1,16.7
2024-06-12,MAX_TOTAL_EXPOSURE,US.AMAT,100.0,233.711212189,6,1,16.7
2024-06-12,MAX_TOTAL_EXPOSURE,US.MSFT,100.0,434.235647987,6,1,16.7
2024-06-12,MAX_TOTAL_EXPOSURE,US.AAPL,100.0,211.240138646,6,1,16.7
2024-06-14,MAX_TOTAL_EXPOSURE,US.ADBE,100.0,525.31,6,1,16.7
2024-06-17,MAX_TOTAL_EXPOSURE,US.MU,84.26,146.800290282,6,1,16.7
2024-06-17,MAX_TOTAL_EXPOSURE,US.LRCX,92.79,105.154152662,6,1,16.7
2024-06-17,MAX_TOTAL_EXPOSURE,US.PLTR,83.96,25.02,6,1,16.7
2024-06-17,MAX_TOTAL_EXPOSURE,US.ROST,100.0,147.415259352,6,1,16.7
2024-06-17,MAX_TOTAL_EXPOSURE,US.ORLY,100.0,69.550000347,6,1,16.7
2024-06-17,MAX_TOTAL_EXPOSURE,US.COST,93.64,858.612447295,6,1,16.7
2024-06-18,MAX_TOTAL_EXPOSURE,US.ARM,81.24,174.13,6,1,16.7
2024-06-18,MAX_TOTAL_EXPOSURE,US.MU,94.99,152.381144178,6,1,16.7
2024-06-18,MAX_TOTAL_EXPOSURE,US.PLTR,87.87,25.82,6,1,16.7
2024-06-20,MAX_TOTAL_EXPOSURE,US.ORLY,100.0,72.03800036,6,1,16.7
2024-06-20,MAX_TOTAL_EXPOSURE,US.GILD,89.26,64.665563329,6,1,16.7
2024-06-24,MAX_TOTAL_EXPOSURE,US.BKR,100.0,33.063302608,6,1,16.7
2024-06-24,MAX_TOTAL_EXPOSURE,US.EA,93.49,139.951517402,6,1,16.7
2024-06-24,MAX_TOTAL_EXPOSURE,US.AMGN,84.47,299.213964929,6,1,16.7
2024-06-25,MAX_TOTAL_EXPOSURE,US.GOOGL,95.16,182.621859673,6,1,16.7
2024-06-25,MAX_TOTAL_EXPOSURE,US.GOOG,94.62,184.167430364,6,1,16.7
2024-06-26,MAX_TOTAL_EXPOSURE,US.TSLA,81.06,196.37,6,1,16.7
2024-06-27,MAX_TOTAL_EXPOSURE,US.AMZN,82.51,197.85,6,1,16.7
2024-06-27,MAX_TOTAL_EXPOSURE,US.ADBE,86.85,546.76,6,1,16.7
2024-06-27,MAX_TOTAL_EXPOSURE,US.DDOG,100.0,128.45,6,1,16.7
2024-06-27,MAX_TOTAL_EXPOSURE,US.PANW,100.0,170.41,6,1,16.7
2024-06-27,MAX_TOTAL_EXPOSURE,US.INTU,92.3,642.016904114,6,1,16.7
2024-07-01,MAX_TOTAL_EXPOSURE,US.TSLA,90.06,209.86,6,1,16.7
2024-07-01,MAX_TOTAL_EXPOSURE,US.ZS,82.26,198.62,6,1,16.7
2024-07-02,MAX_TOTAL_EXPOSURE,US.TSLA,100.0,231.26,6,1,16.7
2024-07-02,MAX_TOTAL_EXPOSURE,US.TEAM,80.08,182.28,6,1,16.7
2024-07-03,MAX_TOTAL_EXPOSURE,US.TSLA,100.0,246.39,6,1,16.7
2024-07-05,MAX_TOTAL_EXPOSURE,US.MSFT,97.2,460.325623663,6,1,16.7
2024-07-05,MAX_TOTAL_EXPOSURE,US.COST,91.13,876.182191928,6,1,16.7
2024-07-05,MAX_TOTAL_EXPOSURE,US.AAPL,99.55,224.396174878,6,1,16.7
2024-07-05,MAX_TOTAL_EXPOSURE,US.GOOGL,100.0,189.141588076,6,1,16.7
2024-07-05,MAX_TOTAL_EXPOSURE,US.META,100.0,536.309847185,6,1,16.7
2024-07-05,MAX_TOTAL_EXPOSURE,US.GOOG,100.0,190.498868049,6,1,16.7
2024-07-08,MAX_TOTAL_EXPOSURE,US.AMD,81.67,178.69,6,1,16.7
2024-07-10,MAX_TOTAL_EXPOSURE,US.SPY,100.0,548.340125569,5,0,0.0
2024-07-10,MAX_TOTAL_EXPOSURE,US.EA,99.94,142.785627292,5,0,0.0
2024-07-10,MAX_TOTAL_EXPOSURE,US.AAPL,84.55,230.979150053,5,0,0.0
2024-07-16,MAX_TOTAL_EXPOSURE,US.GEHC,89.01,82.357389132,5,0,0.0
2024-07-17,MAX_TOTAL_EXPOSURE,US.CSCO,81.96,46.439987434,5,0,0.0
2024-07-17,MAX_TOTAL_EXPOSURE,US.GILD,80.27,69.206976084,5,0,0.0
2024-07-18,MAX_TOTAL_EXPOSURE,US.CTAS,100.0,186.542731813,5,0,0.0
2024-07-25,MAX_TOTAL_EXPOSURE,US.GILD,90.82,72.23773179,4,0,0.0
2024-07-26,MAX_TOTAL_EXPOSURE,US.BKR,100.0,36.176499367,4,0,0.0
2024-07-29,MAX_TOTAL_EXPOSURE,US.BKR,83.04,36.964407188,4,0,0.0
2024-08-02,MAX_TOTAL_EXPOSURE,US.PEP,86.35,165.242376551,7,4,57.1
2024-08-02,MAX_TOTAL_EXPOSURE,US.MDLZ,85.06,66.407839637,7,4,57.1
2024-08-07,MAX_TOTAL_EXPOSURE,US.FTNT,100.0,69.93,7,4,57.1
2024-08-13,MAX_TOTAL_EXPOSURE,US.REGN,94.56,1148.841229372,7,4,57.1
2024-08-13,MAX_TOTAL_EXPOSURE,US.SBUX,100.0,91.162049279,7,4,57.1
2024-08-15,MAX_TOTAL_EXPOSURE,US.MELI,100.0,1996.44,7,4,57.1
2024-08-19,MAX_TOTAL_EXPOSURE,US.NVDA,81.43,129.78608123,7,4,57.1
2024-08-20,MAX_TOTAL_EXPOSURE,US.PANW,100.0,184.005,7,4,57.1
2024-08-21,MAX_TOTAL_EXPOSURE,US.ROST,100.0,150.914876827,7,3,42.9
2024-08-23,MAX_TOTAL_EXPOSURE,US.WDAY,100.0,259.95,7,3,42.9
2024-08-27,MAX_TOTAL_EXPOSURE,US.TMUS,100.0,197.49716343,7,3,42.9
2024-08-27,MAX_TOTAL_EXPOSURE,US.COST,97.54,900.443458973,7,3,42.9
2024-08-27,MAX_TOTAL_EXPOSURE,US.SBUX,97.09,94.295141846,7,3,42.9
2024-08-30,MAX_TOTAL_EXPOSURE,US.MRVL,99.07,75.846828414,7,3,42.9
2024-09-04,MAX_TOTAL_EXPOSURE,US.MDLZ,100.0,70.720403077,7,3,42.9
2024-09-04,MAX_TOTAL_EXPOSURE,US.GEHC,92.72,87.282945096,7,3,42.9
2024-09-09,MAX_TOTAL_EXPOSURE,US.PLTR,98.34,34.6,7,3,42.9
2024-09-11,MAX_TOTAL_EXPOSURE,US.APP,88.5,97.57,6,2,33.3
2024-09-12,MAX_TOTAL_EXPOSURE,US.MELI,100.0,2140.1,6,2,33.3
2024-09-12,MAX_TOTAL_EXPOSURE,US.APP,100.0,105.61,6,2,33.3
2024-09-12,MAX_TOTAL_EXPOSURE,US.GILD,93.5,78.516400152,6,2,33.3
2024-09-13,MAX_TOTAL_EXPOSURE,US.APP,100.0,112.58,6,2,33.3
2024-09-13,MAX_TOTAL_EXPOSURE,US.ARM,80.43,147.37,6,2,33.3
2024-09-17,MAX_TOTAL_EXPOSURE,US.APP,100.0,123.64,6,2,33.3
2024-09-17,MAX_TOTAL_EXPOSURE,US.ABNB,86.47,122.12,6,2,33.3
2024-09-19,MAX_TOTAL_EXPOSURE,US.TSLA,84.19,243.92,6,2,33.3
2024-09-19,MAX_TOTAL_EXPOSURE,US.ABNB,86.92,128.75,6,2,33.3
2024-09-19,MAX_TOTAL_EXPOSURE,US.META,100.0,555.901700877,6,2,33.3
2024-09-20,MAX_TOTAL_EXPOSURE,US.CRWD,100.0,74.9625,6,2,33.3
2024-09-20,MAX_TOTAL_EXPOSURE,US.CEG,100.0,252.433457369,6,2,33.3
2024-09-24,MAX_TOTAL_EXPOSURE,US.BKNG,92.68,164.804269935,6,2,33.3
2024-09-26,MAX_TOTAL_EXPOSURE,US.AMD,85.74,167.49,6,2,33.3
2024-09-26,MAX_TOTAL_EXPOSURE,US.PDD,100.0,129.4,6,2,33.3
2024-09-26,MAX_TOTAL_EXPOSURE,US.LRCX,82.49,83.56474752,6,2,33.3
2024-09-26,MAX_TOTAL_EXPOSURE,US.MU,100.0,109.210065375,6,2,33.3
2024-09-26,MAX_TOTAL_EXPOSURE,US.AMAT,100.0,206.530992386,6,2,33.3
2024-09-26,MAX_TOTAL_EXPOSURE,US.BKNG,100.0,168.409200609,6,2,33.3
2024-10-01,MAX_TOTAL_EXPOSURE,US.PAYX,100.0,132.508949016,6,2,33.3
2024-10-02,MAX_TOTAL_EXPOSURE,US.PDD,96.6,152.71,6,2,33.3
2024-10-03,MAX_TOTAL_EXPOSURE,US.PLTR,84.58,39.24,6,2,33.3
2024-10-04,MAX_TOTAL_EXPOSURE,US.DDOG,100.0,122.69,6,2,33.3
2024-10-04,MAX_TOTAL_EXPOSURE,US.META,97.08,592.530959794,6,2,33.3
2024-10-04,MAX_TOTAL_EXPOSURE,US.APP,95.58,139.66,6,2,33.3
2024-10-04,MAX_TOTAL_EXPOSURE,US.FANG,94.14,186.159969384,6,2,33.3
2024-10-08,MAX_TOTAL_EXPOSURE,US.PLTR,87.21,41.45,6,2,33.3
2024-10-08,MAX_TOTAL_EXPOSURE,US.CPRT,100.0,54.44,6,2,33.3
2024-10-09,MAX_TOTAL_EXPOSURE,US.SNOW,85.82,119.67,6,2,33.3
2024-10-09,MAX_TOTAL_EXPOSURE,US.HON,86.14,211.89499855,6,2,33.3
2024-10-09,MAX_TOTAL_EXPOSURE,US.FTNT,84.4,80.33,6,2,33.3
2024-10-09,MAX_TOTAL_EXPOSURE,US.CSCO,92.26,51.655703122,6,2,33.3
2024-10-09,MAX_TOTAL_EXPOSURE,US.CPRT,100.0,55.84,6,2,33.3
2024-10-09,MAX_TOTAL_EXPOSURE,US.TEAM,96.61,177.1,6,2,33.3
2024-10-09,MAX_TOTAL_EXPOSURE,US.PLTR,100.0,43.13,6,2,33.3
2024-10-09,MAX_TOTAL_EXPOSURE,US.VRSK,100.0,273.371516289,6,2,33.3
2024-10-09,MAX_TOTAL_EXPOSURE,US.ZS,100.0,185.97,6,2,33.3
2024-10-10,MAX_TOTAL_EXPOSURE,US.CRWD,100.0,78.73,6,2,33.3
2024-10-10,MAX_TOTAL_EXPOSURE,US.FTNT,100.0,82.475,6,2,33.3
2024-10-10,MAX_TOTAL_EXPOSURE,US.ZS,100.0,195.5,6,2,33.3
2024-10-10,MAX_TOTAL_EXPOSURE,US.TEAM,100.0,184.0,6,2,33.3
2024-10-10,MAX_TOTAL_EXPOSURE,US.DDOG,100.0,130.09,6,2,33.3
2024-10-10,MAX_TOTAL_EXPOSURE,US.SNOW,99.92,123.79,6,2,33.3
2024-10-11,MAX_TOTAL_EXPOSURE,US.FAST,100.0,37.013894215,6,2,33.3
2024-10-11,MAX_TOTAL_EXPOSURE,US.PCAR,100.0,100.337744959,6,2,33.3
2024-10-14,MAX_TOTAL_EXPOSURE,US.ARM,100.0,161.82,6,2,33.3
2024-10-14,MAX_TOTAL_EXPOSURE,US.SPY,80.06,572.558634081,6,2,33.3
2024-10-16,MAX_TOTAL_EXPOSURE,US.CSCO,100.0,54.375439545,6,2,33.3
2024-10-17,MAX_TOTAL_EXPOSURE,US.VRTX,100.0,498.73,6,2,33.3
2024-10-18,MAX_TOTAL_EXPOSURE,US.NFLX,100.0,76.389,6,2,33.3
2024-10-18,MAX_TOTAL_EXPOSURE,US.ISRG,100.0,521.15,6,2,33.3
2024-10-18,MAX_TOTAL_EXPOSURE,US.PCAR,88.72,103.428673619,6,2,33.3
2024-10-21,MAX_TOTAL_EXPOSURE,US.APP,100.0,158.85,6,2,33.3
2024-10-22,MAX_TOTAL_EXPOSURE,US.TTWO,91.6,160.02,6,2,33.3
2024-10-29,MAX_TOTAL_EXPOSURE,US.APP,100.0,172.24,7,3,42.9
2024-10-30,MAX_TOTAL_EXPOSURE,US.GOOG,100.0,175.029389389,7,3,42.9
2024-10-30,MAX_TOTAL_EXPOSURE,US.GOOGL,100.0,173.354817184,7,3,42.9
2024-10-31,MAX_TOTAL_EXPOSURE,US.CMCSA,95.37,37.999656622,7,3,42.9
2024-11-01,MAX_TOTAL_EXPOSURE,US.TEAM,100.0,224.35,7,3,42.9
2024-11-05,MAX_TOTAL_EXPOSURE,US.PLTR,100.0,51.13,7,3,42.9
2024-11-05,MAX_TOTAL_EXPOSURE,US.EA,89.91,154.288812366,7,3,42.9
2024-11-06,MAX_TOTAL_EXPOSURE,US.WDAY,80.85,251.8,7,3,42.9
2024-11-06,MAX_TOTAL_EXPOSURE,US.SPY,84.85,579.143371932,7,3,42.9
2024-11-06,MAX_TOTAL_EXPOSURE,US.MRVL,87.52,90.237256798,7,3,42.9
2024-11-06,MAX_TOTAL_EXPOSURE,US.EA,88.52,156.729651455,7,3,42.9
2024-11-06,MAX_TOTAL_EXPOSURE,US.TXN,92.09,205.814078158,7,3,42.9
2024-11-06,MAX_TOTAL_EXPOSURE,US.CSCO,93.45,55.812463399,7,3,42.9
2024-11-06,MAX_TOTAL_EXPOSURE,US.BKR,100.0,41.549249709,7,3,42.9
2024-11-06,MAX_TOTAL_EXPOSURE,US.FAST,100.0,40.474965705,7,3,42.9
2024-11-06,MAX_TOTAL_EXPOSURE,US.PCAR,100.0,108.990466223,7,3,42.9
2024-11-06,MAX_TOTAL_EXPOSURE,US.PLTR,100.0,55.53,7,3,42.9
2024-11-06,MAX_TOTAL_EXPOSURE,US.TSLA,100.0,288.53,7,3,42.9
2024-11-06,MAX_TOTAL_EXPOSURE,US.AMZN,100.0,207.09,7,3,42.9
2024-11-06,MAX_TOTAL_EXPOSURE,US.PAYX,100.0,139.850165028,7,3,42.9
2024-11-06,MAX_TOTAL_EXPOSURE,US.INTU,100.0,640.968850309,7,3,42.9
2024-11-07,MAX_TOTAL_EXPOSURE,US.NFLX,94.02,79.654,7,3,42.9
2024-11-07,MAX_TOTAL_EXPOSURE,US.WDAY,97.58,257.98,7,3,42.9
2024-11-07,MAX_TOTAL_EXPOSURE,US.GILD,100.0,93.297191165,7,3,42.9
2024-11-07,MAX_TOTAL_EXPOSURE,US.ABNB,100.0,147.37,7,3,42.9
2024-11-07,MAX_TOTAL_EXPOSURE,US.TTD,100.0,132.53,7,3,42.9
2024-11-07,MAX_TOTAL_EXPOSURE,US.SNPS,100.0,573.59,7,3,42.9
2024-11-07,MAX_TOTAL_EXPOSURE,US.APP,100.0,246.53,7,3,42.9
2024-11-08,MAX_TOTAL_EXPOSURE,US.FTNT,100.0,92.04,7,3,42.9
2024-11-08,MAX_TOTAL_EXPOSURE,US.VRTX,88.16,516.74,7,3,42.9
2024-11-08,MAX_TOTAL_EXPOSURE,US.CTAS,100.0,222.368066803,7,3,42.9
2024-11-08,MAX_TOTAL_EXPOSURE,US.COST,100.0,936.261123798,7,3,42.9
2024-11-08,MAX_TOTAL_EXPOSURE,US.PLTR,88.49,58.39,7,3,42.9
2024-11-08,MAX_TOTAL_EXPOSURE,US.APP,100.0,290.01,7,3,42.9
2024-11-08,MAX_TOTAL_EXPOSURE,US.TSLA,100.0,321.22,7,3,42.9
2024-11-08,MAX_TOTAL_EXPOSURE,US.ISRG,100.0,536.45,7,3,42.9
2024-11-11,MAX_TOTAL_EXPOSURE,US.TSLA,100.0,350.0,7,3,42.9
2024-11-11,MAX_TOTAL_EXPOSURE,US.TEAM,95.69,245.85,7,3,42.9
2024-11-11,MAX_TOTAL_EXPOSURE,US.WDAY,91.42,264.15,7,3,42.9
2024-11-11,MAX_TOTAL_EXPOSURE,US.CRWD,90.56,85.605,7,3,42.9
2024-11-11,MAX_TOTAL_EXPOSURE,US.PLTR,81.85,60.24,7,3,42.9
2024-11-11,MAX_TOTAL_EXPOSURE,US.FTNT,100.0,97.18,7,3,42.9
2024-11-12,MAX_TOTAL_EXPOSURE,US.NFLX,86.67,81.95,7,3,42.9
2024-11-12,MAX_TOTAL_EXPOSURE,US.FTNT,80.41,99.15,7,3,42.9
2024-11-12,MAX_TOTAL_EXPOSURE,US.ADBE,80.8,526.42,7,3,42.9
2024-11-12,MAX_TOTAL_EXPOSURE,US.EA,90.77,161.601407524,7,3,42.9
2024-11-12,MAX_TOTAL_EXPOSURE,US.HON,100.0,231.93429626,7,3,42.9
2024-11-12,MAX_TOTAL_EXPOSURE,US.ZS,100.0,209.04,7,3,42.9
2024-11-12,MAX_TOTAL_EXPOSURE,US.WDAY,94.24,270.32,7,3,42.9
2024-11-13,MAX_TOTAL_EXPOSURE,US.SNOW,93.83,130.73,7,3,42.9
2024-11-13,MAX_TOTAL_EXPOSURE,US.CPRT,80.04,57.93,7,3,42.9
2024-11-15,MAX_TOTAL_EXPOSURE,US.PLTR,90.54,65.77,7,3,42.9
2024-11-19,MAX_TOTAL_EXPOSURE,US.NFLX,100.0,87.132,7,3,42.9
2024-11-19,MAX_TOTAL_EXPOSURE,US.APP,100.0,321.19,7,3,42.9
2024-11-21,MAX_TOTAL_EXPOSURE,US.SNOW,100.0,171.35,7,3,42.9
2024-11-21,MAX_TOTAL_EXPOSURE,US.DDOG,100.0,143.86,7,3,42.9
2024-11-22,MAX_TOTAL_EXPOSURE,US.CPRT,100.0,62.7,7,3,42.9
2024-11-22,MAX_TOTAL_EXPOSURE,US.CRWD,90.35,93.065,7,3,42.9
2024-11-22,MAX_TOTAL_EXPOSURE,US.SBUX,86.09,98.63118752,7,3,42.9
2024-11-25,MAX_TOTAL_EXPOSURE,US.ALGN,100.0,240.52,7,3,42.9
2024-12-03,MAX_TOTAL_EXPOSURE,US.PLTR,100.0,70.96,7,3,42.9
2024-12-03,MAX_TOTAL_EXPOSURE,US.APP,98.66,366.55,7,3,42.9
2024-12-03,MAX_TOTAL_EXPOSURE,US.META,97.18,610.139650766,7,3,42.9
2024-12-04,MAX_TOTAL_EXPOSURE,US.OKTA,100.0,86.11,7,3,42.9
2024-12-04,MAX_TOTAL_EXPOSURE,US.SNPS,90.68,588.0,7,3,42.9
2024-12-04,MAX_TOTAL_EXPOSURE,US.CDNS,96.03,324.54,7,3,42.9
2024-12-04,MAX_TOTAL_EXPOSURE,US.SNOW,100.0,186.51,7,3,42.9
2024-12-04,MAX_TOTAL_EXPOSURE,US.MRVL,100.0,117.637999456,7,3,42.9
2024-12-04,MAX_TOTAL_EXPOSURE,US.TEAM,100.0,287.5,7,3,42.9
2024-12-06,MAX_TOTAL_EXPOSURE,US.PLTR,100.0,76.34,7,3,42.9
2024-12-06,MAX_TOTAL_EXPOSURE,US.AMZN,96.07,227.03,7,3,42.9
2024-12-06,MAX_TOTAL_EXPOSURE,US.ADBE,90.94,552.96,7,3,42.9
2024-12-06,MAX_TOTAL_EXPOSURE,US.TSLA,90.11,389.22,7,3,42.9
2024-12-11,MAX_TOTAL_EXPOSURE,US.GOOGL,100.0,194.384687726,7,3,42.9
2024-12-11,MAX_TOTAL_EXPOSURE,US.GOOG,100.0,195.691449389,7,3,42.9
2024-12-11,MAX_TOTAL_EXPOSURE,US.TSLA,90.16,424.77,7,3,42.9
2024-12-13,MAX_TOTAL_EXPOSURE,US.AVGO,100.0,221.375995667,7,3,42.9
2024-12-16,MAX_TOTAL_EXPOSURE,US.AVGO,100.0,246.192166,7,3,42.9
2024-12-16,MAX_TOTAL_EXPOSURE,US.TSLA,100.0,463.02,7,3,42.9
2024-12-16,MAX_TOTAL_EXPOSURE,US.CRWD,88.69,97.05,7,3,42.9
2025-01-15,MAX_TOTAL_EXPOSURE,US.ISRG,100.0,580.11,7,3,42.9
2025-01-16,MAX_TOTAL_EXPOSURE,US.EXC,100.0,37.287105201,7,3,42.9
2025-01-16,MAX_TOTAL_EXPOSURE,US.AMAT,88.44,184.172856572,7,3,42.9
2025-01-16,MAX_TOTAL_EXPOSURE,US.DXCM,80.58,84.84,7,3,42.9
2025-01-21,MAX_TOTAL_EXPOSURE,US.EXC,100.0,38.329703465,7,3,42.9
2025-01-21,MAX_TOTAL_EXPOSURE,US.OKTA,81.77,89.4,7,3,42.9
2025-01-21,MAX_TOTAL_EXPOSURE,US.SBUX,100.0,94.281792714,7,3,42.9
2025-01-22,MAX_TOTAL_EXPOSURE,US.ARM,100.0,179.93,7,3,42.9
2025-01-22,MAX_TOTAL_EXPOSURE,US.CDNS,81.53,321.49,7,3,42.9
2025-01-24,MAX_TOTAL_EXPOSURE,US.PDD,83.05,111.34,7,3,42.9
2025-01-27,MAX_TOTAL_EXPOSURE,US.AMGN,92.12,270.104796332,7,3,42.9
2025-01-28,MAX_TOTAL_EXPOSURE,US.CRWD,100.0,102.17,7,3,42.9
2025-01-28,MAX_TOTAL_EXPOSURE,US.OKTA,100.0,94.93,7,3,42.9
2025-01-28,MAX_TOTAL_EXPOSURE,US.ZS,98.16,204.68,7,3,42.9
2025-01-28,MAX_TOTAL_EXPOSURE,US.SNOW,96.71,188.02,7,3,42.9
2025-01-29,MAX_TOTAL_EXPOSURE,US.TMUS,100.0,229.186081962,7,3,42.9
2025-01-30,MAX_TOTAL_EXPOSURE,US.MELI,83.55,1947.32,7,3,42.9
2025-01-31,MAX_TOTAL_EXPOSURE,US.TEAM,100.0,306.78,6,2,33.3
2025-01-31,MAX_TOTAL_EXPOSURE,US.VRTX,100.0,461.68,6,2,33.3
2025-02-03,MAX_TOTAL_EXPOSURE,US.IDXX,100.0,469.04,5,1,20.0
2025-02-03,MAX_TOTAL_EXPOSURE,US.COST,86.14,997.795641184,5,1,20.0
2025-02-04,MAX_TOTAL_EXPOSURE,US.PLTR,100.0,103.83,5,1,20.0
2025-02-04,MAX_TOTAL_EXPOSURE,US.VRTX,81.0,482.28,5,1,20.0
2025-02-05,MAX_TOTAL_EXPOSURE,US.AMGN,100.0,293.836216148,5,1,20.0
2025-02-05,MAX_TOTAL_EXPOSURE,US.COST,96.91,1034.549693564,5,1,20.0
2025-02-05,MAX_TOTAL_EXPOSURE,US.FTNT,87.62,105.07,5,1,20.0
2025-02-06,MAX_TOTAL_EXPOSURE,US.PLTR,82.75,111.28,5,1,20.0
2025-02-06,MAX_TOTAL_EXPOSURE,US.TMUS,88.56,240.901228486,5,1,20.0
2025-02-07,MAX_TOTAL_EXPOSURE,US.TTWO,100.0,208.77,5,1,20.0
2025-02-10,MAX_TOTAL_EXPOSURE,US.TMUS,95.94,249.341591955,5,1,20.0
2025-02-11,MAX_TOTAL_EXPOSURE,US.MDLZ,87.63,57.612867023,5,1,20.0
2025-02-12,MAX_TOTAL_EXPOSURE,US.GILD,100.0,99.280353262,5,1,20.0
2025-02-13,MAX_TOTAL_EXPOSURE,US.CRWD,100.0,113.4425,5,1,20.0
2025-02-13,MAX_TOTAL_EXPOSURE,US.APP,100.0,471.67,5,1,20.0
2025-02-13,MAX_TOTAL_EXPOSURE,US.GEHC,100.0,93.263892281,5,1,20.0
2025-02-13,MAX_TOTAL_EXPOSURE,US.TMUS,94.33,258.356991735,5,1,20.0
2025-02-14,MAX_TOTAL_EXPOSURE,US.ABNB,100.0,161.42,5,1,20.0
2025-02-14,MAX_TOTAL_EXPOSURE,US.TMUS,86.2,263.946539598,5,1,20.0
2025-02-18,MAX_TOTAL_EXPOSURE,US.PANW,93.09,208.28,5,1,20.0
2025-02-19,MAX_TOTAL_EXPOSURE,US.ADI,100.0,236.349874323,5,1,20.0
2025-02-19,MAX_TOTAL_EXPOSURE,US.NXPI,100.0,238.99561513,5,1,20.0
2025-02-20,MAX_TOTAL_EXPOSURE,US.TXN,94.33,196.717040602,5,1,20.0
2025-02-20,MAX_TOTAL_EXPOSURE,US.GILD,93.16,105.738237048,5,1,20.0
2025-02-21,MAX_TOTAL_EXPOSURE,US.KDP,100.0,32.482639806,5,1,20.0
2025-02-21,MAX_TOTAL_EXPOSURE,US.MNST,94.88,53.0,5,1,20.0
2025-02-21,MAX_TOTAL_EXPOSURE,US.MELI,100.0,2260.0,5,1,20.0
2025-02-21,MAX_TOTAL_EXPOSURE,US.MDLZ,100.0,61.63480745,5,1,20.0
2025-02-28,MAX_TOTAL_EXPOSURE,US.MNST,94.62,54.65,5,1,20.0
2025-02-28,MAX_TOTAL_EXPOSURE,US.GILD,80.46,109.851293983,5,1,20.0
2025-03-07,MAX_TOTAL_EXPOSURE,US.CMCSA,82.09,32.984131582,6,1,16.7
2025-03-07,MAX_TOTAL_EXPOSURE,US.AMGN,80.18,312.617594049,6,1,16.7
2025-04-29,MAX_POSITIONS,US.OKTA,100.0,112.54,10,7,70.0
2025-04-30,MAX_POSITIONS,US.BKNG,95.21,201.912212721,10,7,70.0
2025-05-01,MAX_POSITIONS,US.IDXX,100.0,471.38,10,7,70.0
2025-05-01,MAX_POSITIONS,US.DDOG,88.02,106.32,10,7,70.0
2025-05-01,MAX_POSITIONS,US.MSFT,100.0,421.255643446,10,7,70.0
2025-05-02,MAX_POSITIONS,US.EA,97.17,150.312703422,10,6,60.0
2025-05-07,MAX_POSITIONS,US.VRSK,100.0,306.669568311,10,7,70.0
2025-05-08,MAX_POSITIONS,US.TTD,95.2,59.9,10,6,60.0
2025-05-08,MAX_POSITIONS,US.WDAY,87.27,257.98,10,6,60.0
2025-05-08,MAX_POSITIONS,US.INTU,84.51,650.784723865,10,6,60.0
2025-05-09,MAX_POSITIONS,US.TTD,100.0,71.04,10,6,60.0
2025-05-12,MAX_POSITIONS,US.SNPS,91.19,505.59,10,6,60.0
2025-05-12,MAX_POSITIONS,US.NXPI,96.34,202.470534419,10,6,60.0
2025-05-12,MAX_POSITIONS,US.IDXX,92.66,509.53,10,6,60.0
2025-05-12,MAX_POSITIONS,US.PCAR,91.14,93.056677403,10,6,60.0
2025-05-12,MAX_POSITIONS,US.ON,96.42,44.62,10,6,60.0
2025-05-12,MAX_POSITIONS,US.TTD,89.05,79.4,10,6,60.0
2025-05-12,MAX_POSITIONS,US.ISRG,88.63,561.43,10,6,60.0
2025-05-12,MAX_POSITIONS,US.NVDA,87.08,122.827860024,10,6,60.0
2025-05-12,MAX_POSITIONS,US.WDAY,89.24,266.57,10,6,60.0
2025-05-12,MAX_POSITIONS,US.SPY,100.0,574.901366458,10,6,60.0
2025-05-12,MAX_POSITIONS,US.PDD,88.99,116.38,10,6,60.0
2025-05-12,MAX_POSITIONS,US.ABNB,100.0,134.21,10,6,60.0
2025-05-12,MAX_POSITIONS,US.AMAT,100.0,166.29376902,10,6,60.0
2025-05-12,MAX_POSITIONS,US.ROST,100.0,147.496458471,10,6,60.0
2025-05-12,MAX_POSITIONS,US.MU,100.0,92.069619878,10,6,60.0
2025-05-12,MAX_POSITIONS,US.LRCX,100.0,81.594257433,10,6,60.0
2025-05-12,MAX_POSITIONS,US.ADI,100.0,219.196170281,10,6,60.0
2025-05-12,MAX_POSITIONS,US.ASML,100.0,744.359138602,10,6,60.0
2025-05-12,MAX_POSITIONS,US.TXN,100.0,182.170407547,10,6,60.0
2025-05-12,MAX_POSITIONS,US.AMZN,100.0,208.64,10,6,60.0
2025-05-12,MAX_POSITIONS,US.META,100.0,636.851097602,10,6,60.0
2025-05-12,MAX_POSITIONS,US.KLAC,100.0,75.378549151,10,6,60.0
2025-05-13,MAX_POSITIONS,US.NVDA,100.0,129.748161405,10,6,60.0
2025-05-13,MAX_POSITIONS,US.KLAC,100.0,78.890406287,10,6,60.0
2025-05-13,MAX_POSITIONS,US.DDOG,91.67,117.31,10,6,60.0
2025-05-13,MAX_POSITIONS,US.LRCX,88.31,84.570339771,10,6,60.0
2025-05-14,MAX_POSITIONS,US.AMD,90.34,117.72,10,6,60.0
2025-05-14,MAX_POSITIONS,US.NVDA,82.76,135.150590045,10,6,60.0
2025-05-15,MAX_POSITIONS,US.CSCO,100.0,62.814182708,10,6,60.0
2025-05-16,MAX_POSITIONS,US.ADBE,100.0,417.125,10,6,60.0
2025-05-22,MAX_POSITIONS,US.SNOW,100.0,203.18,10,6,60.0
2025-05-23,MAX_POSITIONS,US.INTU,100.0,714.317770999,10,6,60.0
2025-05-27,MAX_POSITIONS,US.INTU,95.38,745.890868427,10,6,60.0
2025-05-27,MAX_POSITIONS,US.LIN,83.76,460.266656417,10,6,60.0
2025-06-09,MAX_TOTAL_EXPOSURE,US.TXN,86.97,193.774919305,9,5,55.6
2025-06-10,MAX_TOTAL_EXPOSURE,US.KLAC,91.73,85.110453469,9,5,55.6
2025-06-10,MAX_TOTAL_EXPOSURE,US.QCOM,80.55,155.845247769,9,5,55.6
2025-06-11,MAX_TOTAL_EXPOSURE,US.SBUX,100.0,92.937430285,9,5,55.6
2025-06-13,MAX_TOTAL_EXPOSURE,US.FANG,100.0,151.012910385,9,5,55.6
2025-06-18,MAX_TOTAL_EXPOSURE,US.DDOG,100.0,130.04,9,5,55.6
2025-06-24,MAX_TOTAL_EXPOSURE,US.ASML,86.35,807.027391326,8,4,50.0
2025-06-24,MAX_TOTAL_EXPOSURE,US.MU,88.91,127.604562559,8,4,50.0
2025-06-24,MAX_TOTAL_EXPOSURE,US.ARM,100.0,156.41,8,4,50.0
2025-06-24,MAX_TOTAL_EXPOSURE,US.SNOW,100.0,223.14,8,4,50.0
2025-06-24,MAX_TOTAL_EXPOSURE,US.AMD,100.0,138.43,8,4,50.0
2025-06-24,MAX_TOTAL_EXPOSURE,US.EA,100.0,157.330488983,8,4,50.0
2025-06-25,MAX_TOTAL_EXPOSURE,US.NVDA,100.0,154.104745942,8,4,50.0
2025-06-25,MAX_TOTAL_EXPOSURE,US.AMD,92.31,143.4,8,4,50.0
2025-06-27,MAX_TOTAL_EXPOSURE,US.AMZN,96.13,223.3,8,4,50.0
2025-06-27,MAX_TOTAL_EXPOSURE,US.ARM,90.64,165.46,8,4,50.0
2025-06-30,MAX_TOTAL_EXPOSURE,US.BKNG,80.24,229.627749962,8,4,50.0
2025-07-01,MAX_TOTAL_EXPOSURE,US.PEP,96.9,130.109984832,8,4,50.0
2025-07-01,MAX_TOTAL_EXPOSURE,US.CMCSA,94.22,32.167606215,8,4,50.0
2025-07-01,MAX_TOTAL_EXPOSURE,US.HON,100.0,240.414207706,8,4,50.0
2025-07-01,MAX_TOTAL_EXPOSURE,US.PCAR,99.16,95.77607156,8,4,50.0
2025-07-02,MAX_TOTAL_EXPOSURE,US.TXN,92.93,209.708020948,8,4,50.0
2025-07-02,MAX_TOTAL_EXPOSURE,US.AMAT,89.15,188.626274596,8,4,50.0
2025-07-02,MAX_TOTAL_EXPOSURE,US.NXPI,87.6,227.113258117,8,4,50.0
2025-07-03,MAX_TOTAL_EXPOSURE,US.SNPS,100.0,548.74,8,4,50.0
2025-07-03,MAX_TOTAL_EXPOSURE,US.CDNS,100.0,326.81,8,4,50.0
2025-07-03,MAX_TOTAL_EXPOSURE,US.DDOG,100.0,155.15,8,4,50.0
2025-07-03,MAX_TOTAL_EXPOSURE,US.SPY,86.33,618.486948341,8,4,50.0
2025-07-09,MAX_TOTAL_EXPOSURE,US.VRTX,92.48,478.965,7,3,42.9
2025-07-14,MAX_TOTAL_EXPOSURE,US.FAST,100.0,44.145375113,7,3,42.9
2025-07-15,MAX_TOTAL_EXPOSURE,US.AMD,100.0,155.61,7,3,42.9
2025-07-15,MAX_TOTAL_EXPOSURE,US.TTD,88.92,80.4,7,3,42.9
2025-07-18,MAX_TOTAL_EXPOSURE,US.AEP,82.42,104.10325207,8,4,50.0
2025-07-21,MAX_TOTAL_EXPOSURE,US.GOOG,93.38,190.605715475,8,4,50.0
2025-07-21,MAX_TOTAL_EXPOSURE,US.GOOGL,91.48,189.55922291,8,4,50.0
2025-07-22,MAX_TOTAL_EXPOSURE,US.XEL,100.0,70.875555534,7,3,42.9
2025-07-22,MAX_TOTAL_EXPOSURE,US.PDD,83.12,115.04,7,3,42.9
2025-07-22,MAX_TOTAL_EXPOSURE,US.SNPS,80.65,615.13,7,3,42.9
2025-07-23,MAX_TOTAL_EXPOSURE,US.BKR,100.0,43.92182995,7,3,42.9
2025-07-23,MAX_TOTAL_EXPOSURE,US.PDD,89.97,118.46,7,3,42.9
2025-07-24,MAX_TOTAL_EXPOSURE,US.TMUS,86.56,242.922424882,7,3,42.9
2025-07-24,MAX_TOTAL_EXPOSURE,US.ORLY,100.0,98.16,7,3,42.9
2025-07-25,MAX_TOTAL_EXPOSURE,US.IDXX,100.0,565.19,7,3,42.9
2025-07-25,MAX_TOTAL_EXPOSURE,US.DXCM,81.85,88.99,7,3,42.9
2025-07-28,MAX_TOTAL_EXPOSURE,US.AMD,100.0,173.66,7,3,42.9
2025-07-28,MAX_TOTAL_EXPOSURE,US.FANG,100.0,146.733350147,7,3,42.9
2025-07-28,MAX_TOTAL_EXPOSURE,US.ROST,88.71,139.553754164,7,3,42.9
2025-07-28,MAX_TOTAL_EXPOSURE,US.TTD,84.18,88.46,7,3,42.9
2025-07-29,MAX_TOTAL_EXPOSURE,US.CDNS,100.0,366.26,7,3,42.9
2025-07-29,MAX_TOTAL_EXPOSURE,US.SNPS,88.57,635.81,7,3,42.9
2025-07-30,MAX_TOTAL_EXPOSURE,US.MRVL,90.01,81.586346128,7,3,42.9
2025-07-30,MAX_TOTAL_EXPOSURE,US.AEP,100.0,109.773680604,7,3,42.9
2025-07-31,MAX_TOTAL_EXPOSURE,US.META,100.0,770.913306872,7,3,42.9
2025-08-06,MAX_TOTAL_EXPOSURE,US.ROST,100.0,145.232230313,7,3,42.9
2025-08-06,MAX_TOTAL_EXPOSURE,US.ORLY,98.88,104.44,7,3,42.9
2025-08-08,MAX_TOTAL_EXPOSURE,US.MNST,100.0,64.69,7,2,28.6
2025-08-08,MAX_TOTAL_EXPOSURE,US.EA,91.83,166.982482894,7,2,28.6
2025-08-08,MAX_TOTAL_EXPOSURE,US.GOOGL,87.34,200.847020928,7,2,28.6
2025-08-08,MAX_TOTAL_EXPOSURE,US.GOOG,82.03,201.51456469,7,2,28.6
2025-08-11,MAX_TOTAL_EXPOSURE,US.EA,100.0,175.419261886,7,2,28.6
2025-08-13,MAX_TOTAL_EXPOSURE,US.PEP,93.74,143.663509055,7,2,28.6
2025-08-13,MAX_TOTAL_EXPOSURE,US.FAST,82.69,48.428095174,7,2,28.6
2025-08-22,MAX_TOTAL_EXPOSURE,US.TXN,85.17,201.886773765,7,2,28.6
2025-08-22,MAX_TOTAL_EXPOSURE,US.PDD,100.0,127.11,7,2,28.6
2025-08-28,MAX_TOTAL_EXPOSURE,US.SNOW,100.0,241.0,7,2,28.6
2025-09-03,MAX_TOTAL_EXPOSURE,US.GOOG,100.0,230.441961006,7,2,28.6
2025-09-03,MAX_TOTAL_EXPOSURE,US.GOOGL,100.0,230.003841959,7,2,28.6
2025-09-04,MAX_TOTAL_EXPOSURE,US.CPRT,88.26,49.97,7,2,28.6
2025-09-08,MAX_POSITIONS,US.GEHC,100.0,78.055603563,10,2,20.0
2025-09-08,MAX_POSITIONS,US.ORLY,80.43,106.4,10,2,20.0
2025-09-10,MAX_POSITIONS,US.ARM,100.0,154.14,10,2,20.0
2025-09-11,MAX_POSITIONS,US.TSLA,87.92,368.81,10,2,20.0
2025-09-12,MAX_POSITIONS,US.TSLA,100.0,395.94,10,2,20.0
2025-09-15,MAX_POSITIONS,US.GOOG,100.0,251.267508095,10,2,20.0
2025-09-15,MAX_POSITIONS,US.TSLA,93.09,410.04,10,2,20.0
2025-09-15,MAX_POSITIONS,US.KLAC,91.77,98.471555801,10,2,20.0
2025-09-17,MAX_POSITIONS,US.AMAT,94.96,177.339599782,10,2,20.0
2025-09-18,MAX_POSITIONS,US.AMAT,100.0,188.91799503,10,2,20.0
2025-09-18,MAX_POSITIONS,US.KLAC,100.0,104.225048529,10,2,20.0
2025-09-18,MAX_POSITIONS,US.CRWD,100.0,125.6575,10,2,20.0
2025-09-18,MAX_POSITIONS,US.PLTR,82.29,176.97,10,2,20.0
2025-09-19,MAX_POSITIONS,US.FTNT,100.0,84.21,10,2,20.0
2025-09-22,MAX_POSITIONS,US.AMAT,100.0,199.63025065,10,2,20.0
2025-09-23,MAX_POSITIONS,US.BKR,96.18,48.353915599,10,2,20.0
2025-09-24,MAX_POSITIONS,US.XEL,100.0,76.192031246,10,2,20.0
2025-09-24,MAX_POSITIONS,US.QCOM,83.35,170.934859742,10,2,20.0
2025-09-26,MAX_POSITIONS,US.EA,100.0,192.804340197,10,2,20.0
2025-09-29,MAX_POSITIONS,US.EA,88.36,201.479787623,10,2,20.0
2025-09-30,MAX_POSITIONS,US.AEP,87.17,109.945757812,10,2,20.0
2025-10-01,MAX_POSITIONS,US.AMAT,100.0,216.773841894,10,2,20.0
2025-10-01,MAX_POSITIONS,US.KLAC,100.0,112.408192047,10,2,20.0
2025-10-01,MAX_POSITIONS,US.DDOG,100.0,152.7,10,2,20.0
2025-10-01,MAX_POSITIONS,US.AMGN,100.0,292.140399889,10,2,20.0
2025-10-02,MAX_POSITIONS,US.SNOW,100.0,240.54,10,2,20.0
2025-10-02,MAX_POSITIONS,US.AMD,88.43,169.73,10,2,20.0
2025-10-02,MAX_POSITIONS,US.AMAT,85.64,222.597884216,10,2,20.0
2025-10-02,MAX_POSITIONS,US.ROST,83.68,155.180374916,10,2,20.0
2025-10-06,MAX_POSITIONS,US.MSFT,90.89,525.243492276,10,2,20.0
2025-10-07,MAX_POSITIONS,US.AEP,100.0,115.47725105,10,2,20.0
2025-10-07,MAX_POSITIONS,US.EXC,100.0,45.56268197,10,2,20.0
2025-10-08,MAX_POSITIONS,US.ARM,98.43,166.77,10,2,20.0
2025-10-08,MAX_POSITIONS,US.CSCO,97.89,69.578638587,10,2,20.0
2025-10-08,MAX_POSITIONS,US.VRTX,88.7,421.15,10,2,20.0
2025-10-08,MAX_POSITIONS,US.DDOG,87.27,164.12,10,2,20.0
2025-10-08,MAX_POSITIONS,US.PANW,83.77,217.79,10,2,20.0
2025-10-10,MAX_POSITIONS,US.PEP,100.0,145.777440224,10,2,20.0
2025-10-20,MAX_POSITIONS,US.ON,81.13,54.89,10,2,20.0
2025-10-23,MAX_POSITIONS,US.HON,100.0,223.346219338,10,2,20.0
2025-10-27,MAX_POSITIONS,US.ROST,96.12,159.711478903,10,2,20.0
2025-10-27,MAX_POSITIONS,US.SNOW,80.15,265.97,10,2,20.0
2025-10-27,MAX_POSITIONS,US.SPY,96.15,679.609589862,10,2,20.0
2025-10-27,MAX_POSITIONS,US.GOOG,100.0,269.401964013,10,2,20.0
2025-10-27,MAX_POSITIONS,US.KDP,100.0,28.532929419,10,2,20.0
2025-10-27,MAX_POSITIONS,US.QCOM,100.0,184.851941667,10,2,20.0
2025-10-28,MAX_POSITIONS,US.REGN,100.0,651.901427337,10,2,20.0
2025-10-28,MAX_POSITIONS,US.NVDA,94.72,200.773923965,10,2,20.0
2025-10-28,MAX_POSITIONS,US.CSCO,92.63,71.84417367,10,2,20.0
2025-10-28,MAX_POSITIONS,US.MSFT,91.04,538.658531241,10,2,20.0
2025-10-28,MAX_POSITIONS,US.CRWD,80.55,136.735,10,2,20.0
2025-10-29,MAX_POSITIONS,US.PLTR,85.61,198.81,10,2,20.0
2025-10-29,MAX_POSITIONS,US.AEP,82.76,119.337568768,10,2,20.0
2025-10-30,MAX_POSITIONS,US.GOOG,88.21,281.348548347,10,2,20.0
2025-10-31,MAX_POSITIONS,US.AMZN,100.0,244.22,10,2,20.0
2025-11-03,MAX_POSITIONS,US.IDXX,100.0,722.94,10,2,20.0
2025-11-03,MAX_POSITIONS,US.TEAM,80.89,176.08,10,2,20.0
2025-11-03,MAX_POSITIONS,US.CSCO,80.15,73.654623103,10,2,20.0
2025-11-05,MAX_POSITIONS,US.AMGN,100.0,313.045320967,10,2,20.0
2025-11-06,MAX_POSITIONS,US.DDOG,100.0,190.82,10,2,20.0
2025-11-11,MAX_POSITIONS,US.AMGN,100.0,331.239257429,10,2,20.0
2025-11-13,MAX_POSITIONS,US.CSCO,100.0,76.553320829,10,2,20.0
2025-11-24,MAX_POSITIONS,US.GOOG,100.0,317.847010259,10,2,20.0
2025-11-24,MAX_POSITIONS,US.IDXX,81.61,752.14,10,2,20.0
2025-11-25,MAX_POSITIONS,US.MNST,85.73,74.82,10,2,20.0
2025-11-25,MAX_POSITIONS,US.ADI,100.0,249.665276584,10,2,20.0
2025-12-02,MAX_POSITIONS,US.TXN,100.0,173.243198354,10,2,20.0
2025-12-02,MAX_POSITIONS,US.AMAT,96.87,264.670467096,10,2,20.0
2025-12-03,MAX_POSITIONS,US.SNPS,84.97,466.44,10,2,20.0
2025-12-03,MAX_POSITIONS,US.PCAR,91.88,106.56781257,10,2,20.0
2025-12-03,MAX_POSITIONS,US.TXN,93.97,180.498733421,10,2,20.0
2025-12-03,MAX_POSITIONS,US.GEHC,83.02,83.516185014,10,2,20.0
2025-12-03,MAX_POSITIONS,US.ON,100.0,57.15,10,2,20.0
2025-12-03,MAX_POSITIONS,US.NXPI,100.0,224.616593321,10,2,20.0
2025-12-03,MAX_POSITIONS,US.VRTX,100.0,463.13,10,2,20.0
2025-12-05,MAX_POSITIONS,US.FTNT,85.21,86.92,10,2,20.0
2025-12-05,MAX_POSITIONS,US.ADBE,81.19,346.26,10,2,20.0
2025-12-10,MAX_POSITIONS,US.QCOM,92.14,180.381367771,10,2,20.0
2025-12-10,MAX_POSITIONS,US.PCAR,84.31,111.418052058,10,2,20.0
2025-12-15,MAX_POSITIONS,US.TSLA,80.42,475.31,10,2,20.0
2025-12-16,MAX_POSITIONS,US.CMCSA,100.0,26.847052467,10,2,20.0
2025-12-26,MAX_POSITIONS,US.TTWO,94.75,256.09,10,1,10.0
2026-01-05,MAX_TOTAL_EXPOSURE,US.AMAT,96.78,283.613263501,9,1,11.1
2026-01-05,MAX_TOTAL_EXPOSURE,US.ON,83.13,58.69,9,1,11.1
2026-01-05,MAX_TOTAL_EXPOSURE,US.KLAC,100.0,134.897316211,9,1,11.1
2026-01-06,MAX_TOTAL_EXPOSURE,US.HON,83.88,221.476958637,9,1,11.1
2026-01-06,MAX_TOTAL_EXPOSURE,US.AMAT,94.5,295.274205574,9,1,11.1
2026-01-06,MAX_TOTAL_EXPOSURE,US.PDD,89.31,122.66,9,1,11.1
2026-01-06,MAX_TOTAL_EXPOSURE,US.PCAR,100.0,116.414344352,9,1,11.1
2026-01-06,MAX_TOTAL_EXPOSURE,US.ON,90.35,61.76,9,1,11.1
2026-01-06,MAX_TOTAL_EXPOSURE,US.TXN,100.0,189.889412323,9,1,11.1
2026-01-06,MAX_TOTAL_EXPOSURE,US.ADI,100.0,291.227921251,9,1,11.1
2026-01-06,MAX_TOTAL_EXPOSURE,US.AMZN,100.0,240.93,9,1,11.1
2026-01-06,MAX_TOTAL_EXPOSURE,US.NXPI,100.0,243.852991931,9,1,11.1
2026-01-07,MAX_TOTAL_EXPOSURE,US.AMGN,100.0,336.746081819,9,1,11.1
2026-01-07,MAX_TOTAL_EXPOSURE,US.VRTX,100.0,484.15,9,1,11.1
2026-01-07,MAX_TOTAL_EXPOSURE,US.REGN,100.0,810.08416031,9,1,11.1
2026-01-08,MAX_TOTAL_EXPOSURE,US.ADI,84.3,297.411568653,9,1,11.1
2026-01-15,MAX_TOTAL_EXPOSURE,US.SBUX,84.57,92.142232311,9,1,11.1
2026-01-15,MAX_TOTAL_EXPOSURE,US.FAST,86.09,43.061040166,9,1,11.1
2026-01-15,MAX_TOTAL_EXPOSURE,US.AMAT,84.48,318.286860291,9,1,11.1
2026-01-15,MAX_TOTAL_EXPOSURE,US.CPRT,100.0,41.25,9,1,11.1
2026-01-15,MAX_TOTAL_EXPOSURE,US.KLAC,100.0,154.098826318,9,1,11.1
2026-01-15,MAX_TOTAL_EXPOSURE,US.BKR,93.07,51.631918208,9,1,11.1
2026-01-16,MAX_TOTAL_EXPOSURE,US.HON,97.44,237.092953818,8,0,0.0
2026-01-20,MAX_TOTAL_EXPOSURE,US.MNST,100.0,81.47,8,0,0.0
2026-01-21,MAX_TOTAL_EXPOSURE,US.ORLY,100.0,98.78,8,0,0.0
2026-01-21,MAX_TOTAL_EXPOSURE,US.AMD,99.08,249.8,8,0,0.0
2026-01-21,MAX_TOTAL_EXPOSURE,US.SBUX,98.05,95.253810696,8,0,0.0
2026-01-21,MAX_TOTAL_EXPOSURE,US.BKR,89.72,53.210663399,8,0,0.0
2026-01-23,MAX_TOTAL_EXPOSURE,US.GILD,84.81,134.279903863,8,0,0.0
2026-01-27,MAX_TOTAL_EXPOSURE,US.GILD,85.69,139.258721751,8,0,0.0
2026-01-27,MAX_TOTAL_EXPOSURE,US.MELI,80.84,2295.0,8,0,0.0
2026-01-28,MAX_TOTAL_EXPOSURE,US.TXN,100.0,213.682427183,8,0,0.0
2026-01-29,MAX_TOTAL_EXPOSURE,US.HON,90.27,245.576383725,8,0,0.0
2026-01-29,MAX_TOTAL_EXPOSURE,US.META,100.0,736.995350447,8,0,0.0
2026-01-30,MAX_TOTAL_EXPOSURE,US.PEP,100.0,150.684717021,8,0,0.0
2026-02-02,MAX_TOTAL_EXPOSURE,US.CSCO,82.57,80.20539451,8,0,0.0
2026-02-02,MAX_TOTAL_EXPOSURE,US.TXN,80.82,223.872493446,8,0,0.0
2026-02-03,MAX_TOTAL_EXPOSURE,US.CSCO,100.0,82.662082561,8,0,0.0
2026-02-03,MAX_TOTAL_EXPOSURE,US.PEP,100.0,159.727957866,8,0,0.0
2026-02-03,MAX_TOTAL_EXPOSURE,US.FAST,100.0,46.094381595,8,0,0.0
2026-02-03,MAX_TOTAL_EXPOSURE,US.PCAR,92.1,127.172827491,8,0,0.0
2026-02-04,MAX_TOTAL_EXPOSURE,US.AAPL,84.13,275.977253165,8,0,0.0
2026-02-04,MAX_TOTAL_EXPOSURE,US.HON,86.76,254.340793477,8,0,0.0
2026-02-04,MAX_TOTAL_EXPOSURE,US.PEP,90.32,162.99411752,8,0,0.0
2026-02-04,MAX_TOTAL_EXPOSURE,US.LIN,94.69,470.258360938,8,0,0.0
2026-02-04,MAX_TOTAL_EXPOSURE,US.FAST,100.0,48.024098908,8,0,0.0
2026-02-04,MAX_TOTAL_EXPOSURE,US.AMGN,100.0,360.954265197,8,0,0.0
2026-02-05,MAX_TOTAL_EXPOSURE,US.GILD,81.52,147.556751564,8,0,0.0
2026-02-06,MAX_TOTAL_EXPOSURE,US.ALGN,100.0,187.6,8,0,0.0
2026-02-06,MAX_TOTAL_EXPOSURE,US.AMGN,94.82,378.814700166,8,0,0.0
2026-02-06,MAX_TOTAL_EXPOSURE,US.PEP,85.06,167.221489325,8,0,0.0
2026-02-09,MAX_TOTAL_EXPOSURE,US.CSCO,94.43,86.312303268,8,0,0.0
2026-02-11,MAX_TOTAL_EXPOSURE,US.TMUS,88.28,207.411895206,8,0,0.0
2026-02-11,MAX_TOTAL_EXPOSURE,US.BKR,85.87,60.81644212,8,0,0.0
2026-02-11,MAX_TOTAL_EXPOSURE,US.KDP,100.0,29.418757727,8,0,0.0
2026-02-11,MAX_TOTAL_EXPOSURE,US.ADI,100.0,335.030413947,8,0,0.0
2026-02-11,MAX_TOTAL_EXPOSURE,US.ON,89.54,71.18,8,0,0.0
2026-02-12,MAX_TOTAL_EXPOSURE,US.EXC,100.0,46.707049481,8,0,0.0
2026-02-12,MAX_TOTAL_EXPOSURE,US.AEP,100.0,125.518429712,8,0,0.0
2026-02-13,MAX_TOTAL_EXPOSURE,US.XEL,100.0,80.386102916,8,0,0.0
2026-02-24,MAX_TOTAL_EXPOSURE,US.KDP,100.0,30.540784619,8,1,12.5
2026-02-25,MAX_TOTAL_EXPOSURE,US.AMAT,95.03,394.459608752,8,1,12.5
2026-02-25,MAX_TOTAL_EXPOSURE,US.CEG,92.39,324.900240294,8,1,12.5
2026-02-27,MAX_TOTAL_EXPOSURE,US.NFLX,100.0,96.24,8,1,12.5
2026-04-08,MAX_TOTAL_EXPOSURE,US.FAST,85.6,47.924628944,9,3,33.3
2026-04-08,MAX_TOTAL_EXPOSURE,US.PCAR,100.0,123.805442684,9,3,33.3
2026-04-08,MAX_TOTAL_EXPOSURE,US.ON,100.0,68.38,9,3,33.3
2026-04-08,MAX_TOTAL_EXPOSURE,US.TXN,100.0,207.843935296,9,3,33.3
2026-04-09,MAX_TOTAL_EXPOSURE,US.AMZN,100.0,233.65,9,3,33.3
2026-04-09,MAX_TOTAL_EXPOSURE,US.PCAR,91.46,126.656586625,9,3,33.3
2026-04-09,MAX_TOTAL_EXPOSURE,US.AEP,91.17,136.161137665,9,3,33.3
2026-04-09,MAX_TOTAL_EXPOSURE,US.TXN,89.43,213.893198707,9,3,33.3
2026-04-09,MAX_TOTAL_EXPOSURE,US.FAST,83.09,48.839752618,9,3,33.3
2026-04-10,MAX_TOTAL_EXPOSURE,US.AVGO,97.16,370.962890437,8,2,25.0
2026-04-10,MAX_TOTAL_EXPOSURE,US.AMD,85.11,245.04,8,2,25.0
2026-04-14,MAX_TOTAL_EXPOSURE,US.NFLX,95.54,106.28,7,2,28.6
2026-04-14,MAX_TOTAL_EXPOSURE,US.GOOG,100.0,330.381160096,7,2,28.6
2026-04-14,MAX_TOTAL_EXPOSURE,US.GOOGL,100.0,332.711263716,7,2,28.6
2026-04-14,MAX_TOTAL_EXPOSURE,US.AMZN,100.0,249.02,7,2,28.6
2026-04-14,MAX_TOTAL_EXPOSURE,US.NVDA,100.0,196.281233866,7,2,28.6
2026-04-14,MAX_TOTAL_EXPOSURE,US.META,100.0,661.876561422,7,2,28.6
2026-04-16,MAX_TOTAL_EXPOSURE,US.AMD,100.0,278.26,7,1,14.3
2026-04-16,MAX_TOTAL_EXPOSURE,US.ON,100.0,79.93,7,1,14.3
2026-04-17,MAX_TOTAL_EXPOSURE,US.TXN,96.54,228.658177164,7,1,14.3
2026-04-17,MAX_TOTAL_EXPOSURE,US.ON,88.29,83.01,7,1,14.3
2026-04-17,MAX_TOTAL_EXPOSURE,US.CSCO,81.06,86.25,7,1,14.3
2026-04-20,MAX_TOTAL_EXPOSURE,US.ARM,85.44,175.1,7,1,14.3
2026-04-22,MAX_TOTAL_EXPOSURE,US.ARM,100.0,196.57,7,1,14.3
2026-04-22,MAX_TOTAL_EXPOSURE,US.AMD,100.0,303.46,7,1,14.3
2026-04-22,MAX_TOTAL_EXPOSURE,US.AVGO,100.0,421.982144108,7,1,14.3
2026-04-23,MAX_TOTAL_EXPOSURE,US.NXPI,100.0,240.344715934,7,1,14.3
2026-04-23,MAX_TOTAL_EXPOSURE,US.ON,100.0,97.78,7,1,14.3
2026-04-23,MAX_TOTAL_EXPOSURE,US.TXN,100.0,280.803225747,7,1,14.3
2026-04-23,MAX_TOTAL_EXPOSURE,US.KDP,100.0,28.328219549,7,1,14.3
2026-04-23,MAX_TOTAL_EXPOSURE,US.CMCSA,100.0,31.214696512,7,1,14.3
2026-04-23,MAX_TOTAL_EXPOSURE,US.ARM,86.2,204.61,7,1,14.3
2026-04-24,MAX_TOTAL_EXPOSURE,US.AMZN,85.53,263.99,7,1,14.3
2026-04-24,MAX_TOTAL_EXPOSURE,US.NVDA,87.66,208.02754352,7,1,14.3
2026-04-24,MAX_TOTAL_EXPOSURE,US.ARM,100.0,234.81,7,1,14.3
2026-04-24,MAX_TOTAL_EXPOSURE,US.BKR,100.0,68.710233252,7,1,14.3
2026-04-24,MAX_TOTAL_EXPOSURE,US.SNPS,100.0,500.82,7,1,14.3
2026-04-24,MAX_TOTAL_EXPOSURE,US.AMD,100.0,347.81,7,1,14.3
2026-04-24,MAX_TOTAL_EXPOSURE,US.QCOM,100.0,148.30225388,7,1,14.3
2026-04-27,MAX_TOTAL_EXPOSURE,US.NVDA,99.13,216.357834551,7,1,14.3
2026-04-29,MAX_TOTAL_EXPOSURE,US.NXPI,100.0,288.272139177,7,1,14.3
2026-04-29,MAX_TOTAL_EXPOSURE,US.ADP,100.0,213.440644007,7,1,14.3
2026-04-29,MAX_TOTAL_EXPOSURE,US.SBUX,100.0,104.885244326,7,1,14.3
2026-04-29,MAX_TOTAL_EXPOSURE,US.MDLZ,100.0,60.532601825,7,1,14.3
2026-04-30,MAX_TOTAL_EXPOSURE,US.QCOM,100.0,178.919171998,7,1,14.3
2026-04-30,MAX_TOTAL_EXPOSURE,US.GOOGL,100.0,384.570287098,7,1,14.3
2026-04-30,MAX_TOTAL_EXPOSURE,US.GOOG,100.0,381.710267673,7,1,14.3
2026-04-30,MAX_TOTAL_EXPOSURE,US.ORLY,100.0,99.4,7,1,14.3
2026-05-01,MAX_TOTAL_EXPOSURE,US.TEAM,100.0,88.88,7,1,14.3
2026-05-04,MAX_TOTAL_EXPOSURE,US.MU,100.0,576.45,7,1,14.3
2026-05-04,MAX_TOTAL_EXPOSURE,US.FANG,95.78,212.521133649,7,1,14.3
2026-05-05,MAX_TOTAL_EXPOSURE,US.MU,100.0,640.2,7,1,14.3
2026-05-06,MAX_TOTAL_EXPOSURE,US.AMD,100.0,421.39,7,1,14.3
2026-05-07,MAX_TOTAL_EXPOSURE,US.PANW,100.0,196.53,7,1,14.3
2026-05-07,MAX_TOTAL_EXPOSURE,US.CRWD,100.0,126.43,7,1,14.3
2026-05-07,MAX_TOTAL_EXPOSURE,US.FTNT,100.0,107.97,7,1,14.3
2026-05-07,MAX_TOTAL_EXPOSURE,US.ZS,100.0,152.79,7,1,14.3
2026-05-07,MAX_TOTAL_EXPOSURE,US.DDOG,100.0,188.73,7,1,14.3
2026-05-08,MAX_TOTAL_EXPOSURE,US.ASML,80.51,1592.02,7,1,14.3
2026-05-08,MAX_TOTAL_EXPOSURE,US.TSLA,89.1,428.35,7,1,14.3
2026-05-08,MAX_TOTAL_EXPOSURE,US.MNST,100.0,86.29,7,1,14.3
2026-05-08,MAX_TOTAL_EXPOSURE,US.AMD,100.0,455.19,7,1,14.3
2026-05-08,MAX_TOTAL_EXPOSURE,US.PANW,100.0,207.88,7,1,14.3
2026-05-08,MAX_TOTAL_EXPOSURE,US.MU,100.0,746.81,7,1,14.3
2026-05-08,MAX_TOTAL_EXPOSURE,US.CRWD,100.0,131.9425,7,1,14.3
2026-05-11,MAX_TOTAL_EXPOSURE,US.MU,100.0,795.33,7,1,14.3
2026-05-11,MAX_TOTAL_EXPOSURE,US.TSLA,90.09,445.0,7,1,14.3
2026-05-11,MAX_TOTAL_EXPOSURE,US.QCOM,81.36,236.655924516,7,1,14.3
2026-05-11,MAX_TOTAL_EXPOSURE,US.PANW,80.03,213.66,7,1,14.3
2026-05-13,MAX_TOTAL_EXPOSURE,US.PANW,100.0,227.79,7,1,14.3
2026-05-13,MAX_TOTAL_EXPOSURE,US.TXN,90.28,306.34,7,1,14.3
2026-05-13,MAX_TOTAL_EXPOSURE,US.ON,100.0,115.71,7,1,14.3
2026-05-14,MAX_TOTAL_EXPOSURE,US.NVDA,100.0,235.465564457,7,1,14.3
2026-05-14,MAX_TOTAL_EXPOSURE,US.PANW,100.0,238.21,7,1,14.3
2026-05-14,MAX_TOTAL_EXPOSURE,US.TTWO,100.0,242.41,7,1,14.3
2026-05-14,MAX_TOTAL_EXPOSURE,US.FTNT,92.51,121.86,7,1,14.3
2026-05-18,MAX_TOTAL_EXPOSURE,US.CRWD,90.95,154.7075,7,1,14.3
2026-05-18,MAX_TOTAL_EXPOSURE,US.ZS,100.0,174.69,7,1,14.3
2026-05-18,MAX_TOTAL_EXPOSURE,US.ADP,100.0,221.261309286,7,1,14.3
2026-05-18,MAX_TOTAL_EXPOSURE,US.COST,95.29,1076.47,7,1,14.3
2026-05-19,MAX_TOTAL_EXPOSURE,US.COST,80.01,1094.32,7,1,14.3
2026-05-20,MAX_TOTAL_EXPOSURE,US.DXCM,100.0,71.44,7,1,14.3
2026-05-20,MAX_TOTAL_EXPOSURE,US.ARM,100.0,256.73,7,1,14.3
2026-05-21,MAX_TOTAL_EXPOSURE,US.ARM,100.0,298.23,7,1,14.3
2026-05-21,MAX_TOTAL_EXPOSURE,US.HON,86.32,244.395372697,7,1,14.3
2026-05-22,MAX_TOTAL_EXPOSURE,US.FTNT,85.77,133.93,7,1,14.3
2026-05-22,MAX_TOTAL_EXPOSURE,US.PANW,82.11,260.58,7,1,14.3
2026-05-22,MAX_TOTAL_EXPOSURE,US.CDNS,80.32,373.59,7,1,14.3
2026-05-26,MAX_TOTAL_EXPOSURE,US.AMD,90.41,503.89,7,1,14.3
2026-05-26,MAX_TOTAL_EXPOSURE,US.MU,100.0,895.88,7,1,14.3
2026-05-26,MAX_TOTAL_EXPOSURE,US.NXPI,100.0,331.545350182,7,1,14.3
2026-05-26,MAX_TOTAL_EXPOSURE,US.ON,100.0,127.0,7,1,14.3
2026-05-26,MAX_TOTAL_EXPOSURE,US.TXN,90.76,324.89,7,1,14.3
2026-05-27,MAX_TOTAL_EXPOSURE,US.APP,91.85,567.83,7,1,14.3
2026-05-29,MAX_TOTAL_EXPOSURE,US.PLTR,100.0,156.54,7,1,14.3
2026-05-29,MAX_TOTAL_EXPOSURE,US.OKTA,100.0,123.27,7,1,14.3
2026-05-29,MAX_TOTAL_EXPOSURE,US.DDOG,100.0,247.35,7,1,14.3
2026-05-29,MAX_TOTAL_EXPOSURE,US.WDAY,100.0,146.19,7,1,14.3
2026-05-29,MAX_TOTAL_EXPOSURE,US.PANW,100.0,281.69,7,1,14.3
2026-05-29,MAX_TOTAL_EXPOSURE,US.CRWD,100.0,182.75,7,1,14.3
2026-05-29,MAX_TOTAL_EXPOSURE,US.MSFT,100.0,450.24,7,1,14.3
2026-05-29,MAX_TOTAL_EXPOSURE,US.TEAM,100.0,107.61,7,1,14.3
2026-06-01,MAX_TOTAL_EXPOSURE,US.ADP,98.98,231.979987586,7,1,14.3
2026-06-01,MAX_TOTAL_EXPOSURE,US.MU,96.61,1035.5,7,1,14.3
2026-06-01,MAX_TOTAL_EXPOSURE,US.FTNT,100.0,147.14,7,1,14.3
2026-06-01,MAX_TOTAL_EXPOSURE,US.MSFT,89.71,460.52,7,1,14.3
2026-06-01,MAX_TOTAL_EXPOSURE,US.ARM,100.0,408.85,7,1,14.3
2026-06-01,MAX_TOTAL_EXPOSURE,US.ADBE,92.05,274.03,7,1,14.3
2026-06-01,MAX_TOTAL_EXPOSURE,US.PAYX,100.0,102.44,7,1,14.3
2026-06-01,MAX_TOTAL_EXPOSURE,US.PANW,100.0,300.48,7,1,14.3
2026-06-01,MAX_TOTAL_EXPOSURE,US.DDOG,100.0,277.49,7,1,14.3
2026-06-01,MAX_TOTAL_EXPOSURE,US.WDAY,100.0,157.23,7,1,14.3
2026-06-01,MAX_TOTAL_EXPOSURE,US.TEAM,100.0,115.95,7,1,14.3
2026-06-01,MAX_TOTAL_EXPOSURE,US.CRWD,100.0,195.5425,7,1,14.3
2026-06-01,MAX_TOTAL_EXPOSURE,US.CDNS,100.0,414.16,7,1,14.3
2026-06-01,MAX_TOTAL_EXPOSURE,US.OKTA,100.0,139.79,7,1,14.3
2026-06-02,MAX_TOTAL_EXPOSURE,US.AMAT,100.0,490.05,7,1,14.3
2026-06-02,MAX_TOTAL_EXPOSURE,US.AVGO,93.34,480.809040904,7,1,14.3
2026-06-02,MAX_TOTAL_EXPOSURE,US.ASML,88.17,1705.37,7,1,14.3
2026-06-03,MAX_TOTAL_EXPOSURE,US.FAST,88.91,46.46,7,1,14.3
2026-06-04,MAX_TOTAL_EXPOSURE,US.CTAS,97.68,179.96,7,1,14.3
2026-06-11,MAX_TOTAL_EXPOSURE,US.ASML,86.4,1899.48,7,1,14.3
2026-06-25,MAX_TOTAL_EXPOSURE,US.AMAT,81.23,668.0,7,2,28.6
2026-06-26,MAX_TOTAL_EXPOSURE,US.KDP,100.0,33.4,7,2,28.6
2026-06-29,MAX_TOTAL_EXPOSURE,US.PANW,100.0,332.0,7,2,28.6
2026-07-02,MAX_TOTAL_EXPOSURE,US.ADP,90.08,242.27,7,2,28.6
2026-07-02,MAX_TOTAL_EXPOSURE,US.REGN,86.9,654.27,7,2,28.6
2026-07-02,MAX_TOTAL_EXPOSURE,US.AMGN,100.0,374.15,7,2,28.6
2026-07-02,MAX_TOTAL_EXPOSURE,US.PAYX,80.36,106.35,7,2,28.6
