date,day_idx,incoming_code,victim_code,replacement_type,old_score,new_score,score_difference,margin,margin_satisfied,decision,victim_strategy,victim_holding_days,victim_entry_atr,victim_avg_cost,incoming_strategy,n_observation_pool_size,weather_code,same_sector,victim_atr_pct,day_of_week,month,victim_recent_return_20d,victim_recent_vol_20d,candidate_recent_return_20d,candidate_recent_vol_20d,alpha_5d,alpha_10d,alpha_20d,alpha_60d
2015-03-20,53,US.ADI,US.FTNT,OBSERVATION_EVICT,42.65,92.5,49.85,45.0,True,REPLACE,atr_breakout,2,0.15741518591119288,6.97,atr_breakout,1,2,False,0.02258467516659869,4,3,0.043439716312056786,0.015695357149845438,0.0397863254656452,0.011666250391725051,-0.015841444034570773,0.053772391043850565,0.06265082846728576,-0.10530635023559376
2015-04-10,67,US.ISRG,US.WDAY,OBSERVATION_EVICT,49.55,100.0,50.45,45.0,True,REPLACE,atr_breakout,4,2.7128399162142545,88.5,atr_breakout,2,2,False,0.03065355837530231,4,4,0.06649032102921737,0.01656168972079566,0.06231347019304945,0.012144176291679703,0.068312425766201,-0.04416533391771893,-0.07708574796362122,0.03239455823470805
2015-04-10,67,US.DXCM,US.VRSK,OBSERVATION_EVICT,51.14,100.0,48.86,45.0,True,REPLACE,atr_breakout,5,1.0678737470666597,68.710124267,atr_breakout,1,2,False,0.015541723413525197,4,4,0.02619718309651753,0.006113946091044929,0.1368050904219693,0.021443761779711894,0.006781893188127497,0.025154244485947164,-0.010832664469022202,0.18645160239700487
2015-04-16,71,US.NFLX,US.GILD,OBSERVATION_EVICT,40.18,100.0,59.82,45.0,True,REPLACE,atr_breakout,1,1.4028109884441176,71.397653321,atr_breakout,1,2,False,0.01964785848264725,3,4,0.030514559245286677,0.011805817883989975,0.3283465681839586,0.04432528710973584,-0.023367034155823307,0.01751076379039962,-0.008130504870534017,0.14648810022255976
2015-04-21,74,US.PCAR,US.MELI,OBSERVATION_EVICT,46.69,100.0,53.31,45.0,True,REPLACE,atr_breakout,1,2.9174170854465133,132.297382166,atr_breakout,2,2,False,0.02205196382333467,1,4,0.09277112662086773,0.012657534881057865,0.048668944093158695,0.016499226310911597,-0.021210626294982715,-0.11422155363130237,-0.07807169348172083,-0.008876240922630951
2015-04-21,74,US.PANW,US.AMZN,OBSERVATION_EVICT,48.87,98.84,49.97,45.0,True,REPLACE,atr_breakout,1,0.36470335521072345,19.4755,atr_breakout,1,2,False,0.018726264034850115,1,4,0.042840766708432065,0.012992546889546508,0.09234361732717788,0.021828711242975942,-0.10453526594606777,-0.12426469979144816,-0.052393259651137614,0.015695956560138224
2015-05-14,91,US.ADBE,US.CTAS,OBSERVATION_EVICT,43.26,100.0,56.74,45.0,True,REPLACE,atr_breakout,1,0.2686954563832079,18.705934155,atr_breakout,4,2,False,0.014364182732429162,3,5,0.03634481919604626,0.009521072383319196,0.05695276114437786,0.012518958367896828,0.0010089511310220622,-0.015735588699329672,-0.005571566065297517,0.014860936196504193
2015-05-14,91,US.HON,US.EA,OBSERVATION_EVICT,47.55,85.36,37.81,45.0,False,KEEP,atr_breakout,6,1.3652897086286713,59.129946959,atr_breakout,3,2,False,0.023089648796325607,3,5,0.10956735841870824,0.015380225284720958,0.02660914921219293,0.012258358057649667,0.010845336602883338,-0.012509816598278323,-0.013980903553533208,-0.15823140842301076
2015-05-20,95,US.ADI,US.EA,OBSERVATION_EVICT,47.55,100.0,52.45,45.0,True,REPLACE,atr_breakout,10,1.3652897086286713,59.129946959,atr_breakout,2,2,False,0.023089648796325607,2,5,0.040715659227728684,0.01332210097350722,0.026205613256722327,0.015150310186273325,0.021849411766971416,0.011306458210122106,-0.010436276946309109,-0.27554484933470014
2015-05-21,96,US.TMUS,US.CTAS,OBSERVATION_EVICT,48.79,89.58,40.79,45.0,False,KEEP,atr_breakout,4,0.25893483004980666,18.994914718,atr_breakout,1,2,False,0.01363179745179031,3,5,0.047746324864143874,0.009381148019246855,0.05255516842560404,0.014001871643957955,0.07429105624212773,0.11911349243636193,0.07378235558866941,0.12499360246667823
2015-05-22,97,US.INTU,US.CTAS,OBSERVATION_EVICT,48.79,100.0,51.21,45.0,True,REPLACE,atr_breakout,5,0.25893483004980666,18.994914718,atr_breakout,1,2,False,0.01363179745179031,4,5,0.0472421770328777,0.009394045302880998,0.054680167944028524,0.010678734876104067,-0.007126443321315623,-0.011635201979594556,-0.029590802339226063,-0.04048129389042665
2015-05-27,99,US.AVGO,US.PANW,OBSERVATION_EVICT,45.29,100.0,54.71,45.0,True,REPLACE,atr_breakout,1,0.5854305947697466,27.306393436,atr_breakout,1,2,False,0.021439323217174882,2,5,0.04808194156072387,0.016325982703529068,0.2111605027189971,0.026644568892961948,-0.041772910354051174,-0.07733479528726916,-0.12325071097451246,-0.189352697993053
2015-07-07,127,US.AEP,US.AMAT,OBSERVATION_EVICT,44.89,100.0,55.11,45.0,True,REPLACE,boll_mr,4,0.331715769981191,16.870865271,atr_breakout,2,1,False,0.019662048428031157,1,7,-0.03522898840883304,0.011426213481910832,0.053971659888896406,0.01124090373031027,-0.0027888895470772335,0.04664234347542806,0.1281246759839817,0.25491272900898354
2015-07-07,127,US.XEL,US.QCOM,OBSERVATION_EVICT,50.96,100.0,49.04,45.0,True,REPLACE,boll_mr,4,0.7445516434163294,45.440711869,atr_breakout,1,1,False,0.0163851227851091,1,7,-0.06651802305109833,0.010299149720917212,0.05867628677048908,0.009878883618374336,-0.028480396492506332,-0.05909649613955681,-0.0026784388366583034,0.1922503701544157
2015-08-10,151,US.TXN,US.XEL,OBSERVATION_EVICT,45.27,88.92,43.65,45.0,False,KEEP,atr_breakout,1,0.3965866340214555,25.035307275,atr_breakout,1,1,False,0.015841093127603942,0,8,0.041741204566922985,0.010103742475194877,0.06296361588942245,0.01502626840609244,-0.05270896694591276,-0.11401562211906668,-0.011858050231901562,0.0673361911209398
2015-08-13,154,US.ORLY,US.XEL,OBSERVATION_EVICT,45.27,100.0,54.73,45.0,True,REPLACE,atr_breakout,4,0.3965866340214555,25.035307275,atr_breakout,1,1,False,0.015841093127603942,3,8,0.042203985953484624,0.010208965232930188,0.06256015402008219,0.009268361945236218,-0.02289411363607774,0.0007063153013692203,0.03570990001233676,0.08657403966504473
2015-10-08,193,US.MDLZ,US.COST,OBSERVATION_EVICT,43.17,88.4,45.23,45.0,True,REPLACE,atr_breakout,11,2.2116987489569246,121.712606476,atr_breakout,3,2,True,0.01817148455688557,3,10,0.08320834226751717,0.009466217274927536,0.07492299977720873,0.01692503264819369,-0.008048401445309272,-0.005952289581411474,-0.01744069579614793,-0.07951405238609965
2015-10-09,194,US.COST,US.XEL,OBSERVATION_EVICT,51.09,91.12,40.03,45.0,False,KEEP,atr_breakout,11,0.4307700485537113,24.669685935,atr_breakout,2,2,False,0.017461513279443834,4,10,0.07369062060919207,0.009731695703597923,0.09159872386531887,0.009768899517420186,-0.045587089993815,-0.021969937574435994,0.034595582196015995,-0.011133849011711439
2015-10-14,197,US.ON,US.XEL,OBSERVATION_EVICT,51.09,89.9,38.81,45.0,False,KEEP,atr_breakout,14,0.4307700485537113,24.669685935,atr_breakout,2,2,False,0.017461513279443834,2,10,0.07883693046731333,0.010049536098269182,0.04780487804878053,0.02750376785205137,-0.05736178528823144,0.02561258738524108,0.04349115701931394,-0.22462648938285057
2015-10-16,199,US.ADBE,US.XEL,OBSERVATION_EVICT,51.09,84.16,33.07,45.0,False,KEEP,atr_breakout,16,0.4307700485537113,24.669685935,atr_breakout,2,2,False,0.017461513279443834,4,10,0.08325899497259504,0.009587460352322849,0.09132307692307684,0.02197446157044756,-0.009409493951626713,0.021847145448271266,0.0429260836089419,-0.004428109865358687
2015-10-19,200,US.BKNG,US.XEL,OBSERVATION_EVICT,51.09,83.65,32.56,45.0,False,KEEP,atr_breakout,17,0.4307700485537113,24.669685935,atr_breakout,2,2,False,0.017461513279443834,0,10,0.06303136910363816,0.009459082552641867,0.05250558324394228,0.018425695639304518,0.014864218167699006,0.07747829953666308,-0.06091890729149696,-0.20676354489042426
2015-10-21,202,US.KLAC,US.XEL,OBSERVATION_EVICT,51.09,100.0,48.91,45.0,True,REPLACE,atr_breakout,19,0.4307700485537113,24.669685935,atr_breakout,2,2,False,0.017461513279443834,2,10,0.07241278219721159,0.009417365144118837,0.3430809248262796,0.043533008549698875,0.04379701629331201,0.0602537495366432,0.08408572252967372,-0.01311023333596073
2015-10-22,203,US.TXN,US.AEP,OBSERVATION_EVICT,53.9,100.0,46.1,45.0,True,REPLACE,atr_breakout,16,0.7221980540515078,36.781216439,atr_breakout,1,2,False,0.019634969257997244,3,10,0.07333466873825456,0.01013054705553395,0.24256684493130276,0.029790877219408284,0.034721582622811,0.043946764929338356,0.04622258658944711,-0.13844511002919757
2015-11-18,222,US.VRTX,US.NFLX,OBSERVATION_EVICT,51.44,89.58,38.14,45.0,False,KEEP,atr_breakout,1,0.5229048029915263,11.71,atr_breakout,1,2,False,0.044654551920711036,2,11,0.23142098815843215,0.030562877048790054,0.21565407772304312,0.026547532042080303,-0.03894335990738684,-0.13527726247944183,-0.13054807600036766,-0.12330333660633463
2015-11-20,224,US.INTU,US.NFLX,OBSERVATION_EVICT,51.44,100.0,48.56,45.0,True,REPLACE,atr_breakout,3,0.5229048029915263,11.71,atr_breakout,1,2,False,0.044654551920711036,4,11,0.23790483806477414,0.03054350869990906,0.053706350825285076,0.015401139698293015,-0.02495155038765795,-0.05461886305529362,-0.014647932823853127,0.22418039884106455
2016-02-19,284,US.AMAT,US.HON,OBSERVATION_EVICT,43.89,87.4,43.51,45.0,False,KEEP,atr_breakout,3,2.037739792448401,81.424876397,atr_breakout,7,2,False,0.02502601026390356,4,2,0.12216259003070795,0.01818961989903095,0.09339678761469594,0.03088735525368831,0.07653211631680534,0.045428485626319404,0.06514541528236051,0.002074593566687044
2016-02-22,285,US.QCOM,US.HON,OBSERVATION_EVICT,43.89,83.4,39.51,45.0,False,KEEP,atr_breakout,4,2.037739792448401,81.424876397,atr_breakout,7,2,False,0.02502601026390356,0,2,0.0828203255664024,0.01905906610115731,0.06677761597677678,0.03515436580945449,0.03349195114767045,0.018849876028795842,-0.057130386812383804,-0.07759639927648365
2016-02-25,288,US.CPRT,US.HON,OBSERVATION_EVICT,43.89,100.0,56.11,45.0,True,REPLACE,atr_breakout,7,2.037739792448401,81.424876397,atr_breakout,6,2,True,0.02502601026390356,3,2,0.08901053736206976,0.017750593797987026,0.14971325083006337,0.013943431967910097,0.007432046905574197,0.00868981602450547,-0.007186091457849875,0.039113077493705184
2016-03-01,291,US.WDAY,US.CSCO,OBSERVATION_EVICT,45.41,100.0,54.59,45.0,True,REPLACE,atr_breakout,11,0.5659086793915318,18.391959764,atr_breakout,5,2,False,0.030769351752238414,1,3,0.14267461669156778,0.026722081091311398,0.10641579272054269,0.06781422096187949,-0.01530878111330114,-0.05142618064089055,0.0005797013584012412,-0.0030050545812094764
2016-03-01,291,US.FAST,US.PAYX,OBSERVATION_EVICT,48.37,85.67,37.3,45.0,False,KEEP,atr_breakout,11,0.888668330604655,35.673483202,atr_breakout,4,2,False,0.02491117353392709,1,3,0.08810754914342223,0.012027958076639353,0.15479723056452688,0.026606104369500023,0.00805071617635189,-0.0023894058330484746,0.03482630659368624,-0.03816504086042671
2016-03-03,293,US.VRSK,US.PAYX,OBSERVATION_EVICT,48.37,86.86,38.49,45.0,False,KEEP,atr_breakout,13,0.888668330604655,35.673483202,atr_breakout,4,2,True,0.02491117353392709,3,3,0.09043659044435826,0.012100722095583768,0.10570640335787918,0.019605162832984496,0.005674040313018547,-0.020279827523193905,0.020260048188808444,-0.0033906120227864545
2016-03-04,294,US.AVGO,US.PAYX,OBSERVATION_EVICT,48.37,100.0,51.63,45.0,True,REPLACE,atr_breakout,14,0.888668330604655,35.673483202,atr_breakout,4,2,False,0.02491117353392709,4,3,0.09678765123388078,0.011974412665833626,0.07499089374836387,0.032165046661070576,0.012332962050046081,0.021853531483265742,0.056908983378576306,0.022296760641910218
2016-03-11,299,US.AMAT,US.PCAR,OBSERVATION_EVICT,49.66,84.43,34.77,45.0,False,KEEP,atr_breakout,25,0.829688220463017,22.389929086,atr_breakout,3,2,False,0.037056313009128976,4,3,0.09718153417924902,0.019013151192382585,0.2879383560716231,0.02106153022311919,-0.026164923597671086,-0.012710918244418057,0.04537044134307766,0.13811775009269578
2016-03-14,300,US.AMD,US.PCAR,OBSERVATION_EVICT,49.66,100.0,50.34,45.0,True,REPLACE,atr_breakout,26,0.829688220463017,22.389929086,atr_breakout,3,2,False,0.037056313009128976,0,3,0.0784848342441149,0.01778884784347289,0.48633879781420775,0.04226888874943242,0.005740899416619927,0.031125381704658617,0.03445762419957599,0.5727907005953197
2016-03-14,300,US.ISRG,US.XEL,OBSERVATION_EVICT,52.84,82.2,29.36,45.0,False,KEEP,atr_breakout,4,0.5810803420227688,29.424907843,atr_breakout,2,2,False,0.019747906947515017,0,3,0.04997857647226889,0.008353832985054262,0.11630402048823596,0.008356874694833033,-0.03258265073346067,-0.013816466219387813,0.04059650382869728,0.040691314873197326
2016-03-17,303,US.FAST,US.XEL,OBSERVATION_EVICT,52.84,100.0,47.16,45.0,True,REPLACE,atr_breakout,7,0.5810803420227688,29.424907843,atr_breakout,2,2,False,0.019747906947515017,3,3,0.05573303351001235,0.00820324013029781,0.0982944343923684,0.012367140233333261,0.005688696804196924,-0.010806741425909316,-0.04781128593624362,-0.12455125333708317
2016-03-17,303,US.PAYX,US.EXC,OBSERVATION_EVICT,58.97,94.09,35.12,45.0,False,KEEP,atr_breakout,34,0.37433377874690976,13.846559234,atr_breakout,1,2,False,0.027034425839723365,3,3,0.11292760849202854,0.01098646375327457,0.06647000984398876,0.00992973360866147,-0.01615611043514109,-0.02310111574903173,-0.009242173633536854,0.013856676752804664
2016-03-18,304,US.ADBE,US.EXC,OBSERVATION_EVICT,58.97,100.0,41.03,45.0,False,KEEP,atr_breakout,35,0.37433377874690976,13.846559234,atr_breakout,1,2,False,0.027034425839723365,4,3,0.11830781402443313,0.0107541289210542,0.1551873377024855,0.018776560943451533,-0.02032214981519498,-0.008128338670770008,0.04555311520732763,0.058131751514032826
2016-03-29,310,US.ON,US.META,OBSERVATION_EVICT,47.27,100.0,52.73,45.0,True,REPLACE,atr_breakout,1,2.3715462325792127,112.700318772,atr_breakout,2,2,False,0.02104294165642072,1,3,0.0862326973437697,0.011808780649797916,0.1775923718712753,0.020156247604616585,0.004400141103916955,0.0020683887694780134,0.07467760185896888,-2.9804879153605413e-05
2016-03-29,310,US.LRCX,US.EXC,OBSERVATION_EVICT,58.97,92.13,33.16,45.0,False,KEEP,atr_breakout,41,0.37433377874690976,13.846559234,atr_breakout,1,2,False,0.027034425839723365,1,3,0.13690102871133947,0.00928914626788848,0.1288813686733783,0.014807027058137018,0.028056724780985864,0.010589763386100848,0.009085392290431704,0.07849076276834144
2016-03-30,311,US.TXN,US.EXC,OBSERVATION_EVICT,58.97,93.85,34.88,45.0,False,KEEP,atr_breakout,42,0.37433377874690976,13.846559234,atr_breakout,1,2,False,0.027034425839723365,2,3,0.11822050067754053,0.00976777023700722,0.07654002213354882,0.008482621888792284,0.03218076462077446,0.03305915040786456,0.028865600256156587,0.09604410535708141
2016-04-01,313,US.SNPS,US.EXC,OBSERVATION_EVICT,58.97,81.76,22.79,45.0,False,KEEP,atr_breakout,44,0.37433377874690976,13.846559234,atr_breakout,1,2,False,0.027034425839723365,4,4,0.07995265455411649,0.008698584078405916,0.07434052757793763,0.007917331485173814,0.006443445772080669,0.018753753589927036,-0.019358051461114578,0.06325416357614566
2016-04-04,314,US.ISRG,US.EXC,OBSERVATION_EVICT,58.97,100.0,41.03,45.0,False,KEEP,atr_breakout,45,0.37433377874690976,13.846559234,atr_breakout,1,2,False,0.027034425839723365,0,4,0.06605405890869243,0.008806160918551714,0.09009024796187193,0.017561419318220396,0.024964552284622132,0.03903393375919706,0.030269511488849377,0.03559726429387855
2016-04-05,315,US.MRVL,US.EXC,OBSERVATION_EVICT,58.97,100.0,41.03,45.0,False,KEEP,atr_breakout,46,0.37433377874690976,13.846559234,atr_breakout,1,2,False,0.027034425839723365,1,4,0.020538161799125598,0.010393078339510118,0.07608774069716473,0.033827420364217056,-0.03442635395380045,-0.10518377488560493,-0.11837863274355953,-0.1521142471154232
2016-04-06,316,US.REGN,US.EXC,OBSERVATION_EVICT,58.97,92.03,33.06,45.0,False,KEEP,atr_breakout,47,0.37433377874690976,13.846559234,atr_breakout,1,2,False,0.027034425839723365,2,4,0.0023938408146555457,0.010413925289094603,0.08203946202122636,0.03593501766529184,-0.052478141593006566,-0.04992687376174609,-0.18416421645446546,-0.25360473992754307
2016-04-08,318,US.PEP,US.EXC,OBSERVATION_EVICT,58.97,91.87,32.9,45.0,False,KEEP,atr_breakout,49,0.37433377874690976,13.846559234,atr_breakout,1,2,False,0.027034425839723365,4,4,-0.0008844574828360541,0.0099642312403349,0.042667195862704066,0.006894568194031788,-0.002729047085242353,-0.011501443090985886,-0.03005984187343902,-0.033956430723869335
2016-04-13,321,US.MELI,US.NFLX,OBSERVATION_EVICT,44.5,91.5,47.0,45.0,True,REPLACE,atr_breakout,1,0.3223341328944914,10.698,atr_breakout,2,2,True,0.03013031715222391,2,4,0.12047823421213977,0.017735184317947197,0.10887358001415004,0.016977388970411997,0.1500933000905419,0.17410955662937688,0.21372699987984878,0.28269438442251515
2016-04-13,321,US.AMZN,US.EXC,OBSERVATION_EVICT,58.97,86.9,27.93,45.0,False,KEEP,atr_breakout,52,0.37433377874690976,13.846559234,atr_breakout,1,2,False,0.027034425839723365,2,4,0.007717630344365123,0.010817016779011542,0.06550899448892578,0.014957748685441705,0.056947318803313496,-0.03079752132875857,0.13348875374441205,0.16359208743733977
2016-04-20,326,US.ISRG,US.EXC,OBSERVATION_EVICT,58.97,100.0,41.03,45.0,False,KEEP,atr_breakout,57,0.37433377874690976,13.846559234,atr_breakout,1,2,False,0.027034425839723365,2,4,-0.03422143570986569,0.01321134357531085,0.09057069861726452,0.014379869454459722,-0.0639531664130254,-0.0889362956702523,-0.03997204813344213,-0.05057585875392179
2016-04-22,328,US.AMD,US.EXC,OBSERVATION_EVICT,58.97,100.0,41.03,45.0,False,KEEP,atr_breakout,59,0.37433377874690976,13.846559234,atr_breakout,2,1,False,0.027034425839723365,4,4,-0.03536324398318402,0.013857609024347864,0.4301075268817205,0.12033164864445844,-0.1403245810780861,-0.12547197362707907,-0.04487188543309473,0.27104728703020986
2016-04-26,330,US.PCAR,US.EXC,OBSERVATION_EVICT,58.97,100.0,41.03,45.0,False,KEEP,atr_breakout,61,0.37433377874690976,13.846559234,atr_breakout,2,1,False,0.027034425839723365,1,4,-0.030677399324427812,0.013754743880552613,0.07994985670344912,0.01691070777934026,-0.023728439160571324,-0.04058944535560005,-0.07097105155425787,-0.13506704608563747
2016-04-27,331,US.PCAR,US.EXC,OBSERVATION_EVICT,58.97,91.72,32.75,45.0,False,KEEP,atr_breakout,62,0.37433377874690976,13.846559234,atr_breakout,2,1,False,0.027034425839723365,2,4,-0.00231086323323193,0.014596884903412538,0.10891382287516738,0.01732674798926932,-0.07270527274171112,-0.06612892627044442,-0.044911901271907584,-0.1562369286418408
2016-04-29,333,US.MNST,US.META,OBSERVATION_EVICT,45.04,100.0,54.96,45.0,True,REPLACE,atr_breakout,1,3.1605772344058787,115.713855311,atr_breakout,2,1,False,0.027313732015161952,4,4,0.01309667414042237,0.021543333073136328,0.06996067957563601,0.031980211560515746,0.010867098426609934,0.011473795647135798,0.02830519720082525,0.06888980941814671
2016-05-11,341,US.EA,US.CTAS,OBSERVATION_EVICT,44.89,100.0,55.11,45.0,True,REPLACE,atr_breakout,1,0.22059514774431038,20.663348686,atr_breakout,2,1,False,0.010675672713869936,2,5,0.009382934103715712,0.005421755271768457,0.1329319129316393,0.033632206879205095,0.01840757745734345,-0.00476879779216266,-0.005726670694187863,-0.08092836769965106
2016-05-13,343,US.NVDA,US.CPRT,OBSERVATION_EVICT,59.76,100.0,40.24,45.0,False,KEEP,atr_breakout,3,0.08515696401315745,5.46125,atr_breakout,1,1,False,0.015592943742395506,4,5,0.01327958264168827,0.007638081456242259,0.10368973936444625,0.03713400030981626,0.06536526067910353,-0.02072577495754735,0.0008145057992265947,0.26080699570334365
2016-05-20,348,US.CDNS,US.CPRT,OBSERVATION_EVICT,59.76,87.12,27.36,45.0,False,KEEP,atr_breakout,8,0.08515696401315745,5.46125,atr_breakout,1,2,False,0.015592943742395506,4,5,0.026956727358713684,0.009170309375185379,0.03411962931760759,0.012574215262878578,-0.10489243875365584,-0.11527091609364626,-0.13432726212042423,-0.17564880724324994
2016-05-24,350,US.SNPS,US.CPRT,OBSERVATION_EVICT,59.76,100.0,40.24,45.0,False,KEEP,atr_breakout,10,0.08515696401315745,5.46125,atr_breakout,1,2,False,0.015592943742395506,1,5,0.03891509433962259,0.00974626027586234,0.05547535574345219,0.013706526889517732,-0.1049137295135596,-0.08410546294731547,-0.07021684389164862,-0.03904121528743465
2016-05-25,351,US.AAPL,US.CPRT,OBSERVATION_EVICT,59.76,84.51,24.75,45.0,False,KEEP,atr_breakout,11,0.08515696401315745,5.46125,atr_breakout,1,2,False,0.015592943742395506,2,5,0.02736842105263171,0.009687006416625031,0.024601514416446868,0.015414575423411432,-0.14521090892695854,-0.1379046844103422,-0.16078964361109183,-0.08412323339198435
2016-05-26,352,US.FANG,US.CPRT,OBSERVATION_EVICT,59.76,88.45,28.69,45.0,False,KEEP,atr_breakout,12,0.08515696401315745,5.46125,atr_breakout,1,2,True,0.015592943742395506,3,5,0.12400747314339089,0.02323997096049686,0.058149577042363454,0.017324908191503088,-0.033793858081150874,-0.04656948612182865,-0.04040316206232364,-0.046991220284724466
2016-05-27,353,US.LRCX,US.CPRT,OBSERVATION_EVICT,59.76,100.0,40.24,45.0,False,KEEP,atr_breakout,13,0.08515696401315745,5.46125,atr_breakout,1,2,False,0.015592943742395506,4,5,0.14075630252100835,0.023288605011101048,0.09033448029374647,0.016646900834004733,-0.007504927150300156,-0.008943250273025671,0.015010605694618318,0.058381894400096
2016-05-31,354,US.VRTX,US.CPRT,OBSERVATION_EVICT,59.76,89.22,29.46,45.0,False,KEEP,atr_breakout,14,0.08515696401315745,5.46125,atr_breakout,1,2,False,0.015592943742395506,1,5,0.15112764473378282,0.0233185417290587,0.12228915662650608,0.026347446038188945,0.02082495411554952,-0.003354570984591576,-0.04809019968422701,-0.026213499921344363
2016-06-02,356,US.DXCM,US.CPRT,OBSERVATION_EVICT,59.76,88.54,28.78,45.0,False,KEEP,atr_breakout,16,0.08515696401315745,5.46125,atr_breakout,1,2,False,0.015592943742395506,3,6,0.1585851487467791,0.02303430971068845,0.1016286644951141,0.02129103802383806,0.06364855160750893,0.0842385163670657,0.1819249909669015,0.31210455533600867
2016-06-03,357,US.AVGO,US.CPRT,OBSERVATION_EVICT,59.76,100.0,40.24,45.0,False,KEEP,atr_breakout,17,0.08515696401315745,5.46125,atr_breakout,1,2,False,0.015592943742395506,4,6,0.13511627906976753,0.02349850287343948,0.143719075953759,0.016294304739948785,-0.0152457099485942,-0.033655051398222335,-0.06025095576422601,0.037848143882539764
2016-06-06,358,US.BKNG,US.CPRT,OBSERVATION_EVICT,59.76,100.0,40.24,45.0,False,KEEP,atr_breakout,18,0.08515696401315745,5.46125,atr_breakout,1,2,False,0.015592943742395506,0,6,0.1437237517498835,0.023392074684349517,0.07919366450716292,0.011725814238812231,-0.022071752446177872,-0.007740397585447645,-0.06265520684119896,0.006748639799365019
2016-06-08,360,US.DXCM,US.CPRT,OBSERVATION_EVICT,59.76,100.0,40.24,45.0,False,KEEP,atr_breakout,20,0.08515696401315745,5.46125,atr_breakout,1,2,False,0.015592943742395506,2,6,0.13756008239871842,0.023368360678235108,0.17362778044487115,0.024645423096421513,0.011986124546570442,0.07409079511154748,0.08189601201427277,0.22487386824354938
2016-06-09,361,US.AEP,US.CPRT,OBSERVATION_EVICT,59.76,86.94,27.18,45.0,False,KEEP,atr_breakout,21,0.08515696401315745,5.46125,atr_breakout,1,2,False,0.015592943742395506,3,6,0.1529059040590406,0.02312873396206079,0.028938864423727617,0.010972873642159464,0.02171888845548775,0.005255820340306472,0.06306833161565084,-0.052723776911253295
2016-06-15,365,US.TEAM,US.COST,OBSERVATION_EVICT,52.38,99.73,47.35,45.0,True,REPLACE,atr_breakout,3,2.1556245188047853,130.685775539,atr_breakout,2,1,False,0.016494714209822257,2,6,0.07841225626568771,0.01133886816442349,0.1960423377818683,0.026757718826872976,-0.013356004704474511,-0.021261269532196758,-0.025678122459104724,0.15852958510243187
2016-06-17,367,US.AMD,US.CPRT,OBSERVATION_EVICT,59.76,100.0,40.24,45.0,False,KEEP,atr_breakout,27,0.08515696401315745,5.46125,atr_breakout,1,1,False,0.015592943742395506,4,6,0.1390060947022973,0.022985847078198014,0.39522546419098137,0.04077029465876146,-0.052691997993609796,-0.05155694775169273,0.027565561769661073,0.0673815279083072
2016-06-20,368,US.DXCM,US.CPRT,OBSERVATION_EVICT,59.76,92.18,32.42,45.0,False,KEEP,atr_breakout,28,0.08515696401315745,5.46125,atr_breakout,1,1,False,0.015592943742395506,0,6,0.1314759382915036,0.022860911298785907,0.21027890943277971,0.025033872799019377,0.03731899705488517,0.018142448877819017,0.0685786201063261,0.1887961808987184
2016-06-23,371,US.MU,US.CPRT,OBSERVATION_EVICT,59.76,100.0,40.24,45.0,False,KEEP,atr_breakout,31,0.08515696401315745,5.46125,atr_breakout,1,1,False,0.015592943742395506,3,6,0.12545537340619295,0.022821664156088103,0.21120689660201575,0.030270530105336056,-0.012143705119789017,-0.11027622372692192,-0.08439606529825316,0.17990356972554422
2016-06-30,376,US.ADP,US.CPRT,OBSERVATION_EVICT,59.76,100.0,40.24,45.0,False,KEEP,atr_breakout,36,0.08515696401315745,5.46125,atr_breakout,1,1,False,0.015592943742395506,3,6,-0.009098261221188841,0.014893955631025768,0.04931258996872834,0.014530865561046753,0.011161500604762953,0.016563418851959,-0.06096176149844468,-0.1290357578846152
2016-07-07,380,US.COST,US.CPRT,OBSERVATION_EVICT,59.76,100.0,40.24,45.0,False,KEEP,atr_breakout,40,0.08515696401315745,5.46125,atr_breakout,1,1,False,0.015592943742395506,3,7,-0.015492957746478964,0.014569084756526594,0.06735345895241984,0.012514234758068525,-0.00023630930815810025,0.003705629113829767,-0.009158671188778333,-0.16047745616648834
2016-07-08,381,US.ROST,US.CPRT,OBSERVATION_EVICT,59.76,92.76,33.0,45.0,False,KEEP,atr_breakout,41,0.08515696401315745,5.46125,atr_breakout,1,1,False,0.015592943742395506,4,7,-0.0028005601120224544,0.015151152674518761,0.07362079381138731,0.00951396840858981,-0.0010030090270811698,0.020414331226891846,0.04014870619766309,0.026294773799304227
2016-07-18,387,US.GOOGL,US.CPRT,OBSERVATION_EVICT,59.76,100.0,40.24,45.0,False,KEEP,atr_breakout,47,0.08515696401315745,5.46125,atr_breakout,1,1,False,0.015592943742395506,0,7,0.019962955340605104,0.014689767451439283,0.06950656726254589,0.013137918498288072,-0.01988997602361775,0.028072165162048135,0.044220516011320266,-0.007685551052129869
2016-07-19,388,US.DXCM,US.CPRT,OBSERVATION_EVICT,59.76,80.98,21.22,45.0,False,KEEP,atr_breakout,48,0.08515696401315745,5.46125,atr_breakout,1,1,False,0.015592943742395506,1,7,0.006512006512006563,0.014502581158419531,0.07509062661833266,0.017140760331308496,0.04462929893329659,0.06639057310280494,0.061427823187924835,-0.10718466568029128
2016-07-20,389,US.MSFT,US.CPRT,OBSERVATION_EVICT,59.76,100.0,40.24,45.0,False,KEEP,atr_breakout,49,0.08515696401315745,5.46125,atr_breakout,1,1,False,0.015592943742395506,2,7,0.015924867292772538,0.014527820830321066,0.09220550889748869,0.01927856055236444,-0.025940504412312437,0.014135890186613986,0.007190398437514345,-0.058387400821979574
2016-07-21,390,US.QCOM,US.CPRT,OBSERVATION_EVICT,59.76,100.0,40.24,45.0,False,KEEP,atr_breakout,50,0.08515696401315745,5.46125,atr_breakout,1,1,False,0.015592943742395506,3,7,0.018840876510342053,0.014500901529212665,0.10899333826834079,0.025683590079719196,0.02804699284932788,0.007872199317139561,0.005260710362618326,0.02055924695669331
2016-07-22,391,US.EXC,US.CPRT,OBSERVATION_EVICT,59.76,99.65,39.89,45.0,False,KEEP,atr_breakout,51,0.08515696401315745,5.46125,atr_breakout,1,1,False,0.015592943742395506,4,7,0.018915638276350455,0.014503944702004409,0.07204268466707897,0.013732287153856536,-0.005040418699451377,-0.04730132683536603,-0.11040464176937126,-0.19040083682635545
2016-07-25,392,US.AMD,US.CPRT,OBSERVATION_EVICT,59.76,100.0,40.24,45.0,False,KEEP,atr_breakout,52,0.08515696401315745,5.46125,atr_breakout,1,2,False,0.015592943742395506,0,7,0.06696053736356,0.011637512502906174,0.3729508196721312,0.050002006987526486,-0.01839846606041229,0.005474496492551939,0.09258664380243187,-0.06024794383385057
2016-07-26,393,US.ADI,US.CPRT,OBSERVATION_EVICT,59.76,100.0,40.24,45.0,False,KEEP,atr_breakout,53,0.08515696401315745,5.46125,atr_breakout,1,2,False,0.015592943742395506,1,7,0.08910891089108919,0.009802406197976803,0.19644148430059305,0.014811177389173242,-0.005267950593733195,0.01861942157763874,-0.03169867999948783,-0.08507597779939569
2016-07-27,394,US.AAPL,US.CPRT,OBSERVATION_EVICT,59.76,100.0,40.24,45.0,False,KEEP,atr_breakout,54,0.08515696401315745,5.46125,atr_breakout,1,2,False,0.015592943742395506,2,7,0.09779584849133327,0.010028098991554147,0.1000106848857587,0.01633108683248872,0.05292733750819678,0.061948264146583276,0.02773832230187634,0.08980509581939522
2016-07-28,395,US.ORLY,US.CPRT,OBSERVATION_EVICT,59.76,81.88,22.12,45.0,False,KEEP,atr_breakout,55,0.08515696401315745,5.46125,atr_breakout,1,2,False,0.015592943742395506,3,7,0.04865876481596998,0.009404242718952634,0.05481053824215931,0.013450649620743632,0.004104459863359056,-0.00693193967893746,-0.050488595709645256,-0.10629164236931499
2016-07-29,396,US.GOOGL,US.CPRT,OBSERVATION_EVICT,59.76,100.0,40.24,45.0,False,KEEP,atr_breakout,56,0.08515696401315745,5.46125,atr_breakout,1,2,False,0.015592943742395506,4,7,0.02917771883289122,0.008547487207343664,0.12481344077602152,0.009842883172799853,0.008598460971613875,0.016283805899016235,-0.020225393089883248,-0.0035674990144833885
2016-08-01,397,US.AAPL,US.CPRT,OBSERVATION_EVICT,59.76,89.73,29.97,45.0,False,KEEP,atr_breakout,57,0.08515696401315745,5.46125,atr_breakout,1,2,False,0.015592943742395506,0,8,0.03992703688690713,0.009187448320514683,0.10595473980059111,0.01664133815150887,0.04514743949309574,0.04709557373755857,0.005311218887081859,0.08872801817924536
2016-08-03,399,US.ALGN,US.CPRT,OBSERVATION_EVICT,59.76,87.47,27.71,45.0,False,KEEP,atr_breakout,59,0.08515696401315745,5.46125,atr_breakout,1,2,False,0.015592943742395506,2,8,0.013787510137875048,0.010325507813804697,0.13169230769230778,0.01336452363105064,-0.003156824361065791,-0.01205448613376836,-0.010068297988036878,-0.11993746601413802
2016-08-05,401,US.BKNG,US.CPRT,OBSERVATION_EVICT,59.76,100.0,40.24,45.0,False,KEEP,atr_breakout,61,0.08515696401315745,5.46125,atr_breakout,1,2,False,0.015592943742395506,4,8,0.02306920762286868,0.009863355486867354,0.06375520888372965,0.013652379022909543,0.003038654164282395,-0.010368875126946842,-0.00723102958917865,0.013609755368752197
2016-08-10,404,US.ADBE,US.CPRT,OBSERVATION_EVICT,59.76,98.91,39.15,45.0,False,KEEP,atr_breakout,64,0.08515696401315745,5.46125,atr_breakout,1,2,False,0.015592943742395506,2,8,0.027643260694108163,0.010224433483201033,0.03369632216971441,0.01032562366674724,-0.014248357610656126,-0.02958562469336501,0.018805495072509948,0.04310543431041691
2016-08-15,407,US.MU,US.CPRT,OBSERVATION_EVICT,59.76,100.0,40.24,45.0,False,KEEP,atr_breakout,67,0.08515696401315745,5.46125,atr_breakout,1,2,False,0.015592943742395506,0,8,0.025827280064568248,0.010102636498547497,0.1641679160879579,0.028505067281149182,0.0039460691875981,0.07214115163897739,0.09999744158218382,0.08860126057308593
2016-08-19,411,US.AMD,US.CPRT,OBSERVATION_EVICT,59.76,100.0,40.24,45.0,False,KEEP,atr_breakout,71,0.08515696401315745,5.46125,atr_breakout,1,2,False,0.015592943742395506,4,8,0.03583837982726101,0.010504256617191187,0.3047945205479452,0.04478332078807302,0.017870861311973907,-0.0050433244435590385,-0.16419066075624955,-0.16661987838064218
2016-08-23,413,US.PANW,US.CPRT,OBSERVATION_EVICT,59.76,84.86,25.1,45.0,False,KEEP,atr_breakout,73,0.08515696401315745,5.46125,atr_breakout,1,2,False,0.015592943742395506,1,8,0.04644268774703564,0.010519083760615666,0.06881768949245237,0.019768931586148432,0.043612507024102354,0.0707264432179916,0.04245922892950715,0.07508985878992869
2016-08-29,417,US.TTWO,US.CPRT,OBSERVATION_EVICT,59.76,100.0,40.24,45.0,False,KEEP,atr_breakout,77,0.08515696401315745,5.46125,atr_breakout,1,2,False,0.015592943742395506,0,8,0.007405963749756328,0.009424693971857951,0.09630181186398623,0.015257513129573064,0.017831701003259703,0.028701915115157073,-0.0017355866614476856,0.03094373280252216
2016-08-30,418,US.MDLZ,US.CPRT,OBSERVATION_EVICT,59.76,100.0,40.24,45.0,False,KEEP,atr_breakout,78,0.08515696401315745,5.46125,atr_breakout,1,1,False,0.015592943742395506,1,8,0.005900865460267468,0.00950925166498772,0.04060178756178234,0.011181258439158518,-0.026207277078778124,-0.022626713204102034,-0.08055710344386824,-0.11272044337932441
2016-09-01,420,US.WDAY,US.CPRT,OBSERVATION_EVICT,59.76,89.69,29.93,45.0,False,KEEP,atr_breakout,80,0.08515696401315745,5.46125,atr_breakout,1,1,False,0.015592943742395506,3,9,0.01990842126219383,0.008668705989124772,0.0674034491134321,0.022612258105892975,0.016191006063667968,0.034671153787939724,-0.0022453003702502805,-0.1139059353800258
2016-09-06,422,US.AMZN,US.CPRT,OBSERVATION_EVICT,59.76,100.0,40.24,45.0,False,KEEP,atr_breakout,82,0.08515696401315745,5.46125,atr_breakout,1,2,False,0.015592943742395506,1,9,0.018452380952380887,0.00788221900160985,0.02910404925902732,0.006758722865124529,-0.004535119000507404,-0.01252359403839265,0.016529511441212508,-0.11459370781206868
2016-09-21,433,US.ADBE,US.CPRT,OBSERVATION_EVICT,59.76,100.0,40.24,45.0,False,KEEP,atr_breakout,93,0.08515696401315745,5.46125,atr_breakout,1,2,False,0.015592943742395506,2,9,0.010387157695939564,0.013008866301012039,0.0656515720783073,0.018238191744868536,0.008015184964872857,0.009650638285326751,-0.012284248113585416,-0.07402434519608148
2016-09-22,434,US.AMZN,US.CPRT,OBSERVATION_EVICT,59.76,100.0,40.24,45.0,False,KEEP,atr_breakout,94,0.08515696401315745,5.46125,atr_breakout,1,2,False,0.015592943742395506,3,9,0.003225806451612856,0.013253956436379827,0.06266094420600865,0.01186867032978394,0.027422576399965815,0.030420419434347812,-0.015145783041371264,-0.11468453881300578
2016-09-27,437,US.AMZN,US.CPRT,OBSERVATION_EVICT,59.76,86.44,26.68,45.0,False,KEEP,atr_breakout,97,0.08515696401315745,5.46125,atr_breakout,1,2,False,0.015592943742395506,1,9,0.045656800154768806,0.01377362136229263,0.058110438356519634,0.012645220097587387,0.033613698503463296,0.02564564455162044,0.043348446695374965,-0.09665260814964005
2016-09-28,438,US.AMZN,US.CPRT,OBSERVATION_EVICT,59.76,100.0,40.24,45.0,False,KEEP,atr_breakout,98,0.08515696401315745,5.46125,atr_breakout,1,2,False,0.015592943742395506,2,9,0.05436057880328504,0.013485748567573012,0.07965293519893701,0.012805255072209866,0.026847255486492028,0.002585213820863741,0.01912382200085183,-0.10216440111567415
2016-09-29,439,US.NXPI,US.CPRT,OBSERVATION_EVICT,59.76,100.0,40.24,45.0,False,KEEP,atr_breakout,99,0.08515696401315745,5.46125,atr_breakout,1,2,False,0.015592943742395506,3,9,0.03920031360250875,0.01413605686249239,0.09202453988157222,0.041733390573067596,0.06403824874044162,0.04328865291799788,0.05474806497787843,-0.026078225182656567
2016-09-30,440,US.NXPI,US.CPRT,OBSERVATION_EVICT,59.76,100.0,40.24,45.0,False,KEEP,atr_breakout,100,0.08515696401315745,5.46125,atr_breakout,1,1,False,0.015592943742395506,4,9,0.045481163380831635,0.014248146345541071,0.15986355884030146,0.043535360366485955,0.011287259753337775,-0.01382147879861928,-0.002816539169433696,-0.07525000294490936
2016-10-06,444,US.LRCX,US.CPRT,OBSERVATION_EVICT,59.76,100.0,40.24,45.0,False,KEEP,atr_breakout,104,0.08515696401315745,5.46125,atr_breakout,1,1,False,0.015592943742395506,3,10,0.06085753803596128,0.013852927802593812,0.07730512736425244,0.016248321414861412,-0.02901918352244892,-0.04018196825492504,-0.020725709513936263,0.04024430589797201
2016-10-10,446,US.CDNS,US.CPRT,OBSERVATION_EVICT,59.76,100.0,40.24,45.0,False,KEEP,atr_breakout,106,0.08515696401315745,5.46125,atr_breakout,1,2,False,0.015592943742395506,0,10,0.07433102081268572,0.013662363742336479,0.03795966785290639,0.013421063681867637,-0.006816025303110207,-0.005590933052187719,0.012131787032156227,-0.06306659638024936
2016-10-21,455,US.META,US.GOOGL,OBSERVATION_EVICT,43.58,89.55,45.97,45.0,True,REPLACE,atr_breakout,3,0.5257131227738592,40.713483075,atr_breakout,3,2,True,0.012912506694782689,4,10,0.011166192220784632,0.008292061685725067,0.032119412312203055,0.007266604939305528,-0.0004451915343205437,-0.033579996045981386,-0.055597319793621036,-0.03460046119060867
2016-10-24,456,US.TMUS,US.GOOG,OBSERVATION_EVICT,53.13,100.0,46.87,45.0,True,REPLACE,atr_breakout,4,0.49743221707589036,39.415483308,atr_breakout,2,2,False,0.012620223712312785,0,10,0.05024476561922975,0.008179833986277163,0.09100596759328972,0.02311383869614226,0.006615501812442082,0.02121153112292995,0.10342624904746278,0.17463005501688456
2016-10-25,457,US.AMD,US.CPRT,OBSERVATION_EVICT,59.76,98.17,38.41,45.0,False,KEEP,atr_breakout,117,0.08515696401315745,5.46125,atr_breakout,1,2,False,0.015592943742395506,1,10,-0.019981498612395954,0.007894995599652156,0.14678899082568808,0.03504699694874041,-0.0350329117110314,-0.05760493361021968,0.1443189226606254,0.2569572714114907
2016-10-31,461,US.AEP,US.IDXX,OBSERVATION_EVICT,45.92,87.35,41.43,45.0,False,KEEP,boll_mr,1,2.262620090133931,105.05,atr_breakout,4,1,False,0.021538506331593824,0,10,-0.05286421499292793,0.01724531804074367,0.022614658073385252,0.01057773620369555,-0.039577643442718746,-0.11272587650597532,-0.1729692580794896,-0.1567566757768457
2016-11-08,467,US.BKNG,US.IDXX,OBSERVATION_EVICT,45.92,100.0,54.08,45.0,True,REPLACE,boll_mr,7,2.262620090133931,105.05,atr_breakout,4,2,False,0.021538506331593824,1,11,-0.030042538107054262,0.01715697857182639,0.0816369892110369,0.01839158618094621,-0.08438099347762329,-0.12235833171882882,-0.11067435269026993,-0.2917528018831643
2016-11-09,468,US.GILD,US.KLAC,OBSERVATION_EVICT,48.48,100.0,51.52,45.0,True,REPLACE,atr_breakout,10,0.10960776508471054,6.387148923,atr_breakout,3,2,False,0.01716067159323859,2,11,0.047627930339833924,0.008964272100438743,0.07448993563717132,0.01723989614199835,-0.06862242685830866,-0.13332872002646368,-0.1348759919898983,-0.23373070143571095
2016-11-09,468,US.VRTX,US.HON,OBSERVATION_EVICT,48.89,100.0,51.11,45.0,True,REPLACE,atr_breakout,2,1.386636471933265,88.299180361,atr_breakout,2,2,False,0.0157038430737882,2,11,0.05005057934072199,0.009369997296351058,0.15882719900187126,0.03430993102771309,-0.03149617802904414,-0.08036737811810601,-0.20702560998558284,-0.1430339503010447
2016-11-09,468,US.REGN,US.CPRT,OBSERVATION_EVICT,59.76,100.0,40.24,45.0,False,KEEP,atr_breakout,128,0.08515696401315745,5.46125,atr_breakout,1,2,False,0.015592943742395506,2,11,-0.01459449473489749,0.011234075152427145,0.1203577261884532,0.037692215093716244,-0.0421519295177708,-0.06019774749535367,-0.16255939662915975,-0.21057056697247334
2016-11-10,469,US.FAST,US.CPRT,OBSERVATION_EVICT,59.76,91.8,32.04,45.0,False,KEEP,atr_breakout,129,0.08515696401315745,5.46125,atr_breakout,1,1,True,0.015592943742395506,3,11,-0.011507052709725407,0.011198041388586329,0.1807494776748746,0.020018058062972754,-0.06257178864449764,0.006556739174320203,0.051809299817042964,0.04241334337176794
2016-11-15,472,US.ADI,US.CPRT,OBSERVATION_EVICT,59.76,98.12,38.36,45.0,False,KEEP,atr_breakout,132,0.08515696401315745,5.46125,atr_breakout,1,1,False,0.015592943742395506,1,11,0.01940133037694025,0.012577169009401135,0.0976826520737839,0.011644791217213348,0.09471278244105519,0.10272832403386667,0.05410051619492551,0.08484445558429465
2016-11-17,474,US.MU,US.CPRT,OBSERVATION_EVICT,59.76,100.0,40.24,45.0,False,KEEP,atr_breakout,134,0.08515696401315745,5.46125,atr_breakout,1,1,False,0.015592943742395506,3,11,0.04811250925240573,0.01291027908780486,0.1147922115827027,0.020727013382773336,0.08501804936773505,0.01939089535950056,0.07077777141188535,0.15359838110166613
2016-11-18,475,US.MRVL,US.CPRT,OBSERVATION_EVICT,59.76,100.0,40.24,45.0,False,KEEP,atr_breakout,135,0.08515696401315745,5.46125,atr_breakout,1,1,False,0.015592943742395506,4,11,0.047850467289719756,0.012922927969400533,0.1472868217054264,0.028594101811534156,0.009416551749567126,-0.021540650088797242,-0.03355085337305985,0.004241189435981729
2016-11-21,476,US.ADI,US.CPRT,OBSERVATION_EVICT,59.76,95.45,35.69,45.0,False,KEEP,atr_breakout,136,0.08515696401315745,5.46125,atr_breakout,1,2,False,0.015592943742395506,0,11,0.0521983161833488,0.01289953114364994,0.09059668852366332,0.010389068008205727,0.09768677677827298,0.04791256722443982,0.05172045461005492,0.13876506052831838
2016-11-22,477,US.CTAS,US.CPRT,OBSERVATION_EVICT,59.76,100.0,40.24,45.0,False,KEEP,atr_breakout,137,0.08515696401315745,5.46125,atr_breakout,1,2,True,0.015592943742395506,1,11,0.014347744006041108,0.01653779469429518,0.08987588892360354,0.009545617698435553,-0.020515324764822318,0.007208485261987141,-0.006422014845240076,-0.09093009456801981
2016-11-23,478,US.ON,US.CPRT,OBSERVATION_EVICT,59.76,100.0,40.24,45.0,False,KEEP,atr_breakout,138,0.08515696401315745,5.46125,atr_breakout,1,2,False,0.015592943742395506,2,11,0.03848352067060379,0.016634638429123046,0.06233988044406469,0.020137344230194667,-0.12146934896750394,-0.06498571606378012,0.007534975440360192,0.213893317902081
2016-11-29,481,US.PAYX,US.CPRT,OBSERVATION_EVICT,59.76,100.0,40.24,45.0,False,KEEP,atr_breakout,141,0.08515696401315745,5.46125,atr_breakout,1,2,False,0.015592943742395506,1,11,0.039451114922812947,0.01601704203400766,0.07717391303538235,0.011424979388172118,-0.018420089564554765,-0.01660007909645711,0.013099375877570818,-0.04865502411185019
2016-11-30,482,US.FANG,US.CPRT,OBSERVATION_EVICT,59.76,100.0,40.24,45.0,False,KEEP,atr_breakout,142,0.08515696401315745,5.46125,atr_breakout,1,2,True,0.015592943742395506,2,11,0.05372616984402079,0.015751542649186302,0.17543272665632448,0.034769400340701744,-0.045002456390212275,-0.08274993597729818,-0.06877064908718344,-0.14581561973633472
2016-12-07,487,US.SPY,US.FAST,OBSERVATION_EVICT,49.0,100.0,51.0,45.0,True,REPLACE,atr_breakout,2,0.1786794690032373,9.485939548,atr_breakout,1,2,False,0.01883624369511292,2,12,0.21048744456815527,0.01812529525571614,0.0488066881561211,0.004803133105637877,0.02316512528426118,0.03248657999247484,0.07213200962506205,0.01016937324259004
2017-02-01,524,US.MU,US.IDXX,OBSERVATION_EVICT,48.65,80.82,32.17,45.0,False,KEEP,atr_breakout,1,2.263563017420264,122.33,atr_breakout,1,2,False,0.01850374411362923,2,2,0.04421768707482987,0.012057866363160447,0.09756097562971844,0.01874203507341142,-0.17092241637404026,-0.224133517592915,-0.19175961572584044,-0.2478996808624776
2017-02-02,525,US.SNPS,US.IDXX,OBSERVATION_EVICT,48.65,100.0,51.35,45.0,True,REPLACE,atr_breakout,2,2.263563017420264,122.33,atr_breakout,1,2,False,0.01850374411362923,3,2,0.19939629150495897,0.03111221310189099,0.07738794695316442,0.008771306672375618,-0.0022272110175500792,0.08025703756218983,0.04877464404677423,-0.025248477045452855
2017-03-24,560,US.MU,US.PEP,OBSERVATION_EVICT,50.61,100.0,49.39,45.0,True,REPLACE,atr_breakout,3,0.7255267821056721,84.062508719,atr_breakout,1,1,False,0.008630800973724533,4,3,0.027857680672371155,0.005418146991370103,0.22332185889426936,0.02337582928526121,0.018850776573478445,0.007714367899564478,-0.08504568180280336,0.02519456422268962
2017-04-19,577,US.LRCX,US.TEAM,OBSERVATION_EVICT,47.23,100.0,52.77,45.0,True,REPLACE,atr_breakout,6,0.5756101481421021,31.55,atr_breakout,1,1,False,0.018244378704979462,2,4,0.09796481545360458,0.010417871082843942,0.09862871886625535,0.017435092368127517,0.03935884372426934,-0.003450353942481499,-0.02841920786821661,0.04276714518446689
2017-06-16,618,US.CTAS,US.DXCM,OBSERVATION_EVICT,45.57,98.19,52.62,45.0,True,REPLACE,atr_breakout,3,0.6199447251329347,18.205,atr_breakout,3,1,False,0.03405354161675006,4,6,0.11069035828721252,0.019820093452757852,0.0818543705296011,0.009916105403454526,-0.02200334995404596,0.00697548089308242,0.040383411258234525,0.06717575799970954
2017-06-21,621,US.GILD,US.VRSK,OBSERVATION_EVICT,47.01,100.0,52.99,45.0,True,REPLACE,atr_breakout,6,0.9729958508220629,78.360155557,atr_breakout,2,1,False,0.012416971915201157,2,6,0.05709255532627,0.00714560695713054,0.051833227871272536,0.009673002385864549,0.06667110792588449,0.036233166769782166,0.06141295899296262,0.26382342452191676
2017-06-21,621,US.VRTX,US.FTNT,OBSERVATION_EVICT,58.78,100.0,41.22,45.0,False,KEEP,boll_mr,7,0.19365787898850292,7.486,atr_breakout,1,1,False,0.025869339966404347,2,6,-0.05839780396805583,0.014221267959645949,0.15644566429367868,0.020627284772812105,-0.02759029889490472,-0.05387070551908535,0.102728059471068,0.11463768836672572
2017-07-14,637,US.ASML,US.TTWO,OBSERVATION_EVICT,43.75,97.46,53.71,45.0,True,REPLACE,atr_breakout,3,2.048042697578891,75.9,atr_breakout,2,1,False,0.026983434750710023,4,7,0.02972571274152136,0.014955247976238512,0.10558441964514409,0.018360866956119565,0.07132168009274609,0.04654739972426536,-0.08454211515292998,-0.13221684291520108
2017-07-18,639,US.NFLX,US.FTNT,OBSERVATION_EVICT,58.78,100.0,41.22,45.0,False,KEEP,boll_mr,25,0.19365787898850292,7.486,atr_breakout,1,2,False,0.025869339966404347,1,7,0.06499999999999995,0.01389120976146267,0.19687092568448494,0.03461865922762232,0.01242480107107502,0.0821332594893982,0.008193352293557332,0.1060494661582615
2017-07-19,640,US.LRCX,US.FTNT,OBSERVATION_EVICT,58.78,100.0,41.22,45.0,False,KEEP,boll_mr,26,0.19365787898850292,7.486,atr_breakout,1,2,False,0.025869339966404347,2,7,0.0968775020016015,0.013531784098397361,0.09637911991592785,0.019295647138980243,0.03823965470624868,0.036143406937509726,0.08884587283423528,0.20780419806473382
2017-07-21,642,US.CTAS,US.FTNT,OBSERVATION_EVICT,58.78,100.0,41.22,45.0,False,KEEP,boll_mr,28,0.19365787898850292,7.486,atr_breakout,1,2,False,0.025869339966404347,4,7,0.06827202950515998,0.01414654658958011,0.07177144625508447,0.023619110967713294,0.051464214526485086,0.06266330302107992,0.05010472450751968,0.12781561056822766
2017-07-25,644,US.TEAM,US.FTNT,OBSERVATION_EVICT,58.78,100.0,41.22,45.0,False,KEEP,boll_mr,30,0.19365787898850292,7.486,atr_breakout,1,2,True,0.025869339966404347,1,7,0.07613005551149876,0.013508191850981906,0.05761202337879201,0.017953595200632312,0.05104519786293282,0.027923114713829356,0.02309596762724786,0.05794845440794327
2017-07-26,645,US.EA,US.FTNT,OBSERVATION_EVICT,58.78,100.0,41.22,45.0,False,KEEP,boll_mr,31,0.19365787898850292,7.486,atr_breakout,1,2,False,0.025869339966404347,2,7,0.0908602150537634,0.012751684021606658,0.08936484490647523,0.012997374065086203,0.09383043341183839,0.07959665360289703,0.08728195403267469,-0.032908295814510824
2017-07-27,646,US.ADP,US.FTNT,OBSERVATION_EVICT,58.78,100.0,41.22,45.0,False,KEEP,boll_mr,32,0.19365787898850292,7.486,atr_breakout,1,2,True,0.025869339966404347,3,7,0.018287834749309173,0.01790399217708699,0.12611998441839023,0.023180651266688675,0.01919444270566939,0.0019220464145407457,-0.06450350088341328,-0.04154194881219553
2017-07-28,647,US.EXC,US.FTNT,OBSERVATION_EVICT,58.78,81.85,23.07,45.0,False,KEEP,boll_mr,33,0.19365787898850292,7.486,atr_breakout,1,2,False,0.025869339966404347,4,7,-0.007154213036566048,0.01881155592847571,0.07300422545812912,0.009521105328336851,0.010700731709347377,0.01122614008880074,0.013992278734866859,-0.02719894100088016
2017-08-01,649,US.NXPI,US.FTNT,OBSERVATION_EVICT,58.78,100.0,41.22,45.0,False,KEEP,boll_mr,35,0.19365787898850292,7.486,atr_breakout,1,2,False,0.025869339966404347,1,8,-0.008887692028009653,0.01895053128242932,0.016747506176318927,0.002054274376231029,0.02453038768708471,0.015299817895513046,-0.00432630232890352,-0.03028949648338841
2017-08-03,651,US.TTWO,US.FTNT,OBSERVATION_EVICT,58.78,100.0,41.22,45.0,False,KEEP,boll_mr,37,0.19365787898850292,7.486,atr_breakout,1,2,False,0.025869339966404347,3,8,-0.04160084242253825,0.016168885260278053,0.21707650273224033,0.028785247435790067,-0.0006759123691441049,0.017468814718786696,0.04820350824391695,0.1461756169523596
2017-08-04,652,US.NXPI,US.FTNT,OBSERVATION_EVICT,58.78,100.0,41.22,45.0,False,KEEP,boll_mr,38,0.19365787898850292,7.486,atr_breakout,1,2,False,0.025869339966404347,4,8,-0.0428682774746687,0.016104246635938575,0.030336357811919124,0.004020261886614596,0.007815039941351798,0.0054242939939525,-0.03536113301382149,-0.03386575199791375
2017-08-07,653,US.ON,US.FTNT,OBSERVATION_EVICT,58.78,100.0,41.22,45.0,False,KEEP,boll_mr,39,0.19365787898850292,7.486,atr_breakout,1,2,False,0.025869339966404347,0,8,-0.0433766233766234,0.016100652062039266,0.1301038062283737,0.024980517091624493,0.0013750473354596782,-0.038232630385483635,0.0312250440156433,0.23552097758648127
2017-08-08,654,US.AEP,US.FTNT,OBSERVATION_EVICT,58.78,81.58,22.8,45.0,False,KEEP,boll_mr,40,0.19365787898850292,7.486,atr_breakout,1,2,False,0.025869339966404347,1,8,-0.06069958847736623,0.015903796024350516,0.04830684490773818,0.008289292928777281,-0.005396544669438841,-0.005531126265794661,0.0050883429291719295,-0.021799113714571883
2017-08-14,658,US.CMCSA,US.FTNT,OBSERVATION_EVICT,58.78,94.14,35.36,45.0,False,KEEP,boll_mr,44,0.19365787898850292,7.486,atr_breakout,1,2,False,0.025869339966404347,0,8,-0.07904548845128567,0.01594178132331567,0.06887755101836923,0.008968063955969524,-0.023014117022154612,-0.042899519895243654,-0.13406188503020078,-0.18294676962535983
2017-08-15,659,US.PEP,US.FTNT,OBSERVATION_EVICT,58.78,86.55,27.77,45.0,False,KEEP,boll_mr,45,0.19365787898850292,7.486,atr_breakout,1,2,False,0.025869339966404347,1,8,-0.09043736100815414,0.01577490627394318,0.03443178854366602,0.005077751129604873,-0.02811399128295511,-0.0412507455307648,-0.06195894832475446,-0.1362145509915368
2017-08-22,664,US.DXCM,US.FTNT,OBSERVATION_EVICT,58.78,80.39,21.61,45.0,False,KEEP,boll_mr,50,0.19365787898850292,7.486,atr_breakout,1,1,False,0.025869339966404347,1,8,-0.07835912552198476,0.016482966994279157,0.0844285714285713,0.02228200038921988,-0.004693584227085212,-0.007077031800929223,-0.09401521665062329,-0.378411099554264
2017-08-25,667,US.MRVL,US.FTNT,OBSERVATION_EVICT,58.78,100.0,41.22,45.0,False,KEEP,boll_mr,53,0.19365787898850292,7.486,atr_breakout,1,1,False,0.025869339966404347,4,8,-0.007739524953295995,0.010649653842623215,0.09364977545405129,0.02123404981672826,0.016797098807060484,-0.009741623132863086,0.022892988038820006,0.17386782655356336
2017-08-30,670,US.ADI,US.MU,OBSERVATION_EVICT,52.68,100.0,47.32,45.0,True,REPLACE,atr_breakout,1,0.9075297984115922,30.702041307,atr_breakout,1,2,True,0.02955926576141624,2,8,0.1040866223940966,0.023550481094464795,0.06216696270000832,0.016962507751533278,-0.06331257167213822,-0.10504772348097824,-0.1723426508570831,-0.5009560185131767
2017-09-11,677,US.MELI,US.KLAC,OBSERVATION_EVICT,57.7,100.0,42.3,45.0,False,KEEP,atr_breakout,2,0.1663104402916574,8.319094914,atr_breakout,1,2,False,0.019991410365059983,0,9,0.07636405325854989,0.013515600200490367,0.18779147235431926,0.02780210446871944,-0.023249271548244632,-0.07183674491271541,-0.1236713453782331,-0.11318435226639112
2017-09-12,678,US.AMGN,US.KLAC,OBSERVATION_EVICT,57.7,100.0,42.3,45.0,False,KEEP,atr_breakout,3,0.1663104402916574,8.319094914,atr_breakout,1,2,False,0.019991410365059983,1,9,0.07119206247811483,0.013384463957367978,0.12010314808639011,0.01236381581911881,-0.06633672918311162,-0.040843092658930935,-0.09425328099209651,-0.12659467579609596
2017-09-13,679,US.COST,US.KLAC,OBSERVATION_EVICT,57.7,91.36,33.66,45.0,False,KEEP,atr_breakout,4,0.1663104402916574,8.319094914,atr_breakout,1,2,False,0.019991410365059983,2,9,0.0634709362211423,0.013725020899839015,0.04226883229691025,0.01531524156513465,-0.03132639801513626,-0.06875150713440692,-0.1133203260361404,0.0576353685843638
2017-09-14,680,US.MRVL,US.KLAC,OBSERVATION_EVICT,57.7,81.09,23.39,45.0,False,KEEP,atr_breakout,5,0.1663104402916574,8.319094914,atr_breakout,1,2,True,0.019991410365059983,3,9,0.0613321689918358,0.013682853405385286,0.1460815046905053,0.020675757193160147,-0.03501003724311835,-0.09421609802505304,-0.07239631172762961,0.13584804705630393
2017-09-15,681,US.NVDA,US.KLAC,OBSERVATION_EVICT,57.7,100.0,42.3,45.0,False,KEEP,atr_breakout,6,0.1663104402916574,8.319094914,atr_breakout,1,2,True,0.019991410365059983,4,9,0.09980872308553645,0.012330077793950213,0.1164215048109114,0.019641908754396316,-0.026113792980667627,-0.08274172843977212,0.01225534223583491,0.022044244020658965
2017-09-18,682,US.NVDA,US.KLAC,OBSERVATION_EVICT,57.7,100.0,42.3,45.0,False,KEEP,atr_breakout,7,0.1663104402916574,8.319094914,atr_breakout,1,2,True,0.019991410365059983,0,9,0.11918085770362263,0.012998902587056618,0.16232279256958715,0.021130118670131766,-0.06924503261238091,-0.08598380851097287,-0.008848347161623416,-0.009248435976464853
2017-09-20,684,US.CPRT,US.KLAC,OBSERVATION_EVICT,57.7,100.0,42.3,45.0,False,KEEP,atr_breakout,9,0.1663104402916574,8.319094914,atr_breakout,1,2,False,0.019991410365059983,2,9,0.0876652099848072,0.0126325551967163,0.05384375972611255,0.013183596481663071,-0.023516237679521934,-0.006648661336990935,-0.009457687305247653,0.2392084285560867
2017-09-22,686,US.CSCO,US.KLAC,OBSERVATION_EVICT,57.7,100.0,42.3,45.0,False,KEEP,atr_breakout,11,0.1663104402916574,8.319094914,atr_breakout,1,1,False,0.019991410365059983,4,9,0.11510068674219665,0.012005717184288927,0.06818181817805002,0.0098862650212394,-0.04647680878184479,0.0012683490022507016,-0.04250120429036919,0.049969788896312206
2017-09-28,690,US.MU,US.KLAC,OBSERVATION_EVICT,57.7,81.81,24.11,45.0,False,KEEP,atr_breakout,15,0.1663104402916574,8.319094914,atr_breakout,1,1,True,0.019991410365059983,3,9,0.12296233944135282,0.01646718070573425,0.20088579564651443,0.02418084789972412,0.06838835772912877,0.06998137477545996,0.03176569117425254,0.1138578994616144
2017-09-29,691,US.AMAT,US.KLAC,OBSERVATION_EVICT,57.7,90.38,32.68,45.0,False,KEEP,atr_breakout,16,0.1663104402916574,8.319094914,atr_breakout,1,2,True,0.019991410365059983,4,9,0.13266517534822442,0.01646430802164897,0.1544769503440011,0.021861783749449526,0.03953830213558662,0.04217577828848118,0.0686131661976499,-0.03995844897277001
2017-10-02,692,US.SPY,US.KLAC,OBSERVATION_EVICT,57.7,89.06,31.36,45.0,False,KEEP,atr_breakout,17,0.1663104402916574,8.319094914,atr_breakout,1,2,False,0.019991410365059983,0,10,0.11665594992139128,0.016863912448130118,0.02312684662305542,0.0034842942759437064,0.01615008033842491,-0.01106322163504525,-0.005310604976938249,0.03646916614523921
2017-10-03,693,US.PAYX,US.KLAC,OBSERVATION_EVICT,57.7,100.0,42.3,45.0,False,KEEP,atr_breakout,18,0.1663104402916574,8.319094914,atr_breakout,1,2,False,0.019991410365059983,1,10,0.09896508413223137,0.017712049011751642,0.09310527242048883,0.011062178059966133,0.011952804818612384,-0.036036326430045174,-0.022268579463688765,0.05574662603974523
2017-10-04,694,US.TEAM,US.KLAC,OBSERVATION_EVICT,57.7,96.46,38.76,45.0,False,KEEP,atr_breakout,19,0.1663104402916574,8.319094914,atr_breakout,1,2,False,0.019991410365059983,2,10,0.09081197761652926,0.017698189300995412,0.10177377144518762,0.025204191549926893,0.05040750030199215,0.0008199096959140562,0.26397784051602513,0.17510681612917978
2017-10-05,695,US.ADP,US.KLAC,OBSERVATION_EVICT,57.7,100.0,42.3,45.0,False,KEEP,atr_breakout,20,0.1663104402916574,8.319094914,atr_breakout,1,2,False,0.019991410365059983,3,10,0.06725270943338568,0.018088518933205133,0.04269188395862389,0.00795126112587574,-0.03108320435790013,-0.05406710213031718,-0.03996014743212206,-0.02350149626781528
2017-10-06,696,US.NFLX,US.KLAC,OBSERVATION_EVICT,57.7,81.33,23.63,45.0,False,KEEP,atr_breakout,21,0.1663104402916574,8.319094914,atr_breakout,1,2,False,0.019991410365059983,4,10,0.08689139708612736,0.017819669537283638,0.12243509806144437,0.021192311451077604,-0.020439068660433657,-0.0772856428006572,-0.027658499265607706,-0.01889556589376573
2017-10-10,698,US.QCOM,US.KLAC,OBSERVATION_EVICT,57.7,100.0,42.3,45.0,False,KEEP,atr_breakout,23,0.1663104402916574,8.319094914,atr_breakout,1,2,True,0.019991410365059983,1,10,0.06697579407803134,0.016917983562507455,0.05834970531026906,0.006857112596793852,-0.061481814124838,-0.024235216992428255,0.1604472416194016,0.18588296031450002
2017-10-12,700,US.SNPS,US.KLAC,OBSERVATION_EVICT,57.7,100.0,42.3,45.0,False,KEEP,atr_breakout,25,0.1663104402916574,8.319094914,atr_breakout,1,2,True,0.019991410365059983,3,10,0.07622204784182585,0.016498364036991252,0.05647674853509543,0.0075830164103694924,-0.047130696154360274,-0.014352174043742671,0.048776879985218735,0.010148378331215291
2017-10-16,702,US.AMAT,US.KLAC,OBSERVATION_EVICT,57.7,83.62,25.92,45.0,False,KEEP,atr_breakout,27,0.1663104402916574,8.319094914,atr_breakout,1,2,True,0.019991410365059983,0,10,0.06419358845521583,0.016161365932425585,0.14547346514759463,0.02049476777359909,0.019748195522461653,0.015437083048409406,0.0868931030552027,-0.027353715486383767
2017-10-18,704,US.LRCX,US.KLAC,OBSERVATION_EVICT,57.7,100.0,42.3,45.0,False,KEEP,atr_breakout,29,0.1663104402916574,8.319094914,atr_breakout,1,2,True,0.019991410365059983,2,10,0.08535845517293805,0.014865235452878945,0.1621373014768388,0.019236352180552377,0.025977813623491275,0.03976958163540656,0.07979180526801166,-0.0504500583834705
2017-10-20,706,US.MSFT,US.KLAC,OBSERVATION_EVICT,57.7,100.0,42.3,45.0,False,KEEP,atr_breakout,31,0.1663104402916574,8.319094914,atr_breakout,1,2,False,0.019991410365059983,4,10,0.07774100664047556,0.014767462145572051,0.05913183710985126,0.006633253814340841,0.06595675628219466,0.08661835522263273,0.10756257880580955,0.08405436784692721
2017-10-23,707,US.NXPI,US.KLAC,OBSERVATION_EVICT,57.7,89.56,31.86,45.0,False,KEEP,atr_breakout,32,0.1663104402916574,8.319094914,atr_breakout,1,2,True,0.019991410365059983,0,10,0.08959332480137738,0.014194703723986023,0.035402953204558996,0.002087430400651347,0.007044593710107017,0.024171033006665787,0.033421516236050386,-0.039010158772549985
2017-10-26,710,US.INTU,US.KLAC,OBSERVATION_EVICT,57.7,89.95,32.25,45.0,False,KEEP,atr_breakout,35,0.1663104402916574,8.319094914,atr_breakout,1,1,False,0.019991410365059983,3,10,0.03778120028848342,0.010238820938555113,0.06629368004837266,0.006108648101316747,0.028299587494900913,0.06688661196800294,0.04667791986290082,0.047298004687394535
2017-10-27,711,US.AMZN,US.KLAC,OBSERVATION_EVICT,57.7,100.0,42.3,45.0,False,KEEP,atr_breakout,36,0.1663104402916574,8.319094914,atr_breakout,1,2,False,0.019991410365059983,4,10,0.019695530294578045,0.010228587596024595,0.14521246164248192,0.03047478386730461,0.026189281624768412,0.07469604179912981,0.11484713339662045,0.19861583774686653
2017-10-30,712,US.AAPL,US.KLAC,OBSERVATION_EVICT,57.7,100.0,42.3,45.0,False,KEEP,atr_breakout,37,0.1663104402916574,8.319094914,atr_breakout,1,2,False,0.019991410365059983,0,10,0.023065836432218934,0.010068022254594924,0.08393472466519492,0.012100833193585516,0.06245065939063621,0.09815320485557111,0.03774366370646187,-0.030985285797126005
2017-10-31,713,US.MU,US.KLAC,OBSERVATION_EVICT,57.7,100.0,42.3,45.0,False,KEEP,atr_breakout,38,0.1663104402916574,8.319094914,atr_breakout,1,2,True,0.019991410365059983,1,10,0.05934864348066138,0.009122032559235087,0.09759722567719176,0.022570677543718387,0.004746986732194869,0.09053278343237181,0.06080740308161359,-0.05906759038470166
2017-11-01,714,US.VRSK,US.KLAC,OBSERVATION_EVICT,57.7,100.0,42.3,45.0,False,KEEP,atr_breakout,39,0.1663104402916574,8.319094914,atr_breakout,1,2,False,0.019991410365059983,2,11,0.02105778893765642,0.012406129643526862,0.07165851913700161,0.013109916391269497,0.011415602279348347,0.025923390526854218,0.09496763020861632,0.055830279159074125
2017-11-03,716,US.QCOM,US.KLAC,OBSERVATION_EVICT,57.7,100.0,42.3,45.0,False,KEEP,atr_breakout,41,0.1663104402916574,8.319094914,atr_breakout,1,2,True,0.019991410365059983,4,11,0.03770798921611784,0.012101307707483895,0.17755763004352842,0.03571811657858389,0.08127536388494294,0.11793979716290859,0.09915288658492472,0.03769305687981461
2017-11-06,717,US.MRVL,US.KLAC,OBSERVATION_EVICT,57.7,100.0,42.3,45.0,False,KEEP,atr_breakout,42,0.1663104402916574,8.319094914,atr_breakout,1,2,True,0.019991410365059983,0,11,0.015138284175381322,0.011891499234327791,0.09485094852513365,0.02152409418053151,0.030757007114243562,0.09178472674631,0.10934666177616714,0.09706325290754347
2017-11-10,721,US.MNST,US.KLAC,OBSERVATION_EVICT,57.7,100.0,42.3,45.0,False,KEEP,atr_breakout,46,0.1663104402916574,8.319094914,atr_breakout,1,2,False,0.019991410365059983,4,11,-0.02739463920794938,0.016119462192565322,0.09546838617230868,0.011012780467095721,0.01846596251445798,-0.015215805570560681,0.009263408617248059,0.0460024962453367
2017-11-13,722,US.EXC,US.KLAC,OBSERVATION_EVICT,57.7,91.21,33.51,45.0,False,KEEP,atr_breakout,47,0.1663104402916574,8.319094914,atr_breakout,1,2,False,0.019991410365059983,0,11,-0.05073757979527227,0.015376530350990318,0.06220571812859821,0.007017285817767349,-0.021708707078338496,-0.053125154741098246,-0.03547668039727714,-0.11518787421063525
2017-11-14,723,US.PEP,US.KLAC,OBSERVATION_EVICT,57.7,100.0,42.3,45.0,False,KEEP,atr_breakout,48,0.1663104402916574,8.319094914,atr_breakout,1,2,False,0.019991410365059983,1,11,-0.0491577406947713,0.015431874245413792,0.031821017911872085,0.008063166821815052,-0.02297499037406192,0.027106512784612846,0.007695704772713752,-0.04375949123999423
2017-11-16,725,US.CSCO,US.KLAC,OBSERVATION_EVICT,57.7,100.0,42.3,45.0,False,KEEP,atr_breakout,50,0.1663104402916574,8.319094914,atr_breakout,1,2,False,0.019991410365059983,3,11,-0.024918634965672037,0.01621268040030017,0.06311111108372325,0.013723848286753612,0.014401841731243925,0.05660181314585777,0.05610210490940659,0.14994275624265296
2017-11-17,726,US.ROST,US.KLAC,OBSERVATION_EVICT,57.7,100.0,42.3,45.0,False,KEEP,atr_breakout,51,0.1663104402916574,8.319094914,atr_breakout,1,2,False,0.019991410365059983,4,11,-0.0567590906372909,0.017413116479868103,0.12543314351685142,0.02403377929263378,-0.03997978391296764,0.08997712267025504,-0.0189146675833316,0.040731774901635376
2017-11-20,727,US.MRVL,US.KLAC,OBSERVATION_EVICT,57.7,100.0,42.3,45.0,False,KEEP,atr_breakout,52,0.1663104402916574,8.319094914,atr_breakout,1,2,True,0.019991410365059983,0,11,-0.04390261588527411,0.017583915731211344,0.16892257715937387,0.02506467843711523,0.03205293105698925,0.01632140493208012,-0.05352410718980738,-0.0019705777712353267
2017-11-21,728,US.MU,US.KLAC,OBSERVATION_EVICT,57.7,100.0,42.3,45.0,False,KEEP,atr_breakout,53,0.1663104402916574,8.319094914,atr_breakout,1,2,True,0.019991410365059983,1,11,-0.02200828332385918,0.018382688328938173,0.18750000001848566,0.02056548772596463,-0.07239267054728094,-0.1391346101381885,-0.14823522476756368,-0.15320557387957823
2017-11-22,729,US.CPRT,US.KLAC,OBSERVATION_EVICT,57.7,100.0,42.3,45.0,False,KEEP,atr_breakout,54,0.1663104402916574,8.319094914,atr_breakout,1,2,False,0.019991410365059983,2,11,-0.015421776828686728,0.018285806565510095,0.1471328671328671,0.027478777203180836,0.07395648853070025,0.0689209006712257,0.018454804137420178,0.06812590342531544
2017-11-24,730,US.AMZN,US.KLAC,OBSERVATION_EVICT,57.7,100.0,42.3,45.0,False,KEEP,atr_breakout,55,0.1663104402916574,8.319094914,atr_breakout,1,2,False,0.019991410365059983,4,11,-0.029629086183830422,0.017689287840760414,0.21962506298653883,0.030097833419202805,-0.008706662589952896,-0.01005798987852946,-0.055969994618637275,0.2092805541704308
2017-11-28,732,US.CSCO,US.KLAC,OBSERVATION_EVICT,57.7,100.0,42.3,45.0,False,KEEP,atr_breakout,57,0.1663104402916574,8.319094914,atr_breakout,1,2,False,0.019991410365059983,1,11,0.004075933752029526,0.018690081866305833,0.10840188016825492,0.013986329462173926,0.0314033671104369,0.04335345613676156,0.020869159500731538,0.1343767808043932
2017-11-29,733,US.ROST,US.KLAC,OBSERVATION_EVICT,57.7,100.0,42.3,45.0,False,KEEP,atr_breakout,58,0.1663104402916574,8.319094914,atr_breakout,1,1,False,0.019991410365059983,2,11,-0.0736713164297852,0.023265581521057597,0.19715675333419092,0.025512431124988088,-0.010785721260289982,-0.01976348546790585,-0.011568982591128263,-0.11513472263944302
2017-11-30,734,US.HON,US.KLAC,OBSERVATION_EVICT,57.7,100.0,42.3,45.0,False,KEEP,atr_breakout,59,0.1663104402916574,8.319094914,atr_breakout,1,2,False,0.019991410365059983,3,11,-0.022203945300679595,0.022575971372512424,0.08685011635480855,0.007324492532733984,-0.04128829762202513,-0.04004906666934027,-0.04558000720157562,-0.14354471956787218
2017-12-12,742,US.TSLA,US.MNST,OBSERVATION_EVICT,59.0,100.0,41.0,45.0,False,KEEP,atr_breakout,6,0.5325379242038952,31.675,atr_breakout,1,2,False,0.016812562721512082,1,12,0.011414790996784552,0.00875245826519145,0.08126188966391878,0.019842505248214553,-0.04978211416550826,-0.10716245720365425,-0.025721973760351458,0.08434951793791878
2017-12-13,743,US.MELI,US.MNST,OBSERVATION_EVICT,59.0,100.0,41.0,45.0,False,KEEP,atr_breakout,7,0.5325379242038952,31.675,atr_breakout,1,2,False,0.016812562721512082,2,12,0.01405077438927016,0.008870887312825123,0.21505581165013155,0.022849577629465146,-0.020697190730192272,-0.0008109046836107803,0.07018693660014508,0.350745231270018
2017-12-18,746,US.TXN,US.MNST,OBSERVATION_EVICT,59.0,100.0,41.0,45.0,False,KEEP,atr_breakout,10,0.5325379242038952,31.675,atr_breakout,1,2,False,0.016812562721512082,0,12,0.02991796686504733,0.008492948206575791,0.056578678115853265,0.010719925390028112,0.011488710847285422,0.06417819634755928,0.08913213840847867,0.15407472518976162
2017-12-20,748,US.FANG,US.MNST,OBSERVATION_EVICT,59.0,100.0,41.0,45.0,False,KEEP,atr_breakout,12,0.5325379242038952,31.675,atr_breakout,1,2,False,0.016812562721512082,2,12,0.04488330337848856,0.007492392977392219,0.07437640182654737,0.01749556325104925,0.08803550176606623,0.11729701424130345,0.06952539625016851,0.154435948511362
2018-01-02,755,US.ON,US.PEP,OBSERVATION_EVICT,43.52,100.0,56.48,45.0,True,REPLACE,atr_breakout,1,0.9045075582225254,92.081520207,atr_breakout,2,2,False,0.009822899928120053,1,1,0.010960780956145388,0.007666848657194447,0.09818731117824764,0.0186065917316457,0.050724679896433145,0.08725791088412249,0.11536864157567206,0.19014134554139672
2018-01-02,755,US.NFLX,US.MNST,OBSERVATION_EVICT,59.0,100.0,41.0,45.0,False,KEEP,atr_breakout,19,0.5325379242038952,31.675,atr_breakout,1,2,False,0.016812562721512082,1,1,-0.003337571519389737,0.00881376837376288,0.07627662991114437,0.015910930997552464,-0.0031908305079069166,0.012186445032403181,0.2562837138959255,0.556596741002849
2018-01-03,756,US.NVDA,US.MNST,OBSERVATION_EVICT,59.0,100.0,41.0,45.0,False,KEEP,atr_breakout,20,0.5325379242038952,31.675,atr_breakout,1,2,False,0.016812562721512082,2,1,-0.0036306235201263304,0.008801697167426068,0.13827279542595838,0.02102860158194696,0.04531425540015688,0.003263854501940111,0.05572045124147351,0.15985003512634
2018-01-04,757,US.BKR,US.MNST,OBSERVATION_EVICT,59.0,100.0,41.0,45.0,False,KEEP,atr_breakout,21,0.5325379242038952,31.675,atr_breakout,1,2,False,0.016812562721512082,3,1,0.004916732751784281,0.008774332999357138,0.12398571892735966,0.017909731831294688,0.044529725520183305,-0.05206346237699999,-0.1549884219383395,-0.044462957258782354
2018-01-05,758,US.SPY,US.MNST,OBSERVATION_EVICT,59.0,87.95,28.95,45.0,False,KEEP,atr_breakout,22,0.5325379242038952,31.675,atr_breakout,1,2,False,0.016812562721512082,4,1,0.003477161371898241,0.008752537437354024,0.04398234880752394,0.003822281919289913,0.01204805285206767,-0.033508306729931325,-0.04037869133853478,0.07364152928968803
2018-01-08,759,US.AMZN,US.MNST,OBSERVATION_EVICT,59.0,100.0,41.0,45.0,False,KEEP,atr_breakout,23,0.5325379242038952,31.675,atr_breakout,1,2,False,0.016812562721512082,0,1,0.027768860353130087,0.00812534928854425,0.07508255803205754,0.008248450511620632,0.038231087194696256,0.023738149699321198,0.15435837035108935,0.2677044822843432
2018-01-09,760,US.GILD,US.MNST,OBSERVATION_EVICT,59.0,93.03,34.03,45.0,False,KEEP,atr_breakout,24,0.5325379242038952,31.675,atr_breakout,1,2,False,0.016812562721512082,1,1,0.03574818095539389,0.008955930316810424,0.05947112540812172,0.01715646015795898,0.02232469066439946,-0.0017880370428369208,0.07386990348445244,0.09244778377338914
2018-01-10,761,US.WDAY,US.MNST,OBSERVATION_EVICT,59.0,100.0,41.0,45.0,False,KEEP,atr_breakout,25,0.5325379242038952,31.675,atr_breakout,1,2,False,0.016812562721512082,2,1,0.010327295837305517,0.011228192830771264,0.08901822345196075,0.01565262027667992,-0.05282474658255787,-0.05586719702311438,-0.0022972067338364877,0.19590617878965688
2018-01-11,762,US.IDXX,US.MNST,OBSERVATION_EVICT,59.0,100.0,41.0,45.0,False,KEEP,atr_breakout,26,0.5325379242038952,31.675,atr_breakout,1,2,False,0.016812562721512082,3,1,0.016690510252742152,0.011285278947183397,0.0768506310039554,0.012845563123553573,0.007833903973786471,0.013098230341838546,0.025125217647946285,0.24626441902260277
2018-03-08,800,US.FTNT,US.PANW,OBSERVATION_EVICT,48.39,100.0,51.61,45.0,True,REPLACE,atr_breakout,3,0.8262540056036409,30.044699369,atr_breakout,4,1,True,0.027500824536662413,3,3,0.20280751237128847,0.013034393541314741,0.188529993408042,0.017089240228205547,-0.005583641773891035,0.006153878887970143,-0.028549894422581046,0.04600078119983797
2018-03-08,800,US.OKTA,US.TEAM,OBSERVATION_EVICT,52.84,100.0,47.16,45.0,True,REPLACE,atr_breakout,4,2.3923372915088508,58.17,atr_breakout,3,1,True,0.04112665104880266,3,3,0.15446997489862913,0.027361214237111766,0.44897959183673475,0.034893681547438146,-0.08676353151523286,-0.041443997653759945,-0.005986681083322232,0.26904117462762867
2018-03-09,801,US.KLAC,US.WDAY,OBSERVATION_EVICT,56.72,92.21,35.49,45.0,False,KEEP,atr_breakout,4,4.3895208829584,132.92,atr_breakout,2,2,False,0.03302378034124586,4,3,0.2401549968459944,0.018642921487290375,0.23861710574368544,0.01786452466181875,0.012305578812971452,-0.03533089357194463,-0.0402262766178787,0.04630927234802906
2018-03-12,802,US.AVGO,US.WDAY,OBSERVATION_EVICT,56.72,100.0,43.28,45.0,False,KEEP,atr_breakout,5,4.3895208829584,132.92,atr_breakout,2,2,False,0.03302378034124586,0,3,0.23114376770538247,0.018571007128525885,0.11781895045038482,0.018065373722921975,-0.015255294408750952,0.001401644185288653,0.008092383503723322,0.08738158931816864
2018-04-18,828,US.ISRG,US.PCAR,OBSERVATION_EVICT,51.14,100.0,48.86,45.0,True,REPLACE,atr_breakout,2,0.9217647500955048,33.698731282,atr_breakout,3,1,False,0.02735309950935336,2,4,0.07190841173696993,0.02292761652114756,0.09493479625281842,0.029325115584332487,0.017191973116218673,0.0805511165266305,0.076542101688156,0.2176811495723574
2018-05-04,840,US.AAPL,US.BKR,OBSERVATION_EVICT,51.72,100.0,48.28,45.0,True,REPLACE,atr_breakout,16,0.9492042112478987,26.285142635,atr_breakout,1,2,False,0.036111815120378504,4,5,0.21703853956582297,0.015787823753239536,0.0917567406904578,0.020008169044732342,0.03651611371856045,0.021009968314949723,0.1400423905183844,0.07857722601616535
2018-11-30,986,US.WDAY,US.CTAS,OBSERVATION_EVICT,44.44,100.0,55.56,45.0,True,REPLACE,atr_breakout,9,1.0627603746168044,42.662388193,atr_breakout,4,2,False,0.024910944268028132,4,11,0.04841385870049186,0.013608321788458173,0.18935383276524775,0.046602999358531266,0.05819263842658251,0.050486581338705316,0.0801723249176387,0.041381059488587946
2018-12-03,987,US.AMD,US.PEP,OBSERVATION_EVICT,52.51,93.71,41.2,45.0,False,KEEP,atr_breakout,9,1.4501214207350455,93.672371483,atr_breakout,2,2,False,0.015480780488174346,0,12,0.07025276603619379,0.013877942112447757,0.17202174987642116,0.04848640399600358,-0.1509367949133812,-0.1250118831205359,-0.19801593298507347,-0.006446994830070496
2019-01-17,1017,US.FAST,US.NFLX,OBSERVATION_EVICT,40.9,100.0,59.1,45.0,True,REPLACE,atr_breakout,9,1.6113331648215072,29.757,atr_breakout,5,2,False,0.054149718211563905,3,1,0.30357274673359425,0.040647179575950924,0.09762633996589498,0.023238606807113506,0.08105967916210943,0.10137824068907708,0.09569807734937608,0.22023032061201564
2019-01-18,1018,US.CTAS,US.BKR,OBSERVATION_EVICT,51.35,93.01,41.66,45.0,False,KEEP,atr_breakout,9,0.756687035336244,18.447866991,atr_breakout,4,2,True,0.04101758949722493,4,1,0.14638783268669697,0.020319276810393347,0.12019143395749632,0.02034866762705387,0.03688025182398047,0.010402487939208394,0.01880635670456221,0.06075413138915131
2019-01-24,1021,US.ADI,US.BKR,OBSERVATION_EVICT,51.35,100.0,48.65,45.0,True,REPLACE,atr_breakout,12,0.756687035336244,18.447866991,atr_breakout,4,2,False,0.04101758949722493,3,1,0.1250000000223821,0.021697135565591746,0.17818950510385623,0.02729694723069867,0.020373836534650414,0.003464297540192396,-0.025879553253414178,0.0506799688495807
2019-01-24,1021,US.LRCX,US.MRVL,OBSERVATION_EVICT,55.21,100.0,44.79,45.0,False,KEEP,atr_breakout,10,0.5867409842642755,16.455226454,atr_breakout,3,2,True,0.03565681614315603,3,1,0.21443442057440132,0.026127137625503744,0.3166037001515911,0.04617839634261844,-0.005715300740890106,0.04465013353102698,-0.008583157736610447,-0.20030515096934742
2019-01-25,1022,US.ASML,US.MRVL,OBSERVATION_EVICT,55.21,100.0,44.79,45.0,False,KEEP,atr_breakout,11,0.5867409842642755,16.455226454,atr_breakout,3,2,True,0.03565681614315603,4,1,0.20038784746589577,0.024644765779665123,0.16684011703914914,0.02739518417274947,0.019156189534293766,0.03625421148872732,0.0013661186278139947,-0.18430268330724542
2019-01-29,1024,US.PCAR,US.MRVL,OBSERVATION_EVICT,55.21,93.18,37.97,45.0,False,KEEP,atr_breakout,13,0.5867409842642755,16.455226454,atr_breakout,3,2,False,0.03565681614315603,1,1,0.15846645366983858,0.0253423582943397,0.14155979449405875,0.02122493097714984,-0.017552788529184626,-0.03411986529705979,-0.024527891973112448,-0.31455877101042606
2019-01-30,1025,US.AAPL,US.MRVL,OBSERVATION_EVICT,55.21,100.0,44.79,45.0,False,KEEP,atr_breakout,14,0.5867409842642755,16.455226454,atr_breakout,3,2,False,0.03565681614315603,2,1,0.1346510191900976,0.024592823363643834,0.047609991129113904,0.03224836165014167,0.017929911085613925,-0.015831295836987502,-0.033709589017278496,-0.12662382687801754
2019-01-31,1026,US.META,US.MRVL,OBSERVATION_EVICT,55.21,100.0,44.79,45.0,False,KEEP,atr_breakout,15,0.5867409842642755,16.455226454,atr_breakout,3,2,False,0.03565681614315603,3,1,0.12303030306124074,0.024423155352343042,0.22855247641493714,0.031148673426588027,0.008933568525798852,-0.052055615581466985,-0.1074061072096234,-0.19223428064217152
2019-02-01,1027,US.PAYX,US.MRVL,OBSERVATION_EVICT,55.21,84.8,29.59,45.0,False,KEEP,atr_breakout,16,0.5867409842642755,16.455226454,atr_breakout,3,2,False,0.03565681614315603,4,2,0.1674064679735805,0.021625899839015392,0.13256705632609767,0.010787166909343414,0.034197106204404526,0.031443406933241436,-0.029696878475047983,-0.19015566108887594
2019-02-04,1028,US.SNPS,US.MRVL,OBSERVATION_EVICT,55.21,100.0,44.79,45.0,False,KEEP,atr_breakout,17,0.5867409842642755,16.455226454,atr_breakout,3,2,True,0.03565681614315603,0,2,0.1434729063918121,0.02101147228896203,0.16281287246722287,0.01434504657789613,-0.01242050788292759,0.004226221585207801,-0.02004284178243365,-0.10204005564180907
2019-02-05,1029,US.PAYX,US.MRVL,OBSERVATION_EVICT,55.21,98.23,43.02,45.0,False,KEEP,atr_breakout,18,0.5867409842642755,16.455226454,atr_breakout,3,2,False,0.03565681614315603,1,2,0.12341962673856433,0.020679420760993616,0.12870269271471857,0.008552743148280428,-0.02487535504578542,-0.039666613487677305,-0.008606758610907095,-0.20556532658677096
2019-02-06,1030,US.TXN,US.MRVL,OBSERVATION_EVICT,55.21,92.24,37.03,45.0,False,KEEP,atr_breakout,19,0.5867409842642755,16.455226454,atr_breakout,3,2,True,0.03565681614315603,2,2,0.14080287593415286,0.020922047513141723,0.1368422133485352,0.022816346615763636,-0.006837990657470705,-0.028434345198626865,-0.021196626688872677,-0.1901057049407633
2019-02-08,1032,US.VRSK,US.MRVL,OBSERVATION_EVICT,55.21,90.19,34.98,45.0,False,KEEP,atr_breakout,21,0.5867409842642755,16.455226454,atr_breakout,3,2,False,0.03565681614315603,4,2,0.07481005258180318,0.02268007047636808,0.08291903409436263,0.008038878837625473,0.0039473751225005405,-0.044590654433910304,-0.010137917420299791,-0.1466856729884518
2019-02-11,1033,US.CTAS,US.MRVL,OBSERVATION_EVICT,55.21,100.0,44.79,45.0,False,KEEP,atr_breakout,22,0.5867409842642755,16.455226454,atr_breakout,3,2,False,0.03565681614315603,0,2,0.09924985570234268,0.02372204503289528,0.111479835753727,0.00949094181794864,0.016107285220881673,-0.01528151171304648,-0.006053281650546305,-0.14331641392821237
2019-02-12,1034,US.ORLY,US.MRVL,OBSERVATION_EVICT,55.21,100.0,44.79,45.0,False,KEEP,atr_breakout,23,0.5867409842642755,16.455226454,atr_breakout,3,2,False,0.03565681614315603,1,2,0.1384976525983268,0.023324273563991305,0.109453319620056,0.015958187053733818,-0.007170381078526411,-0.0438004599265337,-0.04443404107337845,-0.23909713385567966
2019-02-15,1037,US.TMUS,US.MRVL,OBSERVATION_EVICT,55.21,99.62,44.41,45.0,False,KEEP,atr_breakout,26,0.5867409842642755,16.455226454,atr_breakout,3,2,False,0.03565681614315603,4,2,0.1398305084892275,0.023396016901809293,0.08754716981201183,0.01404738382870555,-0.03232361727151867,-0.0751215355863426,-0.03685637558979349,-0.19771306598323335
2019-02-20,1039,US.CDNS,US.MRVL,OBSERVATION_EVICT,55.21,100.0,44.79,45.0,False,KEEP,atr_breakout,28,0.5867409842642755,16.455226454,atr_breakout,3,2,True,0.03565681614315603,2,2,0.1884753901836027,0.023380073221011884,0.20292704237658366,0.013624208683644766,0.04776317745884329,0.07256696253579398,0.10524649069165126,0.09825196123931867
2019-02-21,1040,US.CPRT,US.MRVL,OBSERVATION_EVICT,55.21,100.0,44.79,45.0,False,KEEP,atr_breakout,29,0.5867409842642755,16.455226454,atr_breakout,3,2,False,0.03565681614315603,3,2,0.17565947245267188,0.02369043892969669,0.1473513294093769,0.01438642638961896,0.02051791282177895,0.0532176486052961,-0.003035578024202401,0.0035247508392564075
2019-02-22,1041,US.INTU,US.MRVL,OBSERVATION_EVICT,55.21,100.0,44.79,45.0,False,KEEP,atr_breakout,30,0.5867409842642755,16.455226454,atr_breakout,3,2,False,0.03565681614315603,4,2,0.12285714286969052,0.021679838031948444,0.18278657617077698,0.018851463929905634,-0.02145048104023828,0.029199685041942036,0.003880493321529732,-0.1367870308526975
2019-02-27,1044,US.MELI,US.MRVL,OBSERVATION_EVICT,55.21,100.0,44.79,45.0,False,KEEP,atr_breakout,33,0.5867409842642755,16.455226454,atr_breakout,3,2,False,0.03565681614315603,2,2,0.08714837286385935,0.016895902583492946,0.27175924607806845,0.04875396463920847,0.03882619964495437,0.13813748577803708,0.08007323619278184,0.1743605645385602
2019-02-28,1045,US.MNST,US.MRVL,OBSERVATION_EVICT,55.21,100.0,44.79,45.0,False,KEEP,atr_breakout,34,0.5867409842642755,16.455226454,atr_breakout,3,2,False,0.03565681614315603,3,2,0.08600979858366409,0.01686807504353819,0.1353610814656705,0.02047624486943031,0.004004528014429298,-0.03810544687808648,-0.12022976125749119,-0.10843540021798137
2019-03-01,1046,US.ZS,US.MRVL,OBSERVATION_EVICT,55.21,100.0,44.79,45.0,False,KEEP,atr_breakout,35,0.5867409842642755,16.455226454,atr_breakout,3,2,False,0.03565681614315603,4,3,0.08094981108940091,0.016835661834349997,0.2522224519330165,0.05043255257587868,0.0669036069673219,0.10380326819121222,0.17803128559730896,0.15662052555832817
2019-03-08,1051,US.COST,US.MRVL,OBSERVATION_EVICT,55.21,100.0,44.79,45.0,False,KEEP,atr_breakout,40,0.5867409842642755,16.455226454,atr_breakout,3,1,False,0.03565681614315603,4,3,0.01909438075997172,0.016904958483172527,0.08978713226650314,0.01278756353091159,-0.052787551405827804,-0.012386135669852028,-0.06441632284353949,-0.17647375443830393
2019-03-11,1052,US.CDNS,US.MRVL,OBSERVATION_EVICT,55.21,82.0,26.79,45.0,False,KEEP,atr_breakout,41,0.5867409842642755,16.455226454,atr_breakout,3,2,True,0.03565681614315603,0,3,0.05383360523220504,0.01876566513014443,0.17776468277352198,0.013035617724131568,-0.01106620100620015,0.017797382672237072,-0.042538106077922855,-0.12339822532938749
2019-03-12,1053,US.GOOGL,US.MRVL,OBSERVATION_EVICT,55.21,84.97,29.76,45.0,False,KEEP,atr_breakout,42,0.5867409842642755,16.455226454,atr_breakout,3,2,False,0.03565681614315603,1,3,0.038845144410214694,0.017654277565190914,0.0863154647331188,0.011034057782276608,-0.0178818120483355,-0.0011361264418928707,-0.09573503559982699,-0.3254877793818832
2019-03-13,1054,US.MELI,US.MRVL,OBSERVATION_EVICT,55.21,100.0,44.79,45.0,False,KEEP,atr_breakout,43,0.5867409842642755,16.455226454,atr_breakout,3,2,False,0.03565681614315603,2,3,0.01494845363495978,0.01728796878473937,0.39541208791208793,0.050500170995650386,-0.03590028126076261,-0.05186447860772214,-0.1253379620999382,-0.034957076887331295
2019-03-14,1055,US.ZS,US.MRVL,OBSERVATION_EVICT,55.21,84.89,29.68,45.0,False,KEEP,atr_breakout,44,0.5867409842642755,16.455226454,atr_breakout,3,2,False,0.03565681614315603,3,3,0.0062208397984704344,0.0175621090705421,0.3661224489795918,0.051241358282225286,-0.02657989419433826,0.06088306876364946,-0.1577749766394112,-0.11431465056056833
2019-03-15,1056,US.ASML,US.MRVL,OBSERVATION_EVICT,55.21,100.0,44.79,45.0,False,KEEP,atr_breakout,45,0.5867409842642755,16.455226454,atr_breakout,3,2,True,0.03565681614315603,4,3,0.04950495049397774,0.019354229736925934,0.04881926562303618,0.016322614471410986,-0.006423889941444605,-0.013714622157959155,-0.12730664682026016,-0.17783679852892487
2019-03-20,1059,US.GOOGL,US.MRVL,OBSERVATION_EVICT,55.21,96.48,41.27,45.0,False,KEEP,atr_breakout,48,0.5867409842642755,16.455226454,atr_breakout,3,2,False,0.03565681614315603,2,3,0.010606060606696444,0.017772434082894015,0.09445024495026288,0.010632956892580429,-0.02998519083933726,-0.046784507746707615,-0.23539332066853125,-0.3087020975889594
2019-03-21,1060,US.AAPL,US.MRVL,OBSERVATION_EVICT,55.21,100.0,44.79,45.0,False,KEEP,atr_breakout,49,0.5867409842642755,16.455226454,atr_breakout,3,2,False,0.03565681614315603,3,3,0.06017338096069613,0.019527324217845022,0.14047702562252784,0.012451743740984764,0.03324546923785143,-0.008580002936087183,-0.15388469776439329,-0.1466474618675918
2019-03-26,1063,US.VRSK,US.MRVL,OBSERVATION_EVICT,55.21,100.0,44.79,45.0,False,KEEP,atr_breakout,52,0.5867409842642755,16.455226454,atr_breakout,2,2,False,0.03565681614315603,1,3,-0.009557344032878001,0.022994798556682985,0.052782011199156154,0.005863836370735947,-0.0036356503655070593,-0.07974880323600231,-0.23824906490275555,-0.1181539312840818
2019-04-01,1067,US.SNPS,US.ADP,OBSERVATION_EVICT,50.94,100.0,49.06,45.0,True,REPLACE,atr_breakout,3,1.6797035715215032,133.772144894,atr_breakout,3,2,False,0.012556452412813498,0,4,0.06298956469468275,0.007944441255262771,0.14145631067961162,0.011510306014013764,0.00023762803400084742,-0.009933979143977867,0.015539752490543624,0.04506637020492654
2019-04-01,1067,US.CDNS,US.MRVL,OBSERVATION_EVICT,55.21,100.0,44.79,45.0,False,KEEP,atr_breakout,56,0.5867409842642755,16.455226454,atr_breakout,2,2,True,0.03565681614315603,0,4,0.005461767622158442,0.024211792209266517,0.1069354287666553,0.01031755943714513,-0.07456615870825145,-0.17033138899384292,-0.16854832812624498,-0.09656595689507741
2019-04-02,1068,US.CPRT,US.MRVL,OBSERVATION_EVICT,55.21,86.7,31.49,45.0,False,KEEP,atr_breakout,57,0.5867409842642755,16.455226454,atr_breakout,2,2,False,0.03565681614315603,1,4,0.009474827218062032,0.024184721260865676,0.08690414730683171,0.00926977908640406,-0.05871821123785059,-0.1578096058962477,-0.17786956653190522,-0.02235077463459656
2019-04-03,1069,US.LIN,US.MRVL,OBSERVATION_EVICT,55.21,100.0,44.79,45.0,False,KEEP,atr_breakout,58,0.5867409842642755,16.455226454,atr_breakout,2,2,False,0.03565681614315603,2,4,0.0556789582020194,0.023995018565980235,0.0860895665518091,0.0133160311806522,-0.09230127635381358,-0.2210124166558578,-0.21008281273460794,-0.052956549504953765
2019-04-11,1075,US.FAST,US.MRVL,OBSERVATION_EVICT,55.21,100.0,44.79,45.0,False,KEEP,atr_breakout,64,0.5867409842642755,16.455226454,atr_breakout,2,2,False,0.03565681614315603,3,4,0.16987536504694045,0.020950554527199804,0.10114166257647383,0.017080657586017213,-0.05964755120585452,-0.05957829907940315,-0.07398353546633285,-0.15709395396802273
2019-04-12,1076,US.AVGO,US.MRVL,OBSERVATION_EVICT,55.21,100.0,44.79,45.0,False,KEEP,atr_breakout,65,0.5867409842642755,16.455226454,atr_breakout,2,2,True,0.03565681614315603,4,4,0.18225172695588343,0.021887550381689172,0.10305648388122135,0.012092148174947788,-0.05280606513201114,-0.072710623390704,-0.007989220379581163,-0.18446561757453983
2019-04-15,1077,US.FTNT,US.MRVL,OBSERVATION_EVICT,55.21,96.07,40.86,45.0,False,KEEP,atr_breakout,66,0.5867409842642755,16.455226454,atr_breakout,2,2,False,0.03565681614315603,0,4,0.19200303891090154,0.021607015786296653,0.126730564430245,0.02228504376705342,-0.09339002374155503,-0.07415454068769001,-0.11265341177081756,-0.16948571878253205
2019-04-18,1080,US.HON,US.MRVL,OBSERVATION_EVICT,55.21,100.0,44.79,45.0,False,KEEP,atr_breakout,69,0.5867409842642755,16.455226454,atr_breakout,2,2,False,0.03565681614315603,3,4,0.19883830890550636,0.020998613168226456,0.07074644861286106,0.011523867163665442,0.01141451214694289,0.034337117499560366,0.09528076366119465,0.0030239423350653105
2019-04-23,1082,US.AMZN,US.MRVL,OBSERVATION_EVICT,55.21,100.0,44.79,45.0,False,KEEP,atr_breakout,71,0.5867409842642755,16.455226454,atr_breakout,2,2,False,0.03565681614315603,1,4,0.27697165843139815,0.0153255518552421,0.08426611657817928,0.0076620077693813965,0.005410376504700887,0.0491174437801859,0.07384266608613554,-0.024937176840996056
2019-04-25,1084,US.MSFT,US.MRVL,OBSERVATION_EVICT,55.21,100.0,44.79,45.0,False,KEEP,atr_breakout,73,0.5867409842642755,16.455226454,atr_breakout,2,2,False,0.03565681614315603,3,4,0.2853422258146925,0.01530450360758197,0.10602038195495922,0.008581249681258967,0.004401126691107482,0.05047844629060627,0.10975383641544278,0.05566687398190262
2019-04-26,1085,US.MNST,US.MRVL,OBSERVATION_EVICT,55.21,100.0,44.79,45.0,False,KEEP,atr_breakout,74,0.5867409842642755,16.455226454,atr_breakout,2,2,False,0.03565681614315603,4,4,0.2942570811200349,0.01459405906563261,0.09529930224017624,0.01599392837528852,0.07276959439889619,0.1180124950819591,0.18850129346198508,0.01460589682886737
2019-04-29,1086,US.TTD,US.MRVL,OBSERVATION_EVICT,55.21,100.0,44.79,45.0,False,KEEP,atr_breakout,75,0.5867409842642755,16.455226454,atr_breakout,2,2,False,0.03565681614315603,0,4,0.2677079062904515,0.014507231218717649,0.1411467542308662,0.024989829455770038,0.026913765586509597,-0.09816349879827335,0.04539475126120707,0.016224268581000567
2019-05-01,1088,US.MDLZ,US.MRVL,OBSERVATION_EVICT,55.21,100.0,44.79,45.0,False,KEEP,atr_breakout,77,0.5867409842642755,16.455226454,atr_breakout,2,2,False,0.03565681614315603,2,5,0.22299306241537598,0.015692727379156425,0.041003369247310184,0.005019790715078161,0.020817964198230454,0.067761338942537,0.0932106884913394,-0.04241925567497051
2019-05-03,1090,US.MELI,US.MRVL,OBSERVATION_EVICT,55.21,100.0,44.79,45.0,False,KEEP,atr_breakout,79,0.5867409842642755,16.455226454,atr_breakout,2,2,False,0.03565681614315603,4,5,0.17739628040551714,0.015599941099472629,0.15446279014118214,0.04721334944895835,0.011346710182734032,0.07629133327380955,0.07720862541294693,0.00382224900552508
2019-05-10,1095,US.ZS,US.MRVL,OBSERVATION_EVICT,55.21,100.0,44.79,45.0,False,KEEP,atr_breakout,84,0.5867409842642755,16.455226454,atr_breakout,2,1,False,0.03565681614315603,4,5,0.038427561834183166,0.017045524511340823,0.08560885608856084,0.02912745610562473,0.10910028304725128,0.07048599594602989,0.005836184649300469,0.05207937661782025
2019-05-16,1099,US.LIN,US.SBUX,OBSERVATION_EVICT,59.28,100.0,40.72,45.0,False,KEEP,atr_breakout,80,1.2432336616784396,55.505375185,atr_breakout,1,1,False,0.02239843722404774,3,5,0.05519210535581909,0.00854721416675062,0.04302151075828453,0.01736070379839989,0.01786322526422579,0.0027707623891403133,0.017753503644919455,-0.17831735458842313
2019-06-07,1114,US.MNST,US.SBUX,OBSERVATION_EVICT,59.28,100.0,40.72,45.0,False,KEEP,atr_breakout,95,1.2432336616784396,55.505375185,atr_breakout,1,1,True,0.02239843722404774,4,6,0.058793324765733734,0.014008116371918886,0.06459948320413433,0.012320640748017971,-0.09096836068056946,-0.04870995499943531,-0.058922198263603676,-0.30330787034871154
2019-06-10,1115,US.DXCM,US.SBUX,OBSERVATION_EVICT,59.28,100.0,40.72,45.0,False,KEEP,atr_breakout,96,1.2432336616784396,55.505375185,atr_breakout,1,1,False,0.02239843722404774,0,6,0.04475899004976758,0.014138700137170758,0.16541796447512414,0.030610107481923048,0.07265377562492614,0.04560571770077293,0.002776681301835282,0.047775309845621505
2019-06-12,1117,US.DXCM,US.SBUX,OBSERVATION_EVICT,59.28,84.4,25.12,45.0,False,KEEP,atr_breakout,98,1.2432336616784396,55.505375185,atr_breakout,1,1,False,0.02239843722404774,2,6,0.0761744095518655,0.01293435544584124,0.20806652806652814,0.03067184772877969,0.04796921512247554,-0.031171427295488607,-0.02426895067659407,-0.05407294189042622
2019-06-18,1121,US.AMGN,US.SBUX,OBSERVATION_EVICT,59.28,96.35,37.07,45.0,False,KEEP,atr_breakout,102,1.2432336616784396,55.505375185,atr_breakout,2,2,False,0.02239843722404774,1,6,0.08165927472025536,0.011198281554524576,0.07850822495105758,0.010977594618404496,-0.00045671385355006144,-0.00353821249674402,-0.1134521428235985,-0.038643762713746366
2019-06-19,1122,US.ADBE,US.SBUX,OBSERVATION_EVICT,59.28,94.6,35.32,45.0,False,KEEP,atr_breakout,103,1.2432336616784396,55.505375185,atr_breakout,2,2,False,0.02239843722404774,2,6,0.0810009028839136,0.011177823210938355,0.0472542884885101,0.020926476630165423,-0.0034198778797257523,0.0022695401280794503,-0.026956561531493728,-0.1278372662227033
2019-06-20,1123,US.ADBE,US.SBUX,OBSERVATION_EVICT,59.28,100.0,40.72,45.0,False,KEEP,atr_breakout,104,1.2432336616784396,55.505375185,atr_breakout,2,2,False,0.02239843722404774,3,6,0.09631067961382644,0.0111199025168618,0.07199630970122772,0.022231202082049338,-0.01605048780412155,-0.030414287060879897,-0.05048573644673082,-0.12333952054228936
2019-06-21,1124,US.BKR,US.SBUX,OBSERVATION_EVICT,59.28,96.78,37.5,45.0,False,KEEP,atr_breakout,105,1.2432336616784396,55.505375185,atr_breakout,2,2,False,0.02239843722404774,4,6,0.09697683550014524,0.011076422016868906,0.09150043364035154,0.024037445034454537,-0.021573415292830855,-0.04239318659480995,-0.13277842384522776,-0.15078236078534601
2019-07-01,1130,US.AVGO,US.TXN,OBSERVATION_EVICT,55.53,100.0,44.47,45.0,False,KEEP,atr_breakout,2,2.0733775843320084,95.228529882,atr_breakout,3,2,True,0.02177265139870563,0,7,0.11429114765818782,0.01816976698265129,0.2003037280715121,0.023710097100085488,-0.0715175619481011,-0.06731430405549144,-0.10604753435982528,-0.17072049589251004
2019-07-03,1132,US.SPY,US.TXN,OBSERVATION_EVICT,55.53,81.2,25.67,45.0,False,KEEP,atr_breakout,4,2.0733775843320084,95.228529882,atr_breakout,3,2,False,0.02177265139870563,2,7,0.05900621117322169,0.016839366774066073,0.061114281318014774,0.005161038834253153,-0.00502079042943393,-0.022583745366139274,-0.0843736904284732,-0.10995184136712843
2019-07-10,1136,US.META,US.AMZN,OBSERVATION_EVICT,47.66,87.29,39.63,45.0,False,KEEP,atr_breakout,2,1.494190417664531,97.616,atr_breakout,4,2,True,0.015306818735294738,2,7,0.08247572034125672,0.008317457423085357,0.13829309376887933,0.014350699694943085,0.007993104629436032,0.017748423321221618,0.02432208843397743,0.03005294345990228
2019-07-11,1137,US.FTNT,US.AMZN,OBSERVATION_EVICT,47.66,100.0,52.34,45.0,True,REPLACE,atr_breakout,3,1.494190417664531,97.616,atr_breakout,4,2,False,0.015306818735294738,3,7,0.07855787680831328,0.008547097465097455,0.09183010787711599,0.01414477497799134,0.04001087766843214,0.028844933176073173,0.08773287792339679,0.052481649238872
2019-07-11,1137,US.COST,US.TXN,OBSERVATION_EVICT,55.53,100.0,44.47,45.0,False,KEEP,atr_breakout,9,2.0733775843320084,95.228529882,atr_breakout,3,2,False,0.02177265139870563,3,7,0.05782127968222506,0.015782816840957954,0.07506900439341413,0.006820565431889886,0.007184745181281871,-0.07928412281597375,-0.07766675319880934,-0.06457608005797089
2019-07-12,1138,US.CMCSA,US.TXN,OBSERVATION_EVICT,55.53,80.86,25.33,45.0,False,KEEP,atr_breakout,10,2.0733775843320084,95.228529882,atr_breakout,3,2,False,0.02177265139870563,4,7,0.06422018347800629,0.015936055350524857,0.07605119107460512,0.010786240969091407,-0.004034075612695087,-0.08338831455441376,-0.06373584438666169,-0.09193121621738909
2019-07-15,1139,US.TSLA,US.TXN,OBSERVATION_EVICT,55.53,100.0,44.47,45.0,False,KEEP,atr_breakout,11,2.0733775843320084,95.228529882,atr_breakout,3,2,False,0.02177265139870563,0,7,0.11676451401894528,0.013291326337879085,0.1795086543830262,0.02129197621929489,0.022451407921498356,-0.15447020090032182,-0.10458185324757541,-0.10216308932645257
2019-07-18,1142,US.KLAC,US.TXN,OBSERVATION_EVICT,55.53,100.0,44.47,45.0,False,KEEP,atr_breakout,14,2.0733775843320084,95.228529882,atr_breakout,3,2,True,0.02177265139870563,3,7,0.06531895776449748,0.01146904075640377,0.1898544556385242,0.01890022417737218,-0.02659569677477891,-0.022013451408199547,-0.021599098534664463,0.10530667952783301
2019-07-22,1144,US.AMAT,US.TXN,OBSERVATION_EVICT,55.53,100.0,44.47,45.0,False,KEEP,atr_breakout,16,2.0733775843320084,95.228529882,atr_breakout,3,2,True,0.02177265139870563,0,7,0.05217236468109454,0.011659403873848211,0.18086592179572336,0.021873659244491552,-0.10094580539114195,-0.09920293367597788,-0.13216271501311871,-0.07327742350521449
2019-07-23,1145,US.KLAC,US.TXN,OBSERVATION_EVICT,55.53,94.32,38.79,45.0,False,KEEP,atr_breakout,17,2.0733775843320084,95.228529882,atr_breakout,3,2,True,0.02177265139870563,1,7,0.06511132794592411,0.012037830476982838,0.2398516384804834,0.020387746269991604,-0.07814264037235907,-0.02951231863749504,-0.034427469653584675,0.06118510976981972
2019-07-24,1146,US.ADI,US.TXN,OBSERVATION_EVICT,55.53,100.0,44.47,45.0,False,KEEP,atr_breakout,18,2.0733775843320084,95.228529882,atr_breakout,3,2,True,0.02177265139870563,2,7,0.15715823466496714,0.01952714296674627,0.13021400072572753,0.013988730643108621,-0.03245108843770694,-0.06029361208210393,-0.11164812525227008,-0.12779628260624043
2019-07-26,1148,US.GOOGL,US.TXN,OBSERVATION_EVICT,55.53,100.0,44.47,45.0,False,KEEP,atr_breakout,20,2.0733775843320084,95.228529882,atr_breakout,4,2,False,0.02177265139870563,4,7,0.10616261004477523,0.01942651188791367,0.15659047212144972,0.022461715114734073,0.004534317030060575,0.008073121927283822,-0.01777958411080327,-0.028457058967147564
2019-09-03,1174,US.AEP,US.PDD,OBSERVATION_EVICT,40.17,94.56,54.39,45.0,True,REPLACE,atr_breakout,14,0.9268661808544209,23.78,atr_breakout,4,1,False,0.03897671071717497,1,9,0.4997744700045106,0.043811190097127334,0.06516440698699943,0.010913361096717613,-0.06720603934637859,-0.0661285765912587,0.020006662020168986,-0.118711532276361
2019-09-04,1175,US.AMAT,US.VRSK,OBSERVATION_EVICT,49.83,100.0,50.17,45.0,True,REPLACE,atr_breakout,18,2.602764035834051,149.021448183,atr_breakout,3,1,False,0.017465700860978265,2,9,0.06892477353330406,0.010035815223289368,0.07346206428041357,0.020454301421796058,0.08887568571495907,0.07208602055493096,0.055870905409474036,0.26793725684225866
2019-09-04,1175,US.LRCX,US.TXN,OBSERVATION_EVICT,55.53,100.0,44.47,45.0,False,KEEP,atr_breakout,47,2.0733775843320084,95.228529882,atr_breakout,2,1,True,0.02177265139870563,2,9,0.04697478990875048,0.018899175196382522,0.14174101866910682,0.02426058844742047,0.024866940275118044,0.03564897074970008,0.016531263737969315,0.24802204702787578
2019-09-05,1176,US.ASML,US.TXN,OBSERVATION_EVICT,55.53,100.0,44.47,45.0,False,KEEP,atr_breakout,48,2.0733775843320084,95.228529882,atr_breakout,2,1,True,0.02177265139870563,3,9,0.050447316101619455,0.01902603015748149,0.10425267702289442,0.021717177594264257,0.016099324960820116,0.03924256234042933,0.0171396553179608,0.1972983481828493
2019-09-10,1179,US.ON,US.TXN,OBSERVATION_EVICT,55.53,81.29,25.76,45.0,False,KEEP,atr_breakout,51,2.0733775843320084,95.228529882,atr_breakout,2,2,True,0.02177265139870563,1,9,0.05796135909182376,0.01631677046219419,0.15686274509803932,0.02659225371525331,-0.010591279745748361,-0.02472992584210687,-0.1044831452909396,0.1446876434459401
2019-09-11,1180,US.AAPL,US.TXN,OBSERVATION_EVICT,55.53,100.0,44.47,45.0,False,KEEP,atr_breakout,52,2.0733775843320084,95.228529882,atr_breakout,2,2,False,0.02177265139870563,2,9,0.04248419004828774,0.015467657679066452,0.06996219554088978,0.018763561563921196,-0.0093448262731336,-0.004916630351520901,0.02425137905095054,0.2452602554755966
2019-09-16,1183,US.FANG,US.TXN,OBSERVATION_EVICT,55.53,96.29,40.76,45.0,False,KEEP,atr_breakout,55,2.0733775843320084,95.228529882,atr_breakout,2,2,False,0.02177265139870563,0,9,0.04510666015076681,0.013893825996614081,0.08030214684505155,0.028586160414694858,-0.059895589266838245,-0.15141342438130267,-0.21228293273282006,-0.1569087983218853
2019-10-11,1202,US.FAST,US.ALGN,OBSERVATION_EVICT,44.18,100.0,55.82,45.0,True,REPLACE,atr_breakout,2,6.469532055341338,189.21,atr_breakout,3,2,False,0.03419233684975074,4,10,0.12785259480475575,0.01965902936256386,0.08026159332851668,0.04261842834987602,-0.08257928603828124,-0.18680033924749484,-0.27247898629745726,-0.42685598744668174
2019-10-15,1204,US.NVDA,US.HON,OBSERVATION_EVICT,44.83,100.0,55.17,45.0,True,REPLACE,boll_mr,8,2.641799474283218,140.565023158,atr_breakout,2,2,False,0.01879414533524277,1,10,-0.017840713693326515,0.013347182093019903,0.08449770796223421,0.02375686417593712,-0.03800973720426715,-0.027966857111976884,-0.0509050275477827,0.1424997094331606
2019-10-21,1208,US.VRTX,US.ALGN,OBSERVATION_EVICT,55.47,82.66,27.19,45.0,False,KEEP,atr_breakout,3,6.263550511735906,211.56,atr_breakout,1,2,True,0.029606497030326646,0,10,0.14220457882429716,0.01836602913327426,0.04349556515806241,0.015161736078030539,-0.1350922273234365,-0.14542357721288512,-0.1341484456785471,-0.07385826870597967
2019-10-22,1209,US.PCAR,US.ALGN,OBSERVATION_EVICT,55.47,100.0,44.53,45.0,False,KEEP,atr_breakout,4,6.263550511735906,211.56,atr_breakout,1,2,False,0.029606497030326646,1,10,0.16689429117727395,0.01829330053095242,0.12416373908749345,0.017592308369594956,-0.18623636276095,-0.16288580413125286,-0.22590388801249817,-0.2496630095813379
2019-10-24,1211,US.LRCX,US.ALGN,OBSERVATION_EVICT,55.47,100.0,44.53,45.0,False,KEEP,atr_breakout,6,6.263550511735906,211.56,atr_breakout,1,2,False,0.029606497030326646,3,10,0.39376501480529624,0.03474083119252888,0.10070156166562305,0.037207825234660236,0.009447513733500612,-0.005498145507637275,-0.09735748696410307,0.05925348008723885
2019-10-25,1212,US.TSLA,US.ALGN,OBSERVATION_EVICT,55.47,100.0,44.53,45.0,False,KEEP,atr_breakout,7,6.263550511735906,211.56,atr_breakout,1,2,False,0.029606497030326646,4,10,0.38409918107370333,0.03513196225627365,0.3551811010614132,0.046168631187605426,-0.10129124842505888,-0.04050094019580919,-0.11249142712115301,0.6312398977156597
2019-10-28,1213,US.ON,US.ALGN,OBSERVATION_EVICT,55.47,100.0,44.53,45.0,False,KEEP,atr_breakout,8,6.263550511735906,211.56,atr_breakout,1,2,False,0.029606497030326646,0,10,0.38414768958655765,0.03513260913573981,0.10411244143675158,0.03617896364100352,-0.009770196160031608,-0.01899232674302853,-0.08636924196487117,0.1001090445279651
2019-10-29,1214,US.AMGN,US.ALGN,OBSERVATION_EVICT,55.47,88.79,33.32,45.0,False,KEEP,atr_breakout,9,6.263550511735906,211.56,atr_breakout,1,2,True,0.029606497030326646,1,10,0.40493691716950075,0.03508456154922115,0.08178477147028929,0.009895570163003742,0.02215123879944625,0.047822592567008826,0.044731780196543225,0.05518380175787918
2019-11-01,1217,US.FTNT,US.KDP,OBSERVATION_EVICT,49.07,100.0,50.93,45.0,True,REPLACE,atr_breakout,1,0.3404406291240683,23.814226219,atr_breakout,2,2,False,0.014295683008690425,4,11,0.021731256783075636,0.00863487769163509,0.16311782172945666,0.027848081345023767,0.03258607941141012,0.062433273644914467,0.07111536435892152,0.29163818739143577
2019-11-01,1217,US.PANW,US.ALGN,OBSERVATION_EVICT,55.47,96.46,40.99,45.0,False,KEEP,atr_breakout,12,6.263550511735906,211.56,atr_breakout,1,2,False,0.029606497030326646,4,11,0.41549644804229313,0.03433254363860676,0.10922733532925788,0.012703145357364212,0.00318092730176045,0.03073256057406959,-0.10523765337283486,-0.0037926267710153283
2019-11-04,1218,US.AVGO,US.ALGN,OBSERVATION_EVICT,55.47,100.0,44.53,45.0,False,KEEP,atr_breakout,13,6.263550511735906,211.56,atr_breakout,1,2,False,0.029606497030326646,0,11,0.40247141076364423,0.03442426598724951,0.10600007332803862,0.015542649130713501,0.02634046686536462,-0.017523612690974133,-0.06293813969399986,0.01775435309939899
2019-11-05,1219,US.AVGO,US.ALGN,OBSERVATION_EVICT,55.47,100.0,44.53,45.0,False,KEEP,atr_breakout,14,6.263550511735906,211.56,atr_breakout,1,2,False,0.029606497030326646,1,11,0.39940314704286495,0.03449020784641797,0.16365882884500138,0.015193300193746056,0.000684273192940843,-0.04130409129593793,-0.09067102776630043,0.0010702088934647636
2019-11-07,1221,US.QCOM,US.ALGN,OBSERVATION_EVICT,55.47,100.0,44.53,45.0,False,KEEP,atr_breakout,16,6.263550511735906,211.56,atr_breakout,1,2,False,0.029606497030326646,3,11,0.3335736725549776,0.034758154024530724,0.2002134186908877,0.021243403870674523,-0.00023605735958320828,-0.10510019879145371,-0.1260392651999137,-0.01488820262013979
2019-11-12,1224,US.MRVL,US.ALGN,OBSERVATION_EVICT,55.47,86.9,31.43,45.0,False,KEEP,atr_breakout,19,6.263550511735906,211.56,atr_breakout,1,2,False,0.029606497030326646,1,11,0.23761051373954611,0.03480134081621347,0.15040983604319735,0.024360106122552107,-0.10968925855002154,-0.12790032707191634,-0.17999417794852446,-0.1379301786598961
2019-11-13,1225,US.ADP,US.ALGN,OBSERVATION_EVICT,55.47,90.2,34.73,45.0,False,KEEP,atr_breakout,20,6.263550511735906,211.56,atr_breakout,1,2,False,0.029606497030326646,2,11,0.22721686519190776,0.03485578512778715,0.029361598444846093,0.012297268853438445,-0.0257353679154968,-0.062199533780049165,-0.03909870350726041,0.04036028423795268
2019-11-15,1227,US.AMAT,US.ALGN,OBSERVATION_EVICT,55.47,100.0,44.53,45.0,False,KEEP,atr_breakout,22,6.263550511735906,211.56,atr_breakout,1,2,False,0.029606497030326646,4,11,0.23396296988965792,0.03481265947701244,0.20085139319900325,0.030695489829836612,-0.13520631865372734,-0.12269041715467399,-0.053572476096885646,0.05502546290805865
2019-11-18,1228,US.OKTA,US.ALGN,OBSERVATION_EVICT,55.47,84.24,28.77,45.0,False,KEEP,atr_breakout,23,6.263550511735906,211.56,atr_breakout,1,2,False,0.029606497030326646,0,11,0.2783755475147591,0.03415094109087992,0.19760775009885334,0.026903618493198996,0.026055212165550623,0.0008099880398042547,-0.05737298722826112,0.10709296789901823
2019-11-19,1229,US.INTU,US.ALGN,OBSERVATION_EVICT,55.47,81.77,26.3,45.0,False,KEEP,atr_breakout,24,6.263550511735906,211.56,atr_breakout,1,2,False,0.029606497030326646,1,11,0.2715355805243447,0.03413838759715865,0.07472466742705453,0.00888023384984714,-0.04589298196451164,-0.08864632178511056,-0.036995718592763294,0.12331893429873897
2019-11-22,1232,US.REGN,US.ALGN,OBSERVATION_EVICT,55.47,86.9,31.43,45.0,False,KEEP,atr_breakout,27,6.263550511735906,211.56,atr_breakout,1,2,True,0.029606497030326646,4,11,0.12745500862848225,0.011187172821607663,0.1778191437272918,0.022503799301123412,0.015246663105398905,0.01720594766403094,0.02391254598109427,0.16934240174006976
2019-11-25,1233,US.ZS,US.ALGN,OBSERVATION_EVICT,55.47,100.0,44.53,45.0,False,KEEP,atr_breakout,28,6.263550511735906,211.56,atr_breakout,1,2,False,0.029606497030326646,0,11,0.11041450363389504,0.00999193375686765,0.18816316906390007,0.029069700785273274,0.05397648048533543,-0.06864530528172896,-0.05194248054301476,0.1656848438189601
2019-11-27,1235,US.CDNS,US.ALGN,OBSERVATION_EVICT,55.47,94.53,39.06,45.0,False,KEEP,atr_breakout,30,6.263550511735906,211.56,atr_breakout,1,2,False,0.029606497030326646,2,11,0.10648569506549,0.008244117479826655,0.0591574544368092,0.011553924469531804,-0.053587979414738585,-0.016537928918038958,-0.001522628584491259,0.1577619394606562
2019-12-12,1245,US.MU,US.AEP,OBSERVATION_EVICT,51.39,100.0,48.61,45.0,True,REPLACE,atr_breakout,5,0.9389051012289289,72.402080963,atr_breakout,2,2,False,0.012967929771365856,3,12,0.014942797101520577,0.006893324300265302,0.10086393087845025,0.02355707589414927,0.03729382214575616,0.02495364938855693,0.08699098090514013,-0.1420104899483935
2019-12-12,1245,US.ON,US.ALGN,OBSERVATION_EVICT,55.47,100.0,44.53,45.0,False,KEEP,atr_breakout,40,6.263550511735906,211.56,atr_breakout,1,2,False,0.029606497030326646,3,12,0.03374032276701455,0.01090031066801947,0.07520891364902504,0.021034123740264723,0.011117145087179647,0.022961826167305466,-0.017321093521202036,-0.10261590880849614
2019-12-16,1247,US.TSLA,US.ALGN,OBSERVATION_EVICT,55.47,100.0,44.53,45.0,False,KEEP,atr_breakout,42,6.263550511735906,211.56,atr_breakout,1,2,False,0.029606497030326646,0,12,0.023075174295240863,0.011227623476607034,0.08328364142317635,0.024631528330563417,0.06876287432294026,0.06309676798048769,0.343961194000727,0.7073632115853388
2019-12-19,1250,US.CSCO,US.ALGN,OBSERVATION_EVICT,55.47,100.0,44.53,45.0,False,KEEP,atr_breakout,45,6.263550511735906,211.56,atr_breakout,1,2,False,0.029606497030326646,3,12,0.01852885366670387,0.010708891268984692,0.0621118012484132,0.01179856266953638,-0.016507455869194887,-0.038642230513905806,0.028826078414054046,0.24851422100407294
2019-12-20,1251,US.MSFT,US.ALGN,OBSERVATION_EVICT,55.47,90.41,34.94,45.0,False,KEEP,atr_breakout,46,6.263550511735906,211.56,atr_breakout,1,2,False,0.029606497030326646,4,12,0.0027559344455059254,0.01038673394017693,0.05305057532505808,0.00661221940074693,-0.008897165153612496,-0.03618778135507217,0.029139052089364847,0.38789057449028663
2019-12-23,1252,US.AMD,US.ALGN,OBSERVATION_EVICT,55.47,96.68,41.21,45.0,False,KEEP,atr_breakout,47,6.263550511735906,211.56,atr_breakout,1,2,False,0.029606497030326646,0,12,0.013629737609329506,0.011099655485134793,0.16117496807151976,0.02417678548280279,0.005563163584531461,0.023874593882414974,0.16394499619131064,0.35064239979417033
2019-12-24,1253,US.AMD,US.ALGN,OBSERVATION_EVICT,55.47,81.95,26.48,45.0,False,KEEP,atr_breakout,48,6.263550511735906,211.56,atr_breakout,1,2,False,0.029606497030326646,1,12,-0.0006473190203906132,0.010695763100635866,0.16964061321940194,0.02437112133990461,0.034170863643198324,-0.014899736415384002,0.11032956265385141,0.3991224434026548
2019-12-26,1254,US.AMZN,US.ALGN,OBSERVATION_EVICT,55.47,100.0,44.53,45.0,False,KEEP,atr_breakout,49,6.263550511735906,211.56,atr_breakout,1,2,False,0.029606497030326646,3,12,0.002016564638098739,0.010694608112342751,0.039973510523445555,0.012209764087077852,-0.004516709237042615,-0.04645772970625672,0.040717206280891816,0.44419263498496064
2020-01-02,1258,US.AMD,US.ALGN,OBSERVATION_EVICT,55.47,100.0,44.53,45.0,False,KEEP,atr_breakout,53,6.263550511735906,211.56,atr_breakout,1,2,False,0.029606497030326646,3,1,0.02648719062092919,0.011092152976508255,0.26221079691516724,0.027483786815734126,-0.04798042715868156,0.008886737932531918,0.0509272660856499,0.34050965891403406
2020-01-06,1260,US.GOOGL,US.ALGN,OBSERVATION_EVICT,55.47,100.0,44.53,45.0,False,KEEP,atr_breakout,55,6.263550511735906,211.56,atr_breakout,1,2,False,0.029606497030326646,0,1,0.041343386879393984,0.011785611449363551,0.05339271719019978,0.00944175207050193,-0.012435877481709934,0.10486799596659757,0.13675370278520493,0.23856657411922777
2020-01-07,1261,US.TSLA,US.ALGN,OBSERVATION_EVICT,55.47,100.0,44.53,45.0,False,KEEP,atr_breakout,56,6.263550511735906,211.56,atr_breakout,1,2,False,0.029606497030326646,1,1,0.026621209923110234,0.012067790623433298,0.39646908213998633,0.021092004660435773,0.13072991626082553,0.2275063784548823,0.6212948152318323,0.43165931557036574
2020-01-08,1262,US.WDAY,US.ALGN,OBSERVATION_EVICT,55.47,100.0,44.53,45.0,False,KEEP,atr_breakout,57,6.263550511735906,211.56,atr_breakout,1,2,False,0.029606497030326646,2,1,0.04585679806918752,0.01200657892841928,0.09215913952209265,0.015152080280145563,0.04423835076008986,0.08494416277024985,0.11645855906725455,0.11038311473094087
2020-01-09,1263,US.ZS,US.ALGN,OBSERVATION_EVICT,55.47,100.0,44.53,45.0,False,KEEP,atr_breakout,58,6.263550511735906,211.56,atr_breakout,1,2,False,0.029606497030326646,3,1,0.08364699433583067,0.0142608161218802,0.1706048124864512,0.02273494107119007,0.18362914003232345,0.15993670206255362,0.21974324867796224,0.5764001233985047
2020-01-10,1264,US.MELI,US.ALGN,OBSERVATION_EVICT,55.47,100.0,44.53,45.0,False,KEEP,atr_breakout,59,6.263550511735906,211.56,atr_breakout,1,2,False,0.029606497030326646,4,1,0.06576317988591351,0.01463756582375371,0.15365925108993483,0.021517608088219894,0.048330056468626315,0.08719244232966905,0.10012906021368062,0.19012791163620668
2020-01-13,1265,US.ZS,US.ALGN,OBSERVATION_EVICT,55.47,100.0,44.53,45.0,False,KEEP,atr_breakout,60,6.263550511735906,211.56,atr_breakout,1,2,False,0.029606497030326646,0,1,0.11058534222586536,0.013298984346602654,0.3193184332816994,0.027198172173818445,0.09846530064650405,0.04915479566199943,0.13456351144729417,0.470383896661275
2020-01-15,1267,US.AEP,US.ALGN,OBSERVATION_EVICT,55.47,88.68,33.21,45.0,False,KEEP,atr_breakout,62,6.263550511735906,211.56,atr_breakout,1,2,False,0.029606497030326646,2,1,0.01514758712640285,0.01927078541244289,0.04018912529995289,0.006632434569993918,0.05940674005050406,0.12206631384303046,0.08691479080933917,0.1958136901507298
2020-01-16,1268,US.MSFT,US.ALGN,OBSERVATION_EVICT,55.47,100.0,44.53,45.0,False,KEEP,atr_breakout,63,6.263550511735906,211.56,atr_breakout,1,2,False,0.029606497030326646,3,1,0.06239516940623924,0.021041909828358716,0.07421294201322648,0.009380181903002775,0.04600119470631703,0.1224224950734969,0.1507886618699028,0.3815736744939626
2020-01-17,1269,US.QCOM,US.ALGN,OBSERVATION_EVICT,55.47,100.0,44.53,45.0,False,KEEP,atr_breakout,64,6.263550511735906,211.56,atr_breakout,1,2,False,0.029606497030326646,4,1,0.02967609405377636,0.021198227452659132,0.09013412139122523,0.014394176303807531,-0.021875955656534107,0.00028927339069240166,-0.043791993867306145,0.14370947869201212
2020-01-21,1270,US.COST,US.ALGN,OBSERVATION_EVICT,55.47,100.0,44.53,45.0,False,KEEP,atr_breakout,65,6.263550511735906,211.56,atr_breakout,1,2,False,0.029606497030326646,1,1,-0.0021187214611871896,0.02211932008122855,0.06656225528458615,0.008599194807025626,0.011891583969716568,0.0342639591398185,0.01876056969686779,0.3684847774613983
2020-01-22,1271,US.INTU,US.ALGN,OBSERVATION_EVICT,55.47,100.0,44.53,45.0,False,KEEP,atr_breakout,66,6.263550511735906,211.56,atr_breakout,1,2,False,0.029606497030326646,2,1,0.0235259628421709,0.022655352768659705,0.08979917352995037,0.011064337400156691,0.047572573572239873,0.039838874541311964,0.06131666697835836,0.2243808594351131
2020-01-24,1273,US.AEP,US.ALGN,OBSERVATION_EVICT,55.47,100.0,44.53,45.0,False,KEEP,atr_breakout,68,6.263550511735906,211.56,atr_breakout,1,2,False,0.029606497030326646,4,1,-0.028464500341861765,0.023321692966352288,0.09281570728738053,0.00653049052977514,0.0687362289920308,0.04781277599209677,0.10328788628225449,0.11968420539339719
2020-04-14,1328,US.CDNS,US.SPY,OBSERVATION_EVICT,44.87,94.95,50.08,45.0,True,REPLACE,atr_breakout,2,11.657391502790016,255.073422063,atr_breakout,5,2,False,0.04570210180467483,1,4,0.19015313463102235,0.03960044660892123,0.3978937728937728,0.05580819792274615,0.015148383353044803,0.02126746401677071,0.051757972522815665,0.2175658086374599
2020-04-14,1328,US.SNPS,US.LIN,OBSERVATION_EVICT,47.24,92.09,44.85,45.0,False,KEEP,atr_breakout,2,8.86900943070828,170.961236433,atr_breakout,4,2,False,0.051877312165931014,1,4,0.19886327754986644,0.042983724837150614,0.30758314855875835,0.043651809296552734,0.040165168413911045,0.04543674958423205,0.11108362682093265,0.21278357346285293
2020-04-17,1331,US.REGN,US.AMD,OBSERVATION_EVICT,47.61,100.0,52.39,45.0,True,REPLACE,atr_breakout,4,3.2224632054228435,50.94,atr_breakout,3,2,False,0.06325997654932948,4,4,0.42139628327473644,0.048536323868505295,0.16119878325209425,0.038453134766625985,0.0028845499740979275,0.04261898219668614,0.056344703470826984,0.1605736236186418
2020-04-20,1332,US.CRWD,US.SBUX,OBSERVATION_EVICT,52.15,81.48,29.33,45.0,False,KEEP,atr_breakout,6,4.310107062634498,64.18732426,atr_breakout,2,2,False,0.06714888200006264,0,4,0.29794933655982225,0.04841935415914924,0.3962456641501737,0.03604642968395833,0.04342207818382682,0.11860640158275015,0.09428400560201955,0.4978565312230465
2020-04-29,1339,US.ALGN,US.META,OBSERVATION_EVICT,41.8,94.18,52.38,45.0,True,REPLACE,atr_breakout,5,8.232014501108189,180.693236923,atr_breakout,3,2,False,0.04555795580006213,2,4,0.16420863309094202,0.03302349692073993,0.2680655360735844,0.053547691370213875,-0.09461701442286496,-0.14503874035579234,-0.03136968540957974,0.16355522338743955
2020-04-29,1339,US.GOOGL,US.SBUX,OBSERVATION_EVICT,52.15,92.36,40.21,45.0,False,KEEP,atr_breakout,13,4.310107062634498,64.18732426,atr_breakout,2,2,False,0.06714888200006264,2,4,0.16915120171229425,0.03589409402285233,0.15510994449379978,0.035453090359578276,0.05316304189379617,0.04132361636211157,0.029036277311875747,0.13218139500321224
2020-05-06,1344,US.MELI,US.SBUX,OBSERVATION_EVICT,52.15,100.0,47.85,45.0,True,REPLACE,atr_breakout,18,4.310107062634498,64.18732426,atr_breakout,2,2,False,0.06714888200006264,2,5,0.06185416970330504,0.03040914713883174,0.41320600376662164,0.05099251312642538,0.019792795303736677,0.04318584133496306,0.04540050892864422,0.4590062396248067
2020-05-07,1345,US.PANW,US.DXCM,OBSERVATION_EVICT,53.14,100.0,46.86,45.0,True,REPLACE,atr_breakout,16,4.964758713309828,72.9225,atr_breakout,1,2,False,0.06808267288298986,3,5,0.5672260765086625,0.0427524348842625,0.20986603088599987,0.022056486903920404,0.03345598733124033,0.08914807091256671,0.1842756665805355,0.09656309243760974
2020-07-01,1383,US.AMGN,US.CDNS,OBSERVATION_EVICT,50.06,100.0,49.94,45.0,True,REPLACE,atr_breakout,1,2.6899957296378108,95.96,atr_breakout,1,2,False,0.028032469045829626,2,7,0.044212564543889776,0.018322522284992634,0.15438914026648276,0.024569762442049035,-0.0595084695881013,-0.016272390960918814,-0.14419263181937736,-0.10639835444747026
2020-11-04,1471,US.GOOGL,US.PDD,OBSERVATION_EVICT,40.18,100.0,59.82,45.0,True,REPLACE,atr_breakout,1,4.576049158697594,97.72,atr_breakout,5,2,True,0.046828173953106775,2,11,0.4740641711229947,0.0430544094196018,0.19649245445960517,0.025401774673380527,-0.0100929206725342,-0.20360094382612282,-0.2729985021417842,-0.5513971472790637
2020-11-04,1471,US.GOOG,US.AEP,OBSERVATION_EVICT,40.66,100.0,59.34,45.0,True,REPLACE,atr_breakout,25,1.306940901562198,67.04534418,atr_breakout,4,2,False,0.01949338790853826,2,11,0.017379528269602318,0.011868968895986211,0.1977963281192714,0.025402069063304458,-0.01734272759147837,0.057776220193037964,0.0966855017226792,0.1836928412493013
2020-11-04,1471,US.IDXX,US.HON,OBSERVATION_EVICT,40.93,100.0,59.07,45.0,True,ROLLED_BACK,atr_breakout,1,4.643990643794761,161.855699579,atr_breakout,3,2,False,0.028692166268312842,2,11,0.04411361458876262,0.021952613274292633,0.21523444579654605,0.02547812694292004,-0.147457695109245,-0.19201877462561157,-0.19872320277033317,-0.052983916104748285
2020-11-05,1472,US.AMAT,US.HON,OBSERVATION_EVICT,40.93,100.0,59.07,45.0,True,ROLLED_BACK,atr_breakout,2,4.643990643794761,161.855699579,atr_breakout,3,2,False,0.028692166268312842,3,11,0.056189106969279035,0.02241267287938071,0.11741214058297023,0.026081699756042406,-0.0907361468224761,-0.011642824137368946,0.09876270160243039,0.33273839676190353
2020-11-06,1473,US.ADI,US.HON,OBSERVATION_EVICT,40.93,84.3,43.37,45.0,False,KEEP,atr_breakout,3,4.643990643794761,161.855699579,atr_breakout,3,2,False,0.028692166268312842,4,11,0.05828896264445027,0.022419804062221913,0.08246168816224952,0.019816958897920213,-0.08578800376751294,-0.0987617792208424,-0.07853245048866908,0.031235970160556015
2020-11-09,1474,US.BKNG,US.HON,OBSERVATION_EVICT,40.93,100.0,59.07,45.0,True,ROLLED_BACK,atr_breakout,4,4.643990643794761,161.855699579,atr_breakout,3,2,False,0.028692166268312842,0,11,0.12674923580145303,0.027070521412895916,0.14809756097450255,0.051050664700560126,-0.07407551962546999,-0.09560024698639336,-0.10301313269125878,-0.050814434814747234
2020-11-12,1477,US.PDD,US.HON,OBSERVATION_EVICT,40.93,100.0,59.07,45.0,True,ROLLED_BACK,atr_breakout,7,4.643990643794761,161.855699579,atr_breakout,3,2,False,0.028692166268312842,3,11,0.1577706827929053,0.026896446569782816,0.6210895035632322,0.0619992675799655,-0.002484489468264739,0.010712450664683404,0.010683116813166249,0.461986334208482
2020-11-13,1478,US.PDD,US.HON,OBSERVATION_EVICT,40.93,100.0,59.07,45.0,True,ROLLED_BACK,atr_breakout,8,4.643990643794761,161.855699579,atr_breakout,3,2,False,0.028692166268312842,4,11,0.1677324628245105,0.02706403724525201,0.800642704118067,0.06589352260222325,-0.053475165791351253,-0.09446892436780208,-0.11250144774205117,0.31742140759280835
2020-11-16,1479,US.MU,US.HON,OBSERVATION_EVICT,40.93,100.0,59.07,45.0,True,ROLLED_BACK,atr_breakout,9,4.643990643794761,161.855699579,atr_breakout,3,2,False,0.028692166268312842,0,11,0.2328592625602499,0.026918835544544047,0.17537526124160951,0.024893936257479175,0.05699447907012656,0.0960005883956524,0.15538753389731452,0.44712824287314834
2020-11-17,1480,US.PANW,US.HON,OBSERVATION_EVICT,40.93,100.0,59.07,45.0,True,ROLLED_BACK,atr_breakout,10,4.643990643794761,161.855699579,atr_breakout,3,2,False,0.028692166268312842,1,11,0.2013029618017892,0.027574692733204516,0.2274740889483564,0.029763000153019997,-0.0008627768337627906,-0.014820627852068835,0.07625298606249498,0.34820584301952273
2020-11-18,1481,US.TSLA,US.HON,OBSERVATION_EVICT,40.93,100.0,59.07,45.0,True,ROLLED_BACK,atr_breakout,11,4.643990643794761,161.855699579,atr_breakout,3,2,False,0.028692166268312842,2,11,0.17899415418209363,0.028296648045396243,0.15142911224682942,0.03937562466111052,0.14637870293405264,0.18347913305659547,0.29318886726846727,0.6361394883065212
2020-11-23,1484,US.FANG,US.HON,OBSERVATION_EVICT,40.93,100.0,59.07,45.0,True,ROLLED_BACK,atr_breakout,14,4.643990643794761,161.855699579,atr_breakout,3,2,True,0.028692166268312842,0,11,0.2192045201558248,0.026389931527591014,0.6352755753592405,0.08267365632040045,-0.11232355913847847,-4.14970189794861e-05,-0.026545630904330708,0.5421829311230688
2020-11-24,1485,US.TSLA,US.HON,OBSERVATION_EVICT,40.93,100.0,59.07,45.0,True,ROLLED_BACK,atr_breakout,15,4.643990643794761,161.855699579,atr_breakout,3,2,False,0.028692166268312842,1,11,0.2653634376861749,0.025384174667842065,0.3077611377978713,0.043369460043293145,0.023663171412364514,0.06719276258928741,0.15288974127820398,0.27220922280724535
2020-11-25,1486,US.SNOW,US.HON,OBSERVATION_EVICT,40.93,100.0,59.07,45.0,True,ROLLED_BACK,atr_breakout,16,4.643990643794761,161.855699579,atr_breakout,3,2,False,0.028692166268312842,2,11,0.30923238970768496,0.023152960861087687,0.11224489795918369,0.03771598774982195,0.11903882905272178,0.21092188177378812,0.057036450730120425,-0.11370818311167852
2020-11-27,1487,US.SNOW,US.HON,OBSERVATION_EVICT,40.93,100.0,59.07,45.0,True,ROLLED_BACK,atr_breakout,17,4.643990643794761,161.855699579,atr_breakout,3,2,False,0.028692166268312842,4,11,0.2918846745617958,0.023099229193349235,0.23661050097788494,0.04089178975907368,0.16334151145839892,0.0512825499497771,-0.08158281836351378,-0.19482598583470012
2020-11-30,1488,US.AMD,US.HON,OBSERVATION_EVICT,40.93,100.0,59.07,45.0,True,ROLLED_BACK,atr_breakout,18,4.643990643794761,161.855699579,atr_breakout,3,2,False,0.028692166268312842,0,11,0.2548022446475149,0.024659607221494698,0.2307079293398857,0.030155875912632864,-0.020491694648828274,-0.016559281607204213,-0.047927099557728225,-0.08939823809935943
2020-12-01,1489,US.MU,US.HON,OBSERVATION_EVICT,40.93,94.88,53.95,45.0,True,ROLLED_BACK,atr_breakout,19,4.643990643794761,161.855699579,atr_breakout,3,2,False,0.028692166268312842,1,12,0.20396452996934022,0.02255929694970938,0.3494266747190635,0.02333900074906559,0.062219057014666124,0.051295829047463215,0.04879413260332055,0.40339656523650014
2020-12-02,1490,US.LRCX,US.HON,OBSERVATION_EVICT,40.93,81.75,40.82,45.0,False,KEEP,atr_breakout,20,4.643990643794761,161.855699579,atr_breakout,3,2,False,0.028692166268312842,2,12,0.1756427701399803,0.02186538064023453,0.2933365719588299,0.020898348371193465,0.012459723831523606,0.020779509537156127,-0.0348875639377465,0.19736497532228947
2020-12-03,1491,US.ZS,US.HON,OBSERVATION_EVICT,40.93,100.0,59.07,45.0,True,ROLLED_BACK,atr_breakout,21,4.643990643794761,161.855699579,atr_breakout,3,2,False,0.028692166268312842,3,12,0.1789302932765544,0.021806578651413933,0.27698658410732735,0.07360107787232086,-0.04983113076006207,-0.006530051888884447,0.0577771631080658,0.00879557276234233
2020-12-04,1492,US.MU,US.HON,OBSERVATION_EVICT,40.93,100.0,59.07,45.0,True,ROLLED_BACK,atr_breakout,22,4.643990643794761,161.855699579,atr_breakout,3,2,False,0.028692166268312842,4,12,0.1750555217294556,0.02168426214322149,0.3437156467596836,0.02333986770185931,-0.047607851161742265,-0.013052534493783186,0.07356102156751776,0.18740388118788265
2020-12-07,1493,US.TSLA,US.HON,OBSERVATION_EVICT,40.93,100.0,59.07,45.0,True,ROLLED_BACK,atr_breakout,23,4.643990643794761,161.855699579,atr_breakout,3,2,False,0.028692166268312842,0,12,0.15977775558892837,0.021967472720715808,0.492638678916153,0.040159138301658535,-0.006608762211836039,0.014734366456442216,0.17240913007146608,-0.05549240347453532
2020-12-14,1498,US.TTWO,US.HON,OBSERVATION_EVICT,40.93,82.44,41.51,45.0,False,KEEP,atr_breakout,28,4.643990643794761,161.855699579,atr_breakout,3,2,False,0.028692166268312842,0,12,0.05188937820672179,0.014858217616142253,0.20620404127788405,0.011826113047001329,0.03935151458297437,0.0501556281729183,0.045138524465090035,-0.148822215038648
2020-12-16,1500,US.SNPS,US.HON,OBSERVATION_EVICT,40.93,84.3,43.37,45.0,False,KEEP,atr_breakout,30,4.643990643794761,161.855699579,atr_breakout,3,2,False,0.028692166268312842,2,12,0.024594788946512125,0.013072341801075343,0.12160940325497283,0.017727450305710567,0.028144628313194975,0.0333810628492186,0.06453094911504487,-0.07282613454851627
2020-12-17,1501,US.WDAY,US.HON,OBSERVATION_EVICT,40.93,100.0,59.07,45.0,True,ROLLED_BACK,atr_breakout,31,4.643990643794761,161.855699579,atr_breakout,3,2,False,0.028692166268312842,3,12,0.05462471155776982,0.012049405640303417,0.07244756495684435,0.030878614915273973,0.04884724405245866,-0.029831206608670224,-0.053496503631943915,0.07308540091710913
2020-12-18,1502,US.CDNS,US.HON,OBSERVATION_EVICT,40.93,100.0,59.07,45.0,True,ROLLED_BACK,atr_breakout,32,4.643990643794761,161.855699579,atr_breakout,3,2,False,0.028692166268312842,4,12,0.03662345430546554,0.012256944402497139,0.17246891651865015,0.015207227687102831,0.021237075459449417,0.03883317295295241,0.0706626765688474,-0.09353400411800927
2020-12-22,1504,US.PANW,US.HON,OBSERVATION_EVICT,40.93,100.0,59.07,45.0,True,ROLLED_BACK,atr_breakout,34,4.643990643794761,161.855699579,atr_breakout,3,2,False,0.028692166268312842,1,12,0.016655768005871208,0.012370963591123158,0.2567896230293174,0.0211120724974608,-0.058405852337857334,-0.04682553813054091,0.007746883349753153,-0.16017681624707902
2020-12-28,1507,US.ROST,US.HON,OBSERVATION_EVICT,40.93,100.0,59.07,45.0,True,ROLLED_BACK,atr_breakout,37,4.643990643794761,161.855699579,atr_breakout,3,2,False,0.028692166268312842,0,12,0.00256581662988431,0.01189947796312659,0.11940843527478551,0.01689069394873962,-0.03729967165275949,-0.0067882035154368525,-0.06913537202852749,-0.055349839727016015
2020-12-30,1509,US.PDD,US.HON,OBSERVATION_EVICT,40.93,97.7,56.77,45.0,True,ROLLED_BACK,atr_breakout,39,4.643990643794761,161.855699579,atr_breakout,3,2,False,0.028692166268312842,2,12,0.023358520949667616,0.010053388840100735,0.3117767687124653,0.05605600364018093,-0.0023378679031600402,-0.05491596965766321,5.2802629153081426e-05,-0.31269106603627517
2021-01-12,1517,US.FANG,US.HON,OBSERVATION_EVICT,40.93,100.0,59.07,45.0,True,REPLACE,atr_breakout,47,4.643990643794761,161.855699579,atr_breakout,6,2,True,0.028692166268312842,1,1,-0.027150571190451278,0.010947641764187187,0.2546397924622861,0.04156509109913475,-0.031905240689274805,-0.05377929820923921,0.1282103888655396,0.09961832306647378
2021-01-12,1517,US.LRCX,US.BKR,OBSERVATION_EVICT,43.01,91.47,48.46,45.0,True,REPLACE,atr_breakout,49,0.5355075710699105,12.758323548,atr_breakout,5,2,False,0.04197319256367792,1,1,0.01632112927251006,0.018873911034225522,0.09099044131239653,0.02008851954785633,0.05602201166582188,0.0742566801346699,-0.014251109735561207,0.3570539226784818
2021-01-14,1519,US.ASML,US.KLAC,OBSERVATION_EVICT,48.47,100.0,51.53,45.0,True,ROLLED_BACK,atr_breakout,3,0.7365724158466893,27.323908104,atr_breakout,4,2,True,0.02695706679451396,3,1,0.16424658058657138,0.018779231370706164,0.1632903170074793,0.017821428834325078,0.042481295778513894,0.058811497973115356,0.0074556953494031575,0.021811255688948705
2021-03-22,1564,US.PEP,US.ORLY,OBSERVATION_EVICT,40.73,100.0,59.27,45.0,True,REPLACE,atr_breakout,11,0.7686067322752944,31.056666821,atr_breakout,4,1,True,0.02474852619262977,0,3,0.07482427137790726,0.012721040859990302,0.05235075122031718,0.012070846627300711,0.0158492316484804,-0.005116154657112348,-0.035153587014674414,-0.013620919602955528
2021-03-26,1568,US.ASML,US.AEP,OBSERVATION_EVICT,44.77,100.0,55.23,45.0,True,REPLACE,atr_breakout,3,1.4203135655282118,70.647830488,atr_breakout,3,1,False,0.020104135621963105,4,3,0.1354709418963862,0.011174599420161647,0.10474966600147706,0.040367244593990596,0.00869172735687318,-0.004179217434374438,0.04175520417309153,0.11242779965954619
2021-03-26,1568,US.CSCO,US.FTNT,OBSERVATION_EVICT,45.46,100.0,54.54,45.0,True,REPLACE,atr_breakout,13,1.077780056120895,35.154,atr_breakout,2,1,False,0.030658817093955022,4,3,0.08244003553449808,0.03163281385854565,0.17160686426616745,0.016419924664130288,-0.04240276453705327,-0.0903393136488031,-0.12625815378810645,-0.30313275680826
2021-03-26,1568,US.PAYX,US.ADP,OBSERVATION_EVICT,54.62,100.0,45.38,45.0,True,REPLACE,atr_breakout,14,3.9467587348938125,160.086432897,atr_breakout,1,1,True,0.02465392390517669,4,3,0.11297149428976261,0.01646832677551098,0.10706050291745783,0.013892198951683992,-0.006534666296053926,-0.03409000372394755,-0.03225449698512595,0.008577759176306987
2021-04-08,1576,US.AAPL,US.SBUX,OBSERVATION_EVICT,54.27,86.97,32.7,45.0,False,KEEP,atr_breakout,2,2.286071787799491,100.292521774,atr_breakout,1,2,False,0.022794040346806158,3,4,0.04880311746236399,0.014010337229192526,0.08651441906252333,0.01604991282756877,-0.00026585424108116484,-0.013357424710668697,-0.019794984422781714,0.054345574446730494
2021-04-09,1577,US.HON,US.SBUX,OBSERVATION_EVICT,54.27,100.0,45.73,45.0,True,REPLACE,atr_breakout,3,2.286071787799491,100.292521774,atr_breakout,1,2,False,0.022794040346806158,4,4,0.054603056285321916,0.013924627617275892,0.06845949978824994,0.012510511352774626,-0.022891166857599954,-0.04967326069312805,-0.002240024601146251,-0.059752013821309125
2021-04-28,1590,US.MDLZ,US.IDXX,OBSERVATION_EVICT,57.66,98.08,40.42,45.0,False,KEEP,atr_breakout,3,13.099596090175753,559.1,atr_breakout,1,2,False,0.02342979089639734,2,4,0.1719928563924782,0.012019848151314128,0.03572643755635152,0.009650892451451724,0.054269800092565657,0.09273850684071339,0.04603133592658781,-0.17247791410555524
2021-04-29,1591,US.CMCSA,US.IDXX,OBSERVATION_EVICT,57.66,91.77,34.11,45.0,False,KEEP,atr_breakout,4,13.099596090175753,559.1,atr_breakout,1,2,False,0.02342979089639734,3,4,0.1294067155790808,0.011639069855193635,0.04709810508085055,0.013270173829693794,0.045479026600236505,0.08009051302419712,0.014115230802811407,-0.19548658253577855
2021-05-28,1612,US.NVDA,US.ADI,OBSERVATION_EVICT,42.3,89.35,47.05,45.0,True,REPLACE,atr_breakout,4,4.014873156602284,148.683579483,atr_breakout,1,2,True,0.027002801321859025,4,5,0.07923714894595557,0.02102130525514227,0.08228122186649323,0.02576583243130307,0.08534229383560199,0.08614649133333185,0.194274735303696,0.33427505396649404
2021-06-08,1618,US.MRVL,US.DXCM,OBSERVATION_EVICT,54.07,95.13,41.06,45.0,False,KEEP,atr_breakout,2,3.2463001746487454,95.7275,atr_breakout,2,2,False,0.033911887123854116,1,6,0.13790889725407807,0.020873753301930566,0.14462996389943616,0.02691555288223338,0.01752576253494431,-0.024764748303883755,-0.030346711057551268,-0.19921664989281673
2021-06-10,1620,US.ADBE,US.DXCM,OBSERVATION_EVICT,54.07,100.0,45.93,45.0,True,REPLACE,atr_breakout,4,3.2463001746487454,95.7275,atr_breakout,2,2,False,0.033911887123854116,3,6,0.1964135780256686,0.017832115336908608,0.1343599737338219,0.015115881567897792,-0.004182363563087987,0.01459397629176995,0.02416754485216055,-0.11478906799177735
2021-06-10,1620,US.IDXX,US.INTU,OBSERVATION_EVICT,55.64,100.0,44.36,45.0,False,KEEP,atr_breakout,5,10.059925262216877,435.82185259,atr_breakout,1,2,False,0.02308265453517946,3,6,0.17864912851078718,0.014162691805777429,0.13316156233530485,0.0108261275722847,0.033559457146145055,0.035302703616687525,0.07858790751769296,-0.01072499570900698
2021-06-14,1622,US.AAPL,US.INTU,OBSERVATION_EVICT,55.64,92.66,37.02,45.0,False,KEEP,atr_breakout,7,10.059925262216877,435.82185259,atr_breakout,1,2,False,0.02308265453517946,0,6,0.14310022527874988,0.012871856912153163,0.023774029030888988,0.011651628033087584,0.011998689689368902,0.011947631638246081,0.05263650262249042,-0.0008342918275210387
2021-06-17,1625,US.AMD,US.INTU,OBSERVATION_EVICT,55.64,81.56,25.92,45.0,False,KEEP,atr_breakout,10,10.059925262216877,435.82185259,atr_breakout,2,2,False,0.02308265453517946,3,6,0.12708926875602433,0.01359214249613537,0.10927456382001832,0.01703575800136482,0.0015919470701353244,0.06909938559651252,-0.04191553824398553,0.06380298818441665
2021-06-22,1628,US.CTAS,US.INTU,OBSERVATION_EVICT,55.64,100.0,44.36,45.0,False,KEEP,atr_breakout,13,10.059925262216877,435.82185259,atr_breakout,2,2,False,0.02308265453517946,1,6,0.08435321632320747,0.01173604103149913,0.05629830202798902,0.011492869189867045,-0.0075654313528856765,-0.01939405484245338,-0.031347951083143144,-0.13150458862359415
2021-06-23,1629,US.TSLA,US.INTU,OBSERVATION_EVICT,55.64,94.71,39.07,45.0,False,KEEP,atr_breakout,14,10.059925262216877,435.82185259,atr_breakout,2,2,False,0.02308265453517946,2,6,0.09020706622072616,0.011619847526901983,0.08579602771668138,0.02453450655521011,0.011032460208225903,-0.06318718810921742,-0.10166717153368443,-0.018585540517789267
2021-06-24,1630,US.TTD,US.INTU,OBSERVATION_EVICT,55.64,100.0,44.36,45.0,False,KEEP,atr_breakout,15,10.059925262216877,435.82185259,atr_breakout,2,2,False,0.02308265453517946,3,6,0.08990311871891943,0.01161452652402717,0.30496844205204043,0.04162909009213863,-0.006924195853928561,-0.018093603473199105,-0.02674558033814134,-0.2313832019110834
2021-06-28,1632,US.MRVL,US.INTU,OBSERVATION_EVICT,55.64,100.0,44.36,45.0,False,KEEP,atr_breakout,17,10.059925262216877,435.82185259,atr_breakout,2,2,False,0.02308265453517946,0,6,0.10908925277233994,0.009203860106868288,0.213250517596683,0.019695960346871964,-0.04747828603024096,-0.07186901715070426,-0.0845441848308478,-0.08643217985365759
2021-06-30,1634,US.AMD,US.INTU,OBSERVATION_EVICT,55.64,100.0,44.36,45.0,False,KEEP,atr_breakout,19,10.059925262216877,435.82185259,atr_breakout,2,2,False,0.02308265453517946,2,6,0.10041756465622242,0.008996146357340517,0.14590703916066872,0.021257281925316993,-0.07708621443375763,-0.1022431088187381,0.02268021106914242,-0.05402492870015063
2022-03-17,1814,US.DXCM,US.VRSK,OBSERVATION_EVICT,45.15,82.44,37.29,45.0,False,KEEP,atr_breakout,1,4.666789722948249,189.755478494,atr_breakout,5,2,False,0.024593702168634945,3,3,0.044753318182604085,0.020370706023676594,0.09936416604211495,0.037501383769099124,0.0012368790825980636,0.06469071309103791,0.028400936094109763,-0.20004042550341028
2022-03-18,1815,US.PAYX,US.VRSK,OBSERVATION_EVICT,45.15,82.45,37.3,45.0,False,KEEP,atr_breakout,2,4.666789722948249,189.755478494,atr_breakout,5,2,True,0.024593702168634945,4,3,0.09613884094217706,0.020506510890898094,0.10124623980006908,0.017609551752730383,0.005679168938641066,0.055584469148174165,0.04520846036821746,0.16156804600858
2022-03-25,1820,US.EXC,US.NVDA,OBSERVATION_EVICT,41.0,93.08,52.08,45.0,True,REPLACE,atr_breakout,4,1.4301749678147935,26.654348987,atr_breakout,7,2,False,0.05365634585606747,4,3,0.14652973884062948,0.046340966500402044,0.06830985915167376,0.010232230592594866,0.08263164644235055,0.26665409629045933,0.35294128943792735,0.33169197688561713
2022-03-29,1822,US.TXN,US.AAPL,OBSERVATION_EVICT,44.3,99.76,55.46,45.0,True,REPLACE,atr_breakout,4,4.6998034844311976,166.615612282,atr_breakout,6,2,False,0.028207461594155374,1,3,0.09656862745121364,0.02043895259569877,0.1417897064950404,0.01797089333991177,-0.05061200679856748,-0.031145655461885524,0.011923965599982322,0.02926427795990838
2022-03-29,1822,US.DXCM,US.VRSK,OBSERVATION_EVICT,45.15,99.71,54.56,45.0,True,REPLACE,atr_breakout,9,4.666789722948249,189.755478494,atr_breakout,5,2,False,0.024593702168634945,1,3,0.19963432011776616,0.015902452356153104,0.26169780366788276,0.03051704024718666,-0.019268885055643503,-0.0474997987891399,-0.16876871561160733,-0.2039784140330585
2022-03-29,1822,US.ADP,US.BKR,OBSERVATION_EVICT,48.51,95.31,46.8,45.0,True,REPLACE,atr_breakout,19,1.1363727057252289,27.578941775,atr_breakout,4,2,False,0.04120436219040637,1,3,0.29393083980394974,0.038424902244249506,0.11744942118775992,0.012566734167108401,0.08937367711465694,0.03670617831104961,0.1605452061454835,0.19706685498661436
2022-03-29,1822,US.PLTR,US.REGN,OBSERVATION_EVICT,49.01,86.54,37.53,45.0,False,KEEP,atr_breakout,11,17.46326350941333,651.032841567,atr_breakout,3,2,False,0.026823936358387424,1,3,0.15056916462176062,0.013318173274941437,0.1658456486042692,0.044174921715819306,-0.011865778236438751,-0.14739095916002565,-0.2206580029702343,-0.15934695987154768
2022-03-30,1823,US.PAYX,US.REGN,OBSERVATION_EVICT,49.01,100.0,50.99,45.0,True,REPLACE,atr_breakout,12,17.46326350941333,651.032841567,atr_breakout,3,2,False,0.026823936358387424,2,3,0.1224082869985399,0.013583529768839165,0.13714902807986573,0.017626738196953224,0.008624476448965579,-0.04975890446728681,-0.008535926026935203,0.0319370654349973
2022-04-04,1826,US.INTU,US.VRTX,OBSERVATION_EVICT,43.75,87.59,43.84,45.0,False,KEEP,atr_breakout,2,5.568631748043707,260.97,atr_breakout,3,2,False,0.021338206491335044,0,4,0.14052814808525094,0.011472818160370908,0.15606209561395623,0.029306820948725814,-0.1089548018006401,-0.09104813568604397,-0.14852565662486572,-0.2856353048349397
2022-04-06,1828,US.XEL,US.VRTX,OBSERVATION_EVICT,43.75,80.87,37.12,45.0,False,KEEP,atr_breakout,4,5.568631748043707,260.97,atr_breakout,3,2,False,0.021338206491335044,2,4,0.13856378532018043,0.011340025560527767,0.08123038418416173,0.008860096978225745,-0.07633194171852442,-0.030081762162924797,-0.0072365804749366935,-0.12222324063372314
2022-04-07,1829,US.COST,US.VRTX,OBSERVATION_EVICT,43.75,100.0,56.25,45.0,True,REPLACE,atr_breakout,5,5.568631748043707,260.97,atr_breakout,3,2,False,0.021338206491335044,3,4,0.14012317612532543,0.011374243812928116,0.1414063673224637,0.013350643805585692,-0.07305628063878244,-0.04016773791400552,-0.0914297723298515,-0.24404655290798816
2022-04-07,1829,US.ORLY,US.TSLA,OBSERVATION_EVICT,51.31,100.0,48.69,45.0,True,REPLACE,atr_breakout,13,16.453773338921113,307.0502628,atr_breakout,2,2,False,0.0535865795680443,3,4,0.2611952761541214,0.039113576472089476,0.0758607418880497,0.017681138676513202,0.05052938436039778,0.023158902204507337,0.018292180170298322,0.24740838455624004
2022-04-08,1830,US.CEG,US.AEP,OBSERVATION_EVICT,52.48,100.0,47.52,45.0,True,REPLACE,atr_breakout,29,1.581422500360766,77.692971167,atr_breakout,1,1,True,0.02035476924883616,4,4,0.07797781033474926,0.010651860490609542,0.29805352797849527,0.02380613603434435,0.0018235908569891324,-0.0031581031659305703,-0.07556317811913249,0.0005807022901994641
2022-05-27,1864,US.KLAC,US.CEG,OBSERVATION_EVICT,40.92,99.69,58.77,45.0,True,REPLACE,atr_breakout,1,2.79567058666881,60.574811314,atr_breakout,7,2,False,0.04615236145230347,4,5,0.12758129051571365,0.034851946851696354,0.1667898782616819,0.03661027979368265,-0.020549273652195055,0.012389435783978442,0.01701134430829998,-0.22866410529135428
2022-05-27,1864,US.SNPS,US.AMGN,OBSERVATION_EVICT,41.33,90.47,49.14,45.0,True,REPLACE,atr_breakout,2,4.486913046443589,223.312215243,atr_breakout,6,2,False,0.020092555356011753,4,5,0.10343872300860157,0.007656123526924696,0.12612015760661088,0.039172441653278114,0.05652235013199958,-0.02884594483562486,-0.013697261683541018,0.14561416343752775
2022-05-27,1864,US.LIN,US.GILD,OBSERVATION_EVICT,42.92,83.79,40.87,45.0,False,KEEP,atr_breakout,2,1.0779158825763262,55.971806297,atr_breakout,5,2,False,0.01925819361370335,4,5,0.09201213348311166,0.012482830045161757,0.05664187716373914,0.018311388520945656,0.06809208175918091,0.008079735494042284,-0.07537347336512434,-0.0982297716536974
2022-07-19,1898,US.CPRT,US.ROST,OBSERVATION_EVICT,45.61,95.0,49.39,45.0,True,REPLACE,atr_breakout,1,2.602378043901193,75.802518338,atr_breakout,4,2,False,0.03433102357229489,1,7,0.0857410379843837,0.02362661777815396,0.15683658885183416,0.017809028949138408,0.025050295796428923,0.0715287418250109,-0.05713078506778313,-0.13302106437697658
2022-07-19,1898,US.NXPI,US.SNOW,OBSERVATION_EVICT,47.82,80.58,32.76,45.0,False,KEEP,atr_breakout,17,11.093985387217533,143.11,atr_breakout,3,2,False,0.07752068609613257,1,7,0.22683866644329043,0.042885695193909674,0.07983273142284864,0.024022430073370484,0.13521236966232608,0.01172969890337705,-0.05215577207775146,-0.25481868855085543
2022-07-20,1899,US.NFLX,US.SNOW,OBSERVATION_EVICT,47.82,100.0,52.18,45.0,True,REPLACE,atr_breakout,18,11.093985387217533,143.11,atr_breakout,3,2,False,0.07752068609613257,2,7,0.28039823731026603,0.04485515906378402,0.26639751916213195,0.037256488168750386,0.1470608345792317,0.012679073939861674,0.0861859837719332,0.07838967054694324
2022-07-20,1899,US.META,US.AAPL,OBSERVATION_EVICT,52.72,91.92,39.2,45.0,False,KEEP,atr_breakout,3,4.112345857094913,147.214785798,atr_breakout,2,2,True,0.027934326262157163,2,7,0.1263707956155682,0.0165021551541483,0.1658070678163701,0.03267508977035128,-0.0982922448172927,-0.1635822408478248,-0.18714097003964736,-0.22401149573364543
2022-07-21,1900,US.ASML,US.AAPL,OBSERVATION_EVICT,52.72,100.0,47.28,45.0,True,REPLACE,atr_breakout,4,4.112345857094913,147.214785798,atr_breakout,2,2,False,0.027934326262157163,3,7,0.1477650535651105,0.016445517336531778,0.11693099896906589,0.034886838749675075,0.021131045227885892,0.020447873039250997,-0.08500029684963639,-0.19117096825364022
2022-07-21,1900,US.TSLA,US.TXN,OBSERVATION_EVICT,58.0,100.0,42.0,45.0,False,KEEP,atr_breakout,4,3.726127789586234,142.810877638,atr_breakout,1,2,False,0.026091344379461773,3,7,0.09134993447004613,0.016116630811328577,0.15087679665659492,0.03505161182616736,-0.02146652065910848,0.018289540601608367,0.0360624650149437,-0.14212276089193265
2022-07-27,1904,US.SNPS,US.TXN,OBSERVATION_EVICT,58.0,100.0,42.0,45.0,False,KEEP,atr_breakout,8,3.726127789586234,142.810877638,atr_breakout,1,2,True,0.026091344379461773,2,7,0.11274001037618775,0.021063080142503805,0.16422432245529683,0.019478488791129678,-0.027657369230205786,-0.011828628299941357,0.004336018533829478,-0.08256512848380071
2022-07-28,1905,US.KDP,US.TXN,OBSERVATION_EVICT,58.0,100.0,42.0,45.0,False,KEEP,atr_breakout,9,3.726127789586234,142.810877638,atr_breakout,1,2,False,0.026091344379461773,3,7,0.15034690404611561,0.021179549581066784,0.08473621273793075,0.010488782389295953,-0.05437393112694333,-0.029219738240632065,0.015387899270669969,0.06773956981399365
2022-07-29,1906,US.AAPL,US.TXN,OBSERVATION_EVICT,58.0,100.0,42.0,45.0,False,KEEP,atr_breakout,10,3.726127789586234,142.810877638,atr_breakout,1,2,False,0.026091344379461773,4,7,0.17193788526605558,0.021524941348012493,0.18863370391855594,0.015551227885163412,-0.011352868162474161,0.024203503497021828,0.060775151558551066,0.017285213769179242
2022-08-02,1908,US.ISRG,US.TXN,OBSERVATION_EVICT,58.0,87.88,29.88,45.0,False,KEEP,atr_breakout,12,3.726127789586234,142.810877638,atr_breakout,1,2,False,0.026091344379461773,1,8,0.19642693925570254,0.01975009610455789,0.1534703748488513,0.025875163576799247,-0.02624697795193487,-0.054647879746407724,-0.07496375779032827,0.12252077361311109
2022-08-03,1909,US.VRSK,US.TXN,OBSERVATION_EVICT,58.0,100.0,42.0,45.0,False,KEEP,atr_breakout,13,3.726127789586234,142.810877638,atr_breakout,1,2,False,0.026091344379461773,2,8,0.2245767665770444,0.02059359953882874,0.10812935100231469,0.015119733087214371,0.026074251053588626,0.06815542394623997,0.047747512358028765,0.040830695191137134
2022-08-04,1910,US.MELI,US.TXN,OBSERVATION_EVICT,58.0,100.0,42.0,45.0,False,KEEP,atr_breakout,14,3.726127789586234,142.810877638,atr_breakout,1,2,False,0.026091344379461773,3,8,0.20323166787786406,0.020277860629515945,0.43403730495274506,0.0516806318296172,0.013132335755904445,-0.020499242678893803,-0.06871421668208977,-0.027526207971705796
2022-08-05,1911,US.CEG,US.TXN,OBSERVATION_EVICT,58.0,100.0,42.0,45.0,False,KEEP,atr_breakout,15,3.726127789586234,142.810877638,atr_breakout,1,2,False,0.026091344379461773,4,8,0.19278524367269423,0.020462811624268974,0.24559932941706109,0.045267764782893474,0.09300993511151856,0.13256471926385116,0.20864466347290156,0.3961718094370925
2022-08-10,1914,US.TTD,US.VRTX,OBSERVATION_EVICT,48.6,100.0,51.4,45.0,True,REPLACE,atr_breakout,1,8.207286516284874,298.83,atr_breakout,2,2,False,0.027464734184268227,2,8,0.02438264122190259,0.018071704758724615,0.681159420289855,0.09237950613642412,-0.06652047734405697,-0.12325205111905446,-0.10975458435929364,-0.3901955931726424
2022-08-12,1916,US.AEP,US.TXN,OBSERVATION_EVICT,58.0,81.15,23.15,45.0,False,KEEP,atr_breakout,20,3.726127789586234,142.810877638,atr_breakout,1,2,False,0.026091344379461773,4,8,0.1623333895038772,0.02235744364001488,0.0984582046260456,0.010308743456550947,0.059348814620371226,0.06682972172652324,0.0933260876751758,-0.05296453522751865
2022-08-15,1917,US.GILD,US.TXN,OBSERVATION_EVICT,58.0,100.0,42.0,45.0,False,KEEP,atr_breakout,21,3.726127789586234,142.810877638,atr_breakout,1,2,False,0.026091344379461773,0,8,0.16879272299463932,0.022219401854793052,0.08719211823813477,0.01781089107260463,0.04735525729132217,0.03738575258613963,0.10594281995980193,0.34207019476158185
2022-08-16,1918,US.ROST,US.TXN,OBSERVATION_EVICT,58.0,81.29,23.29,45.0,False,KEEP,atr_breakout,22,3.726127789586234,142.810877638,atr_breakout,1,2,False,0.026091344379461773,1,8,0.12103800809693399,0.021912323610377243,0.14130836516826917,0.024092141100151485,0.00860053892395718,0.022528235173769784,0.06778058132069709,0.0822269339060091
2022-08-18,1920,US.CSCO,US.AAPL,OBSERVATION_EVICT,49.2,100.0,50.8,45.0,True,REPLACE,atr_breakout,1,3.464434051458564,171.352697306,atr_breakout,2,2,False,0.020218147166203113,3,8,0.12257421533319546,0.015642160918427246,0.10744728578380602,0.01652794482995173,-0.018878186703825794,0.01032455391185838,0.011704874479736227,0.05462834803969008
2022-08-25,1925,US.PDD,US.TXN,OBSERVATION_EVICT,58.0,100.0,42.0,45.0,False,KEEP,atr_breakout,29,3.726127789586234,142.810877638,atr_breakout,1,1,False,0.026091344379461773,3,8,0.015521191620439412,0.019880333809535747,0.1752111569436261,0.044365786005795646,0.2565997414181145,0.20302399671090499,0.09402731912657791,0.17662410605184542
2022-10-24,1966,US.ORLY,US.FANG,OBSERVATION_EVICT,46.54,100.0,53.46,45.0,True,REPLACE,atr_breakout,12,5.209000590720014,122.437019537,atr_breakout,5,2,False,0.042544326956161116,0,10,0.37811347900702463,0.026070073734460308,0.10773799226155778,0.01597483210077746,0.06429188152387111,0.013593188304216852,0.10932346601749754,0.05648037279360951
2022-10-24,1966,US.VRTX,US.DXCM,OBSERVATION_EVICT,49.45,82.63,33.18,45.0,False,KEEP,atr_breakout,12,3.765297042889119,95.21,atr_breakout,4,2,True,0.03954728539952861,0,10,0.23173615432482886,0.03455159793691558,0.12182961196618258,0.018440102365125503,-0.21553889115864422,-0.18871646558587263,-0.11996725694947807,-0.09195080342015527
2022-10-27,1969,US.CEG,US.DXCM,OBSERVATION_EVICT,49.45,100.0,50.55,45.0,True,REPLACE,atr_breakout,15,3.765297042889119,95.21,atr_breakout,3,2,False,0.03954728539952861,3,10,0.23325213154689406,0.03330549521965364,0.12042389210156634,0.024351149633303218,-0.097373915899442,-0.16103400103233168,-0.06029326933532353,-0.12940054990331618
2022-10-28,1970,US.DXCM,US.TTWO,OBSERVATION_EVICT,52.77,100.0,47.23,45.0,True,REPLACE,atr_breakout,6,4.321177657157809,123.89,atr_breakout,2,2,False,0.034879148092322294,4,10,0.13779816513761456,0.01877947977891624,0.5007449714427612,0.05195959305313586,0.07534183411197681,0.13491404780268057,0.11484996955430637,-0.019840253469554314
2022-10-28,1970,US.TMUS,US.HON,OBSERVATION_EVICT,56.92,100.0,43.08,45.0,False,KEEP,atr_breakout,5,4.430158910984517,173.646313476,atr_breakout,1,2,False,0.025512542260776632,4,10,0.22734622985941066,0.019278630726802998,0.12543787732420397,0.02212225309916096,-0.028619628804037345,-0.07499954041389245,-0.06533698239284402,-0.041869042763804765
2022-11-01,1972,US.IDXX,US.HON,OBSERVATION_EVICT,56.92,100.0,43.08,45.0,False,KEEP,atr_breakout,7,4.430158910984517,173.646313476,atr_breakout,1,2,False,0.025512542260776632,1,11,0.1397946012684006,0.018041606660285116,0.13293554031957333,0.03028117855381447,-0.0711307152468671,0.03398774599423082,-0.007945289889576657,0.20471778305068833
2022-11-07,1976,US.LRCX,US.HON,OBSERVATION_EVICT,56.92,82.44,25.52,45.0,False,KEEP,atr_breakout,11,4.430158910984517,173.646313476,atr_breakout,1,1,False,0.025512542260776632,0,11,0.22037349467733702,0.016651368347102697,0.240220118634471,0.03926832561024519,0.08476339909003872,-0.0025254059390242833,-0.002612523650661336,0.2503074618264155
2022-11-10,1979,US.AVGO,US.HON,OBSERVATION_EVICT,56.92,100.0,43.08,45.0,False,KEEP,atr_breakout,14,4.430158910984517,173.646313476,atr_breakout,1,1,False,0.025512542260776632,3,11,0.21572452884728244,0.0169488375751853,0.15663173275866615,0.02825531511960748,0.012286390164922945,0.021633239235337554,0.09006833542069614,0.2562890703903571
2022-11-11,1980,US.AMAT,US.HON,OBSERVATION_EVICT,56.92,100.0,43.08,45.0,False,KEEP,atr_breakout,15,4.430158910984517,173.646313476,atr_breakout,1,1,False,0.025512542260776632,4,11,0.22744460936844924,0.01621186621375029,0.47727880244819065,0.034242232392482745,-0.06120729083213661,-0.07588509035121271,-0.016405934652213405,0.11627752206101882
2022-11-18,1985,US.ROST,US.HON,OBSERVATION_EVICT,56.92,100.0,43.08,45.0,False,KEEP,atr_breakout,20,4.430158910984517,173.646313476,atr_breakout,1,2,False,0.025512542260776632,4,11,0.17926025867691253,0.015334587710393444,0.26472316915121774,0.03189374280693264,0.07582601984774784,0.08866907132311352,0.0947849238147076,0.14535904670698208
2022-11-30,1992,US.EXC,US.HON,OBSERVATION_EVICT,56.92,100.0,43.08,45.0,False,KEEP,atr_breakout,27,4.430158910984517,173.646313476,atr_breakout,1,2,False,0.025512542260776632,2,11,0.08628828738280325,0.011759411536299787,0.07662823210463876,0.01820392393981501,0.050505882922762035,0.05704909734942709,0.06440580687287101,0.10801753165913008
2022-12-01,1993,US.SNPS,US.HON,OBSERVATION_EVICT,56.92,100.0,43.08,45.0,False,KEEP,atr_breakout,28,4.430158910984517,173.646313476,atr_breakout,1,2,False,0.025512542260776632,3,12,0.08971204420347578,0.011538965505831035,0.2729536480381345,0.029979825313269915,-0.05751135015108766,-0.05633819014075481,-0.09351562631511345,0.11693379766814982
2022-12-13,2001,US.AVGO,US.HON,OBSERVATION_EVICT,56.92,93.7,36.78,45.0,False,KEEP,atr_breakout,36,4.430158910984517,173.646313476,atr_breakout,1,2,False,0.025512542260776632,1,12,0.00920187793112448,0.009605687268267571,0.11266123689821783,0.02050409251752291,-0.023225685104441895,-0.024945856884559636,0.022845931782943918,0.1854994144550568
2023-01-17,2023,US.CDNS,US.META,OBSERVATION_EVICT,47.57,83.39,35.82,45.0,False,KEEP,atr_breakout,8,4.641403023573896,126.261233196,atr_breakout,2,2,False,0.03676031752651167,1,1,0.1653895824371694,0.021505237187017703,0.06620230536892069,0.016394212474026202,-0.0030738617882957175,-0.043542585545283785,-0.1749367810080391,-0.3732705795474003
2023-01-20,2026,US.GOOGL,US.GOOG,OBSERVATION_EVICT,41.5,100.0,58.5,45.0,True,REPLACE,atr_breakout,1,2.6054457753952316,93.089256369,atr_breakout,3,2,True,0.027988683947236696,4,1,0.10766484436044488,0.0205307803319694,0.10110087620846464,0.019744829450310877,-0.0006310072440192105,0.009134735614769074,0.009798790418179548,0.007285427944445866
2023-01-23,2027,US.NVDA,US.META,OBSERVATION_EVICT,47.57,100.0,52.43,45.0,True,REPLACE,atr_breakout,12,4.641403023573896,126.261233196,atr_breakout,2,2,False,0.03676031752651167,0,1,0.19630928523701985,0.01918294494452299,0.1631416278061577,0.041569431839666146,-0.028068721429695964,-0.19988083707728443,-0.12491524822702837,-0.05003162565778374
2023-01-23,2027,US.AMD,US.HON,OBSERVATION_EVICT,56.92,100.0,43.08,45.0,False,KEEP,atr_breakout,62,4.430158910984517,173.646313476,atr_breakout,1,2,False,0.025512542260776632,0,1,-0.04946536494305187,0.016237687064834635,0.13076241134751765,0.03375052833360156,-0.05976845701944844,0.0954816056160136,0.04079620312174692,0.2026256556231253
2023-01-24,2028,US.PCAR,US.HON,OBSERVATION_EVICT,56.92,100.0,43.08,45.0,False,KEEP,atr_breakout,63,4.430158910984517,173.646313476,atr_breakout,1,2,True,0.025512542260776632,1,1,-0.02534030427495315,0.016345803254706068,0.11280304549586329,0.022842057146906968,-0.023424917368478737,-5.64653331688314e-05,0.04579849333101271,0.027627267530190736
2023-01-26,2030,US.TSLA,US.ASML,OBSERVATION_EVICT,50.21,100.0,49.79,45.0,True,REPLACE,atr_breakout,1,20.107839241207003,660.799289294,atr_breakout,2,2,False,0.03042957153100192,3,1,0.2731300495165645,0.02303383804956014,0.4690192483959672,0.05122115932424384,0.1562083287342233,0.3203670847465895,0.3222679508346562,0.09487853300839177
2023-01-26,2030,US.PDD,US.HON,OBSERVATION_EVICT,56.92,100.0,43.08,45.0,False,KEEP,atr_breakout,65,4.430158910984517,173.646313476,atr_breakout,1,2,False,0.025512542260776632,3,1,-0.02578063195197755,0.016493340240805714,0.22840375586854456,0.03539761351955801,-0.03884140217178944,-0.0546123238851407,-0.12225070133956906,-0.30715622211265514
2023-01-27,2031,US.ABNB,US.HON,OBSERVATION_EVICT,56.92,100.0,43.08,45.0,False,KEEP,atr_breakout,66,4.430158910984517,173.646313476,atr_breakout,1,2,False,0.025512542260776632,4,1,-0.019133795185852898,0.01631632982613618,0.40550369741786896,0.02563415206144716,0.049942926805044974,-0.02417589651984231,0.13590474722994406,0.023858672090808386
2023-02-01,2034,US.AMD,US.HON,OBSERVATION_EVICT,56.92,100.0,43.08,45.0,False,KEEP,atr_breakout,69,4.430158910984517,173.646313476,atr_breakout,1,2,False,0.025512542260776632,2,2,-0.035370975267361104,0.01660318838881541,0.3220868478600438,0.04128648903685677,0.02235931309405559,0.030615643309504503,0.004751392621631045,0.08404504106888866
2023-03-16,2064,US.GOOG,US.CDNS,OBSERVATION_EVICT,41.16,100.0,58.84,45.0,True,REPLACE,atr_breakout,2,4.772018454623151,203.52,atr_breakout,2,2,False,0.02344741772122224,3,3,0.027489370117670386,0.016465404148397294,0.040885684866563965,0.01936682741486912,0.055296271381818585,0.006371136887830642,0.05062798034427951,0.10811425817327125
2023-03-16,2064,US.GOOGL,US.AMD,OBSERVATION_EVICT,57.82,90.98,33.16,45.0,False,KEEP,atr_breakout,1,3.756917866947682,89.68,atr_breakout,1,2,False,0.041892482905304215,3,3,0.13406903028880013,0.03243678486792438,0.03486692800278823,0.019004619316053295,0.014536340845778817,-0.007568699418125435,0.1354343120608612,-0.1049144600644365
2023-03-21,2067,US.ADBE,US.AMD,OBSERVATION_EVICT,57.82,90.71,32.89,45.0,False,KEEP,atr_breakout,4,3.756917866947682,89.68,atr_breakout,1,2,False,0.041892482905304215,1,3,0.24957665754852165,0.027288493979613963,0.07937698298240559,0.027824997843097415,0.012090022328969607,0.029832874158018607,0.07818076812250807,0.016710904482080347
2023-03-23,2069,US.REGN,US.AMD,OBSERVATION_EVICT,57.82,91.0,33.18,45.0,False,KEEP,atr_breakout,6,3.756917866947682,89.68,atr_breakout,1,2,False,0.041892482905304215,3,3,0.25742946708463954,0.02654310247081271,0.0559460811415724,0.019633238517299315,0.03557655001634552,0.11100499831120292,0.11638643969986284,-0.21209624222095602
2023-03-24,2070,US.EA,US.AMD,OBSERVATION_EVICT,57.82,100.0,42.18,45.0,False,KEEP,atr_breakout,7,3.756917866947682,89.68,atr_breakout,1,2,False,0.041892482905304215,4,3,0.2543219362274298,0.026704837223272607,0.08621598634533534,0.012478056419710495,0.011317208183591498,0.08058114132132266,0.19376542827849208,-0.0964501475180084
2023-03-29,2073,US.CTAS,US.AMD,OBSERVATION_EVICT,57.82,100.0,42.18,45.0,False,KEEP,atr_breakout,10,3.756917866947682,89.68,atr_breakout,1,2,False,0.041892482905304215,2,3,0.22735981606846334,0.027938877897717852,0.08391201006877513,0.016836909171727112,0.007906983097294762,0.03008297773891566,0.059212506659506614,-0.07284051704661776
2023-03-30,2074,US.GEHC,US.AMD,OBSERVATION_EVICT,57.82,100.0,42.18,45.0,False,KEEP,atr_breakout,11,3.756917866947682,89.68,atr_breakout,1,2,False,0.041892482905304215,3,3,0.2168075584286424,0.027728264115048487,0.09461620469596643,0.015108275390434436,0.03116657507363174,0.06542780478773003,0.07720372654600394,-0.1891785333319752
2023-03-31,2075,US.SNOW,US.AMD,OBSERVATION_EVICT,57.82,100.0,42.18,45.0,False,KEEP,atr_breakout,12,3.756917866947682,89.68,atr_breakout,1,2,False,0.041892482905304215,4,3,0.20228164867517195,0.027786439440050062,0.08570825416930528,0.03304360413243985,-0.016444392943193775,0.024526597668084404,0.03744617043069198,0.06751829817014032
2023-04-03,2076,US.ORLY,US.AMD,OBSERVATION_EVICT,57.82,100.0,42.18,45.0,False,KEEP,atr_breakout,13,3.756917866947682,89.68,atr_breakout,1,2,False,0.041892482905304215,0,4,0.18974864465253827,0.028156622187494908,0.03396311826657605,0.012242968558711624,0.029761438509914084,0.11857073011533403,0.14787134360534793,-0.07199065324179177
2023-04-04,2077,US.EA,US.AMD,OBSERVATION_EVICT,57.82,100.0,42.18,45.0,False,KEEP,atr_breakout,14,3.756917866947682,89.68,atr_breakout,1,2,False,0.041892482905304215,1,4,0.1675800755084642,0.028379176184988662,0.11681826287855412,0.013431678285919174,0.044031358407705334,0.08532952290578877,0.14728138788660305,-0.15100574379861187
2023-04-05,2078,US.XEL,US.AMD,OBSERVATION_EVICT,57.82,100.0,42.18,45.0,False,KEEP,atr_breakout,15,3.756917866947682,89.68,atr_breakout,1,2,False,0.041892482905304215,2,4,0.08422162352114326,0.02888473065766684,0.11321261357131496,0.018500517402274468,0.003952927978533416,0.02042319796157188,0.03602053524120563,-0.3583961051001533
2023-04-13,2083,US.VRTX,US.AMD,OBSERVATION_EVICT,57.82,94.83,37.01,45.0,False,KEEP,atr_breakout,20,3.756917866947682,89.68,atr_breakout,1,2,False,0.041892482905304215,3,4,0.026873327386262247,0.02533525177953787,0.13280320793828815,0.014267038576214775,0.008901335799753496,0.06855317892157309,-0.0032558584906026145,-0.1836487196163592
2023-04-19,2087,US.ISRG,US.AMD,OBSERVATION_EVICT,57.82,100.0,42.18,45.0,False,KEEP,atr_breakout,24,3.756917866947682,89.68,atr_breakout,1,2,False,0.041892482905304215,2,4,-0.062441363494214586,0.01804371621921199,0.21035349440570772,0.027786887685533536,0.03238312689791234,0.11424306129769302,-0.12122608017645198,-0.13042797754017288
2023-04-21,2089,US.GILD,US.AMD,OBSERVATION_EVICT,57.82,100.0,42.18,45.0,False,KEEP,atr_breakout,26,3.756917866947682,89.68,atr_breakout,1,2,False,0.041892482905304215,4,4,-0.11816912644595123,0.016072434727126862,0.0991620111749627,0.010147908874575378,-0.060993744129904215,-0.0947249929987356,-0.285886865443887,-0.3957363681971915
2023-04-24,2090,US.TTWO,US.AMD,OBSERVATION_EVICT,57.82,94.57,36.75,45.0,False,KEEP,atr_breakout,27,3.756917866947682,89.68,atr_breakout,1,1,False,0.041892482905304215,0,4,-0.10597243491577346,0.015593140038115058,0.08186589908567554,0.01296583120965968,-0.05277168939280974,-0.10173639675897495,-0.15927137332759544,-0.07235848382097232
2023-04-27,2093,US.MDLZ,US.SBUX,OBSERVATION_EVICT,47.01,100.0,52.99,45.0,True,REPLACE,atr_breakout,1,1.6198525783736373,102.900881972,atr_breakout,1,2,True,0.015741872638316258,3,4,0.12055257405059727,0.008854119516319137,0.05479745720220475,0.007368024519938945,0.11822574357818416,0.1199846126900308,0.14099378632290782,0.09582322346346783
2023-08-03,2160,US.MELI,US.KDP,OBSERVATION_EVICT,45.28,100.0,54.72,45.0,True,REPLACE,atr_breakout,1,0.5113425351092881,31.588089781,atr_breakout,1,1,False,0.01618782707832041,3,8,0.05372670810072244,0.011531957201351946,0.14694995622361495,0.03977559140509524,0.0639534889460468,-0.08798302940991787,0.04547519076001072,0.020935017327931904
2023-08-10,2165,US.APP,US.FANG,OBSERVATION_EVICT,49.55,100.0,50.45,45.0,True,REPLACE,atr_breakout,1,2.8793036020153093,135.515869168,atr_breakout,1,1,False,0.021246984723581087,3,8,0.07989087521971006,0.011509905671887938,0.2832011038289066,0.06249069524694188,0.0312959251861169,0.06132964854678691,0.08997349537594723,-0.027187170040731568
2023-08-21,2172,US.REGN,US.SBUX,OBSERVATION_EVICT,46.35,100.0,53.65,45.0,True,REPLACE,boll_mr,1,1.665330002324577,90.683494377,atr_breakout,1,1,False,0.018364201928536994,0,8,-0.056485934266093274,0.010727839717476232,0.16123664269022098,0.016134942679958464,-0.021977420366248612,-0.029354855231570554,0.003116743414184997,-0.16077925463936893
2023-09-20,2193,US.XEL,US.PAYX,OBSERVATION_EVICT,53.38,98.76,45.38,45.0,True,REPLACE,boll_mr,2,1.4512464550599464,106.11622185,atr_breakout,1,1,False,0.013676009471118826,2,9,-0.03181247384039265,0.008301398411518206,0.044024360209733215,0.011289592870263978,-0.05330013928129218,-0.052337716439986415,-0.03316156584589025,-0.06166333690710446
2023-10-09,2206,US.PLTR,US.PCAR,OBSERVATION_EVICT,47.12,94.21,47.09,45.0,True,REPLACE,atr_breakout,1,1.6503353216415322,78.582859547,atr_breakout,4,2,False,0.02100121236558559,0,10,0.026050222958296843,0.015021057065108733,0.11526282457251424,0.03706993796827522,0.012679092550124116,-0.01053474877082905,0.06504786539281215,-0.1893292527134781
2023-10-10,2207,US.EA,US.META,OBSERVATION_EVICT,52.28,100.0,47.72,45.0,True,REPLACE,atr_breakout,2,8.928594398177012,312.684154723,atr_breakout,3,2,True,0.02855467494375165,1,10,0.06689650599844743,0.01724886045083379,0.05485093065793034,0.011321385123499606,0.016321070296328788,0.025586074168614137,0.02226611801003875,-0.03329527543701638
2023-10-12,2209,US.AVGO,US.LIN,OBSERVATION_EVICT,52.38,100.0,47.62,45.0,True,REPLACE,boll_mr,14,5.314698927050347,360.088422058,atr_breakout,2,2,False,0.014759427411399248,3,10,-0.031015905594870108,0.011640297669516356,0.04461960231858719,0.017897729025326523,-0.02166532444701086,-0.06750407134510195,-0.028750264993407715,0.12077180761438222
2023-10-12,2209,US.FAST,US.VRTX,OBSERVATION_EVICT,55.65,100.0,44.35,45.0,False,KEEP,atr_breakout,4,6.065474888639483,360.62,atr_breakout,1,2,False,0.016819574312682276,3,10,0.05318890144956567,0.011636294445312074,0.09850419553431822,0.019398505594502895,-0.019368114017693894,-0.025411312997665192,-0.013644233725590649,-0.09278723144832335
2023-10-13,2210,US.FANG,US.VRTX,OBSERVATION_EVICT,55.65,89.58,33.93,45.0,False,KEEP,atr_breakout,5,6.065474888639483,360.62,atr_breakout,1,2,False,0.016819574312682276,4,10,0.0633419317856121,0.011655425183212128,0.069470304975638,0.020412351198996325,0.024095805213155685,0.0032292648836390603,-0.06033370783680658,-0.21386677309604785
2023-11-02,2224,US.AEP,US.DXCM,OBSERVATION_EVICT,49.77,100.0,50.23,45.0,True,REPLACE,atr_breakout,1,4.63328988479553,94.13,atr_breakout,4,2,False,0.04922224460634792,3,11,0.11511904761904757,0.04103164999280827,0.11089303240008763,0.014345959848553472,-0.00032507876558141025,-0.13085280261728693,-0.2174106496256143,-0.2981568343511175
2023-11-03,2225,US.GEHC,US.QCOM,OBSERVATION_EVICT,50.81,100.0,49.19,45.0,True,REPLACE,boll_mr,6,2.6772079538855706,99.659090472,atr_breakout,3,2,False,0.026863660316444018,4,11,0.07792207791760908,0.0205450476625242,0.045909013735949245,0.018874884283236366,-0.06788358080395263,-0.06326922658385792,-0.12491966565905521,-0.14889588381545416
2023-11-03,2225,US.MNST,US.TMUS,OBSERVATION_EVICT,52.6,100.0,47.4,45.0,True,REPLACE,atr_breakout,2,2.7304561644441105,138.710437447,atr_breakout,2,2,False,0.0196845761191359,4,11,0.06085017622118838,0.012519178402633755,0.11186712027216328,0.018793880655160026,-0.005853211314594153,-0.015350517839654909,-0.047544389519626695,-0.09973976540948315
2023-11-03,2225,US.ROST,US.LIN,OBSERVATION_EVICT,59.89,100.0,40.11,45.0,False,KEEP,atr_breakout,2,6.738831139943808,373.750444238,atr_breakout,1,2,False,0.018030296000538255,4,11,0.05078438721448597,0.010461582460907445,0.07892863498977998,0.013972088725009796,-0.0015200442700633587,0.0232747516849392,0.057599916169293275,0.13895050210295778
2023-11-06,2226,US.CEG,US.LIN,OBSERVATION_EVICT,59.89,100.0,40.11,45.0,False,KEEP,atr_breakout,3,6.738831139943808,373.750444238,atr_breakout,1,2,False,0.018030296000538255,0,11,0.05156128756214118,0.010455358359320675,0.1198599389561088,0.02070649599465713,-0.04130769790995359,-0.05622587936615875,-0.08036412830069928,0.0032815898382250186
2023-11-07,2227,US.DDOG,US.LIN,OBSERVATION_EVICT,59.89,100.0,40.11,45.0,False,KEEP,atr_breakout,4,6.738831139943808,373.750444238,atr_breakout,1,2,False,0.018030296000538255,1,11,0.027285201604709153,0.010419248450587712,0.115355233002292,0.06940548796049749,0.029588307178085582,0.037126876832821454,0.0870332553799531,0.2508858301922361
2023-11-10,2230,US.CPRT,US.LIN,OBSERVATION_EVICT,59.89,100.0,40.11,45.0,False,KEEP,atr_breakout,7,6.738831139943808,373.750444238,atr_breakout,1,2,True,0.018030296000538255,4,11,0.05808568631016997,0.011492550603955926,0.06513661202185794,0.017943293651488276,0.010468603613197125,0.01827449633553191,-0.018418339801828054,0.007147787427791874
2023-11-14,2232,US.SNPS,US.LIN,OBSERVATION_EVICT,59.89,100.0,40.11,45.0,False,KEEP,atr_breakout,9,6.738831139943808,373.750444238,atr_breakout,1,2,False,0.018030296000538255,1,11,0.059487260226044114,0.011620506587046138,0.0940351590285542,0.015839715685817084,-0.016358538402393208,0.007369539672401615,0.03983854790631547,0.014393809963307413
2023-11-15,2233,US.NXPI,US.LIN,OBSERVATION_EVICT,59.89,82.75,22.86,45.0,False,KEEP,atr_breakout,10,6.738831139943808,373.750444238,atr_breakout,1,2,False,0.018030296000538255,2,11,0.08441033925616881,0.009634156832933788,0.039078674945523195,0.02647893680642586,-0.02785173229236615,-0.010774091260556506,0.1439565631326889,0.12464027594925442
2023-11-16,2234,US.ISRG,US.LIN,OBSERVATION_EVICT,59.89,84.02,24.13,45.0,False,KEEP,atr_breakout,11,6.738831139943808,373.750444238,atr_breakout,1,2,False,0.018030296000538255,3,11,0.10333927703127266,0.009706760322635732,0.11153775827390744,0.0210874850354569,0.03198203823843104,0.025791669139233475,0.06650612488415608,0.2283184582974609
2023-11-17,2235,US.ROST,US.LIN,OBSERVATION_EVICT,59.89,100.0,40.11,45.0,False,KEEP,atr_breakout,12,6.738831139943808,373.750444238,atr_breakout,1,2,False,0.018030296000538255,4,11,0.11333114968845748,0.009160239453596005,0.11378177416408275,0.020811330514051943,0.005559116059811409,0.0323071669358963,0.04485751391020942,0.06944660108668232
2023-11-20,2236,US.PLTR,US.LIN,OBSERVATION_EVICT,59.89,87.43,27.54,45.0,False,KEEP,atr_breakout,13,6.738831139943808,373.750444238,atr_breakout,1,2,False,0.018030296000538255,0,11,0.1172317543704453,0.009032848437143973,0.317283950617284,0.054270766798018094,-0.08240780485737698,-0.13498162984457396,-0.17133302880695345,0.08478226379804066
2023-11-22,2238,US.ARM,US.LIN,OBSERVATION_EVICT,59.89,88.46,28.57,45.0,False,KEEP,atr_breakout,15,6.738831139943808,373.750444238,atr_breakout,1,2,False,0.018030296000538255,2,11,0.1296448762270872,0.008626552135725768,0.2491909385113269,0.030538474592508472,-0.009433108734661744,0.03952645455224957,0.15582676002728235,0.9269598757338902
2023-11-28,2241,US.PDD,US.LIN,OBSERVATION_EVICT,59.89,100.0,40.11,45.0,False,KEEP,atr_breakout,18,6.738831139943808,373.750444238,atr_breakout,1,2,False,0.018030296000538255,1,11,0.08409216881763037,0.007753793329487904,0.3332054479186648,0.04320041812879442,0.04550475639610363,0.016706956144726393,0.034945422295378004,-0.17671106360632505
2023-11-29,2242,US.WDAY,US.LIN,OBSERVATION_EVICT,59.89,100.0,40.11,45.0,False,KEEP,atr_breakout,19,6.738831139943808,373.750444238,atr_breakout,1,2,False,0.018030296000538255,2,11,0.07648628846555283,0.00769358412477926,0.24457984979453018,0.026066656904104472,0.03846103765371833,0.0610197857232081,0.04864079279755362,0.03522239571824204
2023-11-30,2243,US.SNOW,US.LIN,OBSERVATION_EVICT,59.89,100.0,40.11,45.0,False,KEEP,atr_breakout,20,6.738831139943808,373.750444238,atr_breakout,1,2,False,0.018030296000538255,3,11,0.06889692585783935,0.007404076568589185,0.3009843338416749,0.03408449047108964,0.031592601423754085,0.07695326966982285,0.06464275464280689,0.13165875453639386
2023-12-01,2244,US.TMUS,US.LIN,OBSERVATION_EVICT,59.89,89.22,29.33,45.0,False,KEEP,atr_breakout,21,6.738831139943808,373.750444238,atr_breakout,1,2,False,0.018030296000538255,4,12,0.05982790929238413,0.007452865059731927,0.04378582998163627,0.0043977659720615845,0.05259178072795423,0.03610884102664169,0.06859765647568339,-0.013311523758030575
2023-12-04,2245,US.IDXX,US.LIN,OBSERVATION_EVICT,59.89,100.0,40.11,45.0,False,KEEP,atr_breakout,22,6.738831139943808,373.750444238,atr_breakout,1,2,False,0.018030296000538255,0,12,0.03920130172735847,0.00810721250001014,0.2033775914279059,0.02269629003316721,0.033830748095639684,0.03918764254578666,0.030623096657069304,0.011957858790260678
2023-12-06,2247,US.FAST,US.TMUS,OBSERVATION_EVICT,52.89,100.0,47.11,45.0,True,REPLACE,atr_breakout,1,1.8663549487112396,147.91214977,atr_breakout,2,1,False,0.012617996233665581,2,12,0.06150215095905387,0.004595750703480634,0.05929614291480623,0.010347867268182485,0.004696976535013775,0.0465727965017928,-0.05302522508604046,0.13218238365735746
2023-12-08,2249,US.ARM,US.LIN,OBSERVATION_EVICT,59.89,82.79,22.9,45.0,False,KEEP,atr_breakout,26,6.738831139943808,373.750444238,atr_breakout,1,2,False,0.018030296000538255,4,12,0.029490778431716214,0.008297153272595358,0.30341217526172937,0.033801893056820756,0.04129573046959889,0.051663949258972997,0.05565843618297239,0.9355034045343829
2023-12-11,2250,US.AVGO,US.LIN,OBSERVATION_EVICT,59.89,100.0,40.11,45.0,False,KEEP,atr_breakout,27,6.738831139943808,373.750444238,atr_breakout,1,2,False,0.018030296000538255,0,12,0.024164286857030204,0.0076452143800770775,0.07490182973158555,0.025596140046760862,0.1123079154967419,0.10065087146710705,0.06048019605562016,0.144352487243248
2023-12-12,2251,US.AVGO,US.LIN,OBSERVATION_EVICT,59.89,100.0,40.11,45.0,False,KEEP,atr_breakout,28,6.738831139943808,373.750444238,atr_breakout,1,2,False,0.018030296000538255,1,12,0.07076665207891719,0.012449788420725747,0.1323751491668297,0.0266756582470572,0.10193504585963775,0.09143372070222233,0.07919997027113379,0.1112926751890495
2023-12-13,2252,US.ASML,US.LIN,OBSERVATION_EVICT,59.89,100.0,40.11,45.0,False,KEEP,atr_breakout,29,6.738831139943808,373.750444238,atr_breakout,1,2,False,0.018030296000538255,2,12,0.015463131392242868,0.015974455197483146,0.08865726003499486,0.010743158034806001,-0.001902070835418379,0.028161832492978656,-0.03045574583095423,0.18751231541747693
2023-12-14,2253,US.ADI,US.LIN,OBSERVATION_EVICT,59.89,100.0,40.11,45.0,False,KEEP,atr_breakout,30,6.738831139943808,373.750444238,atr_breakout,1,2,False,0.018030296000538255,3,12,0.02045046072994361,0.01595728864962118,0.11247462931940544,0.013200464389241218,-0.01799347372851312,-0.010459447601840699,-0.054354507691390275,-0.16565526339650105
2023-12-18,2255,US.AMZN,US.LIN,OBSERVATION_EVICT,59.89,100.0,40.11,45.0,False,KEEP,atr_breakout,32,6.738831139943808,373.750444238,atr_breakout,1,2,False,0.018030296000538255,0,12,0.006091268685823437,0.015749674754736903,0.06123432979749266,0.012594437047024015,-0.006312610922216244,-0.03539380279993787,-0.0006441294013457277,-0.01583829952572713
2023-12-19,2256,US.APP,US.LIN,OBSERVATION_EVICT,59.89,100.0,40.11,45.0,False,KEEP,atr_breakout,33,6.738831139943808,373.750444238,atr_breakout,1,2,False,0.018030296000538255,1,12,0.012476421496737888,0.015824906732422716,0.10354430379746837,0.0260248948981063,-0.06531120623253228,-0.11699420683168782,-0.044776009642904846,0.4289995474022026
2023-12-21,2258,US.CTAS,US.LIN,OBSERVATION_EVICT,59.89,100.0,40.11,45.0,False,KEEP,atr_breakout,35,6.738831139943808,373.750444238,atr_breakout,1,2,True,0.018030296000538255,3,12,-0.0029770190946397657,0.01610631638152297,0.06331783281637238,0.017162380290721303,0.0176823454550723,-0.007812105672878711,0.026287029650028937,-0.06555810904693615
2023-12-28,2262,US.ARM,US.LIN,OBSERVATION_EVICT,59.89,91.65,31.76,45.0,False,KEEP,atr_breakout,39,6.738831139943808,373.750444238,atr_breakout,1,2,False,0.018030296000538255,3,12,-0.0008590933023167047,0.016043941638297168,0.2452981835717729,0.03366505400411179,-0.1329174231395046,-0.09435008797383104,-0.0484512938133117,0.5073563353733348
2024-01-08,2268,US.NVDA,US.GILD,OBSERVATION_EVICT,46.74,100.0,53.26,45.0,True,REPLACE,atr_breakout,2,1.2393135095624008,77.997441308,atr_breakout,2,2,False,0.015889155961777524,0,1,0.0859068436947612,0.012268815156507734,0.1214052708386677,0.0210325964389446,0.055207027836046585,0.19952581629436905,0.38028012922058796,0.8075404699148726
2024-01-08,2268,US.MRVL,US.VRTX,OBSERVATION_EVICT,47.71,100.0,52.29,45.0,True,ROLLED_BACK,atr_breakout,2,7.97375418541943,416.15,atr_breakout,1,2,False,0.01916076939906147,0,1,0.1841220511371664,0.030170030094250448,0.229696135632107,0.0284686610303967,-0.021836480626474142,0.05212937482102675,0.05346062114000083,0.14165147785894172
2024-01-09,2269,US.GILD,US.VRTX,OBSERVATION_EVICT,47.71,83.36,35.65,45.0,False,KEEP,atr_breakout,3,7.97375418541943,416.15,atr_breakout,1,2,True,0.01916076939906147,1,1,0.2023704126802799,0.029838931186418484,0.09901143887800412,0.01298341065274006,-0.025404000230221158,-0.09143512014651811,-0.13067025947291522,-0.1491514713687454
2024-01-10,2270,US.META,US.VRTX,OBSERVATION_EVICT,47.71,100.0,52.29,45.0,True,ROLLED_BACK,atr_breakout,4,7.97375418541943,416.15,atr_breakout,1,2,False,0.01916076939906147,2,1,0.18936821128855708,0.029787264161709955,0.13892646335609915,0.014406761375595541,-0.006479708393846151,0.04666958699897128,0.27031060922516625,0.4491960832704832
2024-01-16,2273,US.AMD,US.VRTX,OBSERVATION_EVICT,47.71,100.0,52.29,45.0,True,ROLLED_BACK,atr_breakout,7,7.97375418541943,416.15,atr_breakout,1,2,False,0.01916076939906147,1,1,0.07597147073290689,0.007501423397419753,0.15028985507246384,0.03057305411902715,0.05592867519111544,0.0642760630223358,0.12966469273720893,0.15925106780388454
2024-01-19,2276,US.AVGO,US.VRTX,OBSERVATION_EVICT,47.71,100.0,52.29,45.0,True,ROLLED_BACK,atr_breakout,10,7.97375418541943,416.15,atr_breakout,1,2,False,0.01916076939906147,4,1,0.079079228059731,0.006554394502193211,0.06284771582409299,0.020843235144225127,0.005930947034000877,0.03461776715475584,0.05777241933465649,0.1958853306188073
2024-01-22,2277,US.ZS,US.VRTX,OBSERVATION_EVICT,47.71,100.0,52.29,45.0,True,ROLLED_BACK,atr_breakout,11,7.97375418541943,416.15,atr_breakout,1,2,False,0.01916076939906147,0,1,0.09958775765146788,0.006237831086401966,0.10112924610250085,0.02057573792891451,0.02718580267741877,-0.011043637263820738,0.07824350742291586,-0.17506248119495782
2024-01-23,2278,US.PCAR,US.VRTX,OBSERVATION_EVICT,47.71,100.0,52.29,45.0,True,ROLLED_BACK,atr_breakout,12,7.97375418541943,416.15,atr_breakout,1,2,False,0.01916076939906147,1,1,0.09752140378903218,0.006312305361606347,0.04241486067684064,0.012966694761163557,-0.005005883605303962,0.08548276237860286,0.1242473742409963,0.23424046798270892
2024-01-24,2279,US.ASML,US.VRTX,OBSERVATION_EVICT,47.71,100.0,52.29,45.0,True,ROLLED_BACK,atr_breakout,13,7.97375418541943,416.15,atr_breakout,1,2,False,0.01916076939906147,2,1,0.05505243676742744,0.009392955270909352,0.12594846717043096,0.027251668265700853,0.012954303257854072,0.11015875825437793,0.12716844092047674,0.09404577829235117
2024-01-25,2280,US.CMCSA,US.VRTX,OBSERVATION_EVICT,47.71,100.0,52.29,45.0,True,ROLLED_BACK,atr_breakout,14,7.97375418541943,416.15,atr_breakout,1,2,False,0.01916076939906147,3,1,0.05470244811853009,0.009387226096320022,0.0373636309776848,0.012042504351772735,0.02315706960324526,-0.0727525256802598,-0.07479110514718068,-0.02733517245899353
2024-01-26,2281,US.ABNB,US.VRTX,OBSERVATION_EVICT,47.71,100.0,52.29,45.0,True,ROLLED_BACK,atr_breakout,15,7.97375418541943,416.15,atr_breakout,1,2,False,0.01916076939906147,4,1,0.054209043009435076,0.009392408298117876,0.09571585499816915,0.016783602270323904,-0.007756250977730805,0.0033427617486440075,-0.010033891811942253,0.1344461412107546
2024-01-31,2284,US.ADP,US.VRTX,OBSERVATION_EVICT,47.71,100.0,52.29,45.0,True,ROLLED_BACK,atr_breakout,18,7.97375418541943,416.15,atr_breakout,1,2,False,0.01916076939906147,2,1,0.05468350733737304,0.012704733009445949,0.05295176077697805,0.00817877306208131,0.05126481662393512,0.05659701716403975,0.05093352409680152,0.07752395124569311
2024-02-01,2285,US.AMGN,US.VRTX,OBSERVATION_EVICT,47.71,100.0,52.29,45.0,True,ROLLED_BACK,atr_breakout,19,7.97375418541943,416.15,atr_breakout,1,2,True,0.01916076939906147,3,2,0.056390153636385776,0.012688231006204314,0.07938408327505408,0.011859698766099788,-0.06662401755704861,-0.08491479948423253,-0.12696637804579602,-0.05496696908795018
