date,code,side,qty,price,pnl,reason,strategy,entry_date,fee
2015-01-02,US.QQQ,BUY,133,13143.13469798,,QQQ_BETA_FLOOR,core_etf,,
2015-02-02,US.PKX,BUY,13,7172.023119240001,,SIGNAL,boll_mr,,
2015-02-09,US.CDNS,BUY,38,2402.4,,SIGNAL,boll_mr,,
2015-02-13,US.CDNS,SELL,38,2522.7999999999997,4479.33,STRAT_EXIT,boll_mr,2015-02-09,187.16
2015-02-20,US.PKX,SELL,13,7479.255089740001,3896.79,STRAT_EXIT,boll_mr,2015-02-02,190.47
2015-03-09,US.MDLZ,BUY,25,3781.8156857599997,,SIGNAL,boll_mr,,
2015-03-09,US.AMD,BUY,226,410.20000000000005,,SIGNAL,boll_mr,,
2015-03-11,US.GILD,BUY,9,9509.483849740001,,SIGNAL,boll_mr,,
2015-03-12,US.AMD,SELL,226,386.4,-5466.13,STOP_LOSS,boll_mr,2015-03-09,180.03
2015-03-16,US.REGN,BUY,16,62729.688695799996,,SIGNAL,atr_breakout,,
2015-03-16,US.PAYX,BUY,161,5031.70562286,,SIGNAL,atr_breakout,,
2015-03-16,US.CTAS,BUY,183,2656.79838186,,SIGNAL,atr_breakout,,
2015-03-16,US.ORLY,BUY,207,2007.18000994,,SIGNAL,atr_breakout,,
2015-03-16,US.AMGN,BUY,21,16469.8866409,,SIGNAL,atr_breakout,,
2015-03-16,US.INTU,BUY,23,12694.207030819998,,SIGNAL,atr_breakout,,
2015-03-16,US.VRTX,BUY,4,17882.2,,SIGNAL,atr_breakout,,
2015-03-17,US.WF,BUY,111,2962.00401532,,SIGNAL,atr_breakout,,
2015-03-24,US.WF,SELL,111,2796.4866251000003,-18682.84,STOP_LOSS,atr_breakout,2015-03-17,639.19
2015-03-24,US.META,BUY,6,11839.43167582,,SIGNAL,atr_breakout,,
2015-03-25,US.VRTX,SELL,4,16609.6,-5156.84,STOP_LOSS,atr_breakout,2015-03-16,137.97
2015-03-26,US.CTAS,SELL,183,2523.958462767,-24771.59,STOP_LOSS,atr_breakout,2015-03-16,948.08
2015-03-26,US.FANG,BUY,37,8279.96955016,,SIGNAL,atr_breakout,,
2015-03-30,US.ADI,BUY,48,7252.3721949,,SIGNAL,atr_breakout,,
2015-04-01,US.AMGN,SELL,21,15646.392308855,-17621.96,STOP_LOSS,atr_breakout,2015-03-16,674.44
2015-04-01,US.META,SELL,6,11247.460092029,-3619.31,STOP_LOSS,atr_breakout,2015-03-24,138.52
2015-04-01,US.KEP,BUY,29,2783.3531045600002,,SIGNAL,atr_breakout,,
2015-04-02,US.VRSK,BUY,8,9619.417397379999,,SIGNAL,atr_breakout,,
2015-04-06,US.ADI,SELL,48,6889.753585155,-17736.4,STOP_LOSS,atr_breakout,2015-03-30,678.82
2015-04-06,US.WDAY,BUY,7,12390.0,,SIGNAL,atr_breakout,,
2015-04-07,US.KEP,SELL,29,2759.2083548399996,-780.21,STRAT_EXIT,atr_breakout,2015-04-01,160.73
2015-04-08,US.CDNS,BUY,111,2669.8,,SIGNAL,atr_breakout,,
2015-04-13,US.WDAY,SELL,7,12217.8,-1290.92,STRAT_EXIT,atr_breakout,2015-04-06,172.25
2015-04-13,US.NFLX,BUY,374,949.312532,,SIGNAL,atr_breakout,,
2015-04-14,US.CDNS,SELL,111,2611.0,-6816.62,STRAT_EXIT,atr_breakout,2015-04-08,586.17
2015-04-14,US.KB,BUY,80,4269.193973519999,,SIGNAL,atr_breakout,,
2015-04-17,US.GILD,SELL,9,9741.0475162,1996.4,STRAT_EXIT,boll_mr,2015-03-11,173.25
2015-04-17,US.PAYX,SELL,161,4762.88104054,-44047.58,STOP_LOSS,atr_breakout,2015-03-16,1576.93
2015-04-17,US.KEP,BUY,34,2897.3699787200003,,SIGNAL,atr_breakout,,
2015-04-20,US.ORLY,SELL,207,2026.73334346,3628.01,STRAT_EXIT,atr_breakout,2015-03-16,835.02
2015-04-20,US.ISRG,BUY,13,8601.739004039999,,SIGNAL,atr_breakout,,
2015-04-20,US.AMZN,BUY,40,2726.57,,SIGNAL,atr_breakout,,
2015-04-22,US.ISRG,SELL,13,8040.972446219999,-7394.5,STOP_LOSS,atr_breakout,2015-04-20,216.36
2015-04-22,US.MU,BUY,120,4027.25346786,,SIGNAL,atr_breakout,,
2015-04-23,US.VRSK,SELL,8,9647.36921218,146.44,STRAT_EXIT,atr_breakout,2015-04-02,154.13
2015-04-23,US.KEP,SELL,34,2861.152854,-1328.66,STRAT_EXIT,atr_breakout,2015-04-17,195.79
2015-04-23,US.ORLY,BUY,198,2130.89334388,,SIGNAL,atr_breakout,,
2015-04-23,US.SHG,BUY,69,4864.0675199199995,,SIGNAL,atr_breakout,,
2015-04-28,US.REGN,SELL,16,64752.7791274,31333.4,STRAT_EXIT,atr_breakout,2015-03-16,2039.72
2015-04-28,US.KEP,BUY,158,3022.1178528799996,,SIGNAL,atr_breakout,,
2015-04-30,US.INTU,SELL,23,12848.550124899999,3254.37,STRAT_EXIT,atr_breakout,2015-03-16,587.48
2015-04-30,US.MU,SELL,120,3825.890794467,-24622.63,STOP_LOSS,atr_breakout,2015-04-22,942.38
2015-04-30,US.ORLY,SELL,198,2024.3486766859999,-21496.67,STOP_LOSS,atr_breakout,2015-04-23,822.74
2015-04-30,US.KEP,SELL,158,2871.0119602359996,-24328.35,STOP_LOSS,atr_breakout,2015-04-28,931.11
2015-05-01,US.SHG,SELL,69,4852.41426768,-1138.89,STRAT_EXIT,atr_breakout,2015-04-23,670.44
2015-05-01,US.META,BUY,6,10962.333935839999,,SIGNAL,boll_mr,,
2015-05-04,US.MELI,BUY,35,21121.015004459998,,SIGNAL,atr_breakout,,
2015-05-04,US.EXC,BUY,199,2291.49687396,,SIGNAL,atr_breakout,,
2015-05-04,US.BKNG,BUY,16,6950.1408396,,SIGNAL,atr_breakout,,
2015-05-05,US.EXC,SELL,199,2238.20059624,-11051.36,STRAT_EXIT,atr_breakout,2015-05-04,901.41
2015-05-06,US.EA,BUY,15,8278.19257426,,SIGNAL,atr_breakout,,
2015-05-07,US.MELI,SELL,35,20064.964254237,-37664.05,STOP_LOSS,atr_breakout,2015-05-04,1441.51
2015-05-07,US.BKNG,SELL,16,6602.633797619999,-5665.75,STOP_LOSS,atr_breakout,2015-05-04,216.84
2015-05-08,US.INTU,BUY,12,13158.46232764,,SIGNAL,atr_breakout,,
2015-05-08,US.ADP,BUY,16,9530.255425039999,,SIGNAL,atr_breakout,,
2015-05-08,US.NXPI,BUY,11,12826.11625218,,SIGNAL,atr_breakout,,
2015-05-13,US.KB,SELL,80,4383.20805594,8770.47,STRAT_EXIT,atr_breakout,2015-04-14,692.19
2015-05-13,US.ADP,SELL,16,9416.78701474,-1966.16,STRAT_EXIT,atr_breakout,2015-05-08,303.15
2015-05-13,US.CTAS,BUY,62,2618.8307817,,SIGNAL,atr_breakout,,
2015-05-13,US.HON,BUY,14,11147.42341818,,SIGNAL,atr_breakout,,
2015-05-15,US.MDLZ,SELL,25,4349.088038624,14073.08,TAKE_PROFIT,boll_mr,2015-03-09,203.27
2015-05-15,US.INTU,SELL,12,13104.6759123,-802.69,STRAT_EXIT,atr_breakout,2015-05-08,315.16
2015-05-15,US.NXPI,SELL,11,12670.693031640001,-1849.03,STRAT_EXIT,atr_breakout,2015-05-08,280.46
2015-05-15,US.MDLZ,BUY,129,4352.498399759999,,SIGNAL,atr_breakout,,
2015-05-15,US.QCOM,BUY,19,7168.26258582,,SIGNAL,atr_breakout,,
2015-05-15,US.PEP,BUY,14,9760.52228676,,SIGNAL,atr_breakout,,
2015-05-19,US.QCOM,SELL,19,7023.0008615199995,-2893.41,STRAT_EXIT,atr_breakout,2015-05-15,269.63
2015-05-19,US.TTWO,BUY,152,4006.8,,SIGNAL,atr_breakout,,
2015-05-21,US.META,SELL,6,11169.11805492,1173.69,STRAT_EXIT,boll_mr,2015-05-01,132.79
2015-05-21,US.PEP,SELL,14,9659.160723660001,-1554.29,STRAT_EXIT,atr_breakout,2015-05-15,271.88
2015-05-21,US.TMUS,BUY,108,4853.19179618,,SIGNAL,atr_breakout,,
2015-05-21,US.ADBE,BUY,28,11278.4,,SIGNAL,atr_breakout,,
2015-05-22,US.HON,SELL,14,11381.069894459999,3111.72,STRAT_EXIT,atr_breakout,2015-05-13,315.4
2015-05-22,US.INTU,BUY,28,13671.994531299999,,SIGNAL,atr_breakout,,
2015-05-26,US.TTWO,SELL,152,3806.46,-31030.26,STOP_LOSS,atr_breakout,2015-05-19,1187.62
2015-05-26,US.ADBE,SELL,28,11111.099999999999,-4995.51,STRAT_EXIT,atr_breakout,2015-05-21,626.91
2015-05-26,US.PANW,BUY,28,3822.89508104,,SIGNAL,atr_breakout,,
2015-05-27,US.AVGO,BUY,315,1492.5704582600001,,SIGNAL,atr_breakout,,
2015-06-04,US.CTAS,SELL,62,2655.55354246,2112.17,STRAT_EXIT,atr_breakout,2015-05-13,327.01
2015-06-05,US.REGN,BUY,5,74897.3904476,,SIGNAL,atr_breakout,,
2015-06-10,US.REGN,SELL,5,71137.24707852,-19156.4,STOP_LOSS,atr_breakout,2015-06-05,730.17
2015-06-10,US.GILD,BUY,35,11306.26416696,,SIGNAL,atr_breakout,,
2015-06-15,US.FANG,SELL,37,8609.1281591,11860.33,STRAT_EXIT,atr_breakout,2015-03-26,624.9
2015-06-16,US.FTNT,BUY,328,1189.3,,SIGNAL,atr_breakout,,
2015-06-29,US.INTU,SELL,28,12936.91352156,-20944.5,STOP_LOSS,atr_breakout,2015-05-22,745.05
2015-06-29,US.AVGO,SELL,315,1393.99024002,-31491.88,STOP_LOSS,atr_breakout,2015-05-27,909.27
2015-06-30,US.AMZN,SELL,40,3038.63,12360.85,STRAT_EXIT,atr_breakout,2015-04-20,230.61
2015-06-30,US.QCOM,BUY,7,6361.69966166,,SIGNAL,boll_mr,,
2015-06-30,US.AMAT,BUY,18,2361.92113794,,SIGNAL,boll_mr,,
2015-06-30,US.NXPI,BUY,3,12113.14306566,,SIGNAL,boll_mr,,
2015-07-06,US.FTNT,SELL,328,1119.1599999999999,-23373.0,STOP_LOSS,atr_breakout,2015-06-16,757.17
2015-07-07,US.NXPI,SELL,3,11507.485912377,-1851.49,STOP_LOSS,boll_mr,2015-06-30,70.86
2015-07-07,US.AEP,BUY,109,5020.14898056,,SIGNAL,atr_breakout,,
2015-07-07,US.XEL,BUY,131,3369.7168481199997,,SIGNAL,atr_breakout,,
2015-07-14,US.AEP,SELL,109,4932.82326306,-10056.18,STRAT_EXIT,atr_breakout,2015-07-07,1084.87
2015-07-14,US.XEL,SELL,131,3334.91599546,-4995.79,STRAT_EXIT,atr_breakout,2015-07-07,878.31
2015-07-14,US.GOOGL,BUY,135,4053.31818528,,SIGNAL,atr_breakout,,
2015-07-14,US.GOOG,BUY,112,3893.37308024,,SIGNAL,atr_breakout,,
2015-07-16,US.AMAT,SELL,18,2196.0213702,-3025.72,STOP_LOSS,boll_mr,2015-06-30,82.04
2015-07-16,US.INTU,BUY,25,13877.09246966,,SIGNAL,atr_breakout,,
2015-07-22,US.GILD,SELL,35,11325.0425099,260.87,STRAT_EXIT,atr_breakout,2015-06-10,792.1
2015-07-22,US.ISRG,BUY,43,8553.51774662,,SIGNAL,atr_breakout,,
2015-07-29,US.QCOM,SELL,7,6416.5506566,339.04,STRAT_EXIT,boll_mr,2015-06-30,89.45
2015-07-29,US.VRSK,BUY,29,10461.964956939999,,SIGNAL,atr_breakout,,
2015-07-31,US.INTU,SELL,25,13577.984001120001,-7817.16,STRAT_EXIT,atr_breakout,2015-07-16,686.38
2015-07-31,US.XEL,BUY,33,3447.2730340999997,,SIGNAL,atr_breakout,,
2015-08-03,US.ISRG,SELL,43,8125.841859289,-18739.47,STOP_LOSS,atr_breakout,2015-07-22,717.21
2015-08-03,US.MNST,BUY,37,3635.530311,,SIGNAL,atr_breakout,,
2015-08-06,US.MNST,SELL,37,3380.266197,-9569.84,STOP_LOSS,atr_breakout,2015-08-03,259.58
2015-08-06,US.DXCM,BUY,54,3265.85,,SIGNAL,atr_breakout,,
2015-08-07,US.PANW,SELL,28,4012.861306234391,5206.69,ATR_TRAIL,atr_breakout,2015-05-26,219.4
2015-08-07,US.NVDA,BUY,2213,77.75821186,,SIGNAL,atr_breakout,,
2015-08-12,US.VRSK,SELL,29,10215.722779220001,-7437.28,STRAT_EXIT,atr_breakout,2015-07-29,599.65
2015-08-12,US.AEP,BUY,7,5219.69255136,,SIGNAL,atr_breakout,,
2015-08-21,US.QQQ,SELL,133,13134.3557037,-2914.48,MA200_BREAK,core_etf,2015-01-02,3494.91
2015-08-21,US.EA,SELL,15,8903.166902840001,9241.07,ATR_TRAIL,atr_breakout,2015-05-06,257.72
2015-08-21,US.DXCM,SELL,54,3102.5575,-8985.33,STOP_LOSS,atr_breakout,2015-08-06,343.89
2015-08-21,US.NVDA,SELL,2213,72.952873,-10795.66,STOP_LOSS,atr_breakout,2015-08-07,333.52
2015-08-24,US.NFLX,SELL,374,1356.3200000000002,151713.53,ATR_TRAIL,atr_breakout,2015-04-13,862.31
2015-08-24,US.MDLZ,SELL,129,4535.74571618,23053.79,ATR_TRAIL,atr_breakout,2015-05-15,1146.58
2015-08-24,US.GOOGL,SELL,135,4242.010564316237,24900.8,ATR_TRAIL,atr_breakout,2015-07-14,1119.87
2015-08-24,US.GOOG,SELL,112,4060.168868550465,18226.39,ATR_TRAIL,atr_breakout,2015-07-14,890.8
2015-08-24,US.AEP,SELL,7,4948.30809424,-1934.33,STOP_LOSS,atr_breakout,2015-08-12,71.18
2015-08-25,US.XEL,SELL,33,3289.17773198,-5325.69,ATR_TRAIL,atr_breakout,2015-07-31,222.3
2015-08-25,US.CPRT,BUY,641,587.475,,SIGNAL,boll_mr,,
2015-08-25,US.ISRG,BUY,13,7691.446106400001,,SIGNAL,boll_mr,,
2015-09-04,US.LPL,BUY,198,1317.34727166,,SIGNAL,atr_breakout,,
2015-09-08,US.AVGO,BUY,182,1363.05301174,,SIGNAL,atr_breakout,,
2015-09-09,US.ASX,BUY,518,459.01903698,,SIGNAL,atr_breakout,,
2015-09-11,US.AMD,BUY,807,281.4,,SIGNAL,atr_breakout,,
2015-09-14,US.AMD,SELL,807,254.8,-21671.82,STOP_LOSS,atr_breakout,2015-09-11,432.71
2015-09-14,US.KLAC,BUY,379,597.20214512,,SIGNAL,atr_breakout,,
2015-09-15,US.ISRG,SELL,13,7991.817874179999,3800.94,STRAT_EXIT,boll_mr,2015-08-25,203.88
2015-09-15,US.PANW,BUY,172,4274.39056324,,SIGNAL,atr_breakout,,
2015-09-15,US.BKNG,BUY,25,7231.6646988600005,,SIGNAL,atr_breakout,,
2015-09-16,US.WF,BUY,298,2670.99631624,,SIGNAL,atr_breakout,,
2015-09-16,US.SHG,BUY,113,4214.98136556,,SIGNAL,atr_breakout,,
2015-09-16,US.QQQ,BUY,127,13740.609166619999,,QQQ_BETA_FLOOR,core_etf,,
2015-09-18,US.BKNG,SELL,25,7098.25068456,-3512.81,STRAT_EXIT,atr_breakout,2015-09-15,358.25
2015-09-18,US.SHG,SELL,113,3998.2308723,-24944.61,STOP_LOSS,atr_breakout,2015-09-16,928.09
2015-09-18,US.QQQ,SELL,127,13548.8200519,-26077.92,MA200_BREAK,core_etf,2015-09-16,3465.76
2015-09-21,US.KLAC,SELL,379,562.46191162,-13379.72,STOP_LOSS,atr_breakout,2015-09-14,439.51
2015-09-21,US.AMZN,BUY,41,3838.73,,SIGNAL,atr_breakout,,
2015-09-21,US.META,BUY,11,13260.55206448,,SIGNAL,atr_breakout,,
2015-09-22,US.LPL,SELL,198,1245.0223233000002,-14566.85,STOP_LOSS,atr_breakout,2015-09-04,507.35
2015-09-22,US.WF,SELL,298,2530.3606252400004,-42663.48,STOP_LOSS,atr_breakout,2015-09-16,1550.0
2015-09-23,US.ADBE,BUY,15,11970.0,,SIGNAL,atr_breakout,,
2015-09-23,US.COST,BUY,10,17039.76490664,,SIGNAL,atr_breakout,,
2015-09-24,US.AVGO,SELL,182,1294.900361153,-12639.45,STOP_LOSS,atr_breakout,2015-09-08,483.75
2015-09-24,US.AMZN,SELL,41,3736.25,-4354.87,STRAT_EXIT,atr_breakout,2015-09-21,310.57
2015-09-24,US.XEL,BUY,55,3453.7560309,,SIGNAL,atr_breakout,,
2015-09-24,US.SBUX,BUY,28,6536.4991643,,SIGNAL,atr_breakout,,
2015-09-24,US.ISRG,BUY,9,7640.1138002,,SIGNAL,boll_mr,,
2015-09-28,US.PANW,SELL,172,4060.671035078,-37458.19,STOP_LOSS,atr_breakout,2015-09-15,1433.63
2015-09-28,US.META,SELL,11,12380.67869878,-9814.79,STOP_LOSS,atr_breakout,2015-09-21,282.05
2015-09-28,US.ADBE,SELL,15,11272.8,-10627.09,STOP_LOSS,atr_breakout,2015-09-23,348.64
2015-09-28,US.ISRG,SELL,9,7210.01129464,-3935.81,STOP_LOSS,boll_mr,2015-09-24,133.65
2015-09-29,US.SBUX,SELL,28,6209.674206085,-9324.97,STOP_LOSS,atr_breakout,2015-09-24,356.89
2015-09-30,US.NVDA,BUY,6045,83.75818905999999,,SIGNAL,atr_breakout,,
2015-09-30,US.PAYX,BUY,71,4778.4480368800005,,SIGNAL,atr_breakout,,
2015-09-30,US.AEP,BUY,18,5149.37030146,,SIGNAL,atr_breakout,,
2015-10-01,US.VRSK,BUY,39,10403.39924974,,SIGNAL,atr_breakout,,
2015-10-02,US.MSFT,BUY,50,5524.21570176,,SIGNAL,atr_breakout,,
2015-10-09,US.QQQ,BUY,127,13701.72401192,,QQQ_BETA_FLOOR,core_etf,,
2015-10-13,US.QQQ,SELL,127,13646.00477226,-8809.39,MA200_BREAK,core_etf,2015-10-09,3473.16
2015-10-14,US.CPRT,SELL,641,602.175,9036.71,STRAT_EXIT,boll_mr,2015-08-25,762.57
2015-10-14,US.KEP,BUY,129,2957.7318533000002,,SIGNAL,atr_breakout,,
2015-10-15,US.QQQ,BUY,126,13847.5010926,,QQQ_BETA_FLOOR,core_etf,,
2015-10-28,US.VRSK,SELL,39,9671.327910580001,-28927.96,STOP_LOSS,atr_breakout,2015-10-01,782.91
2015-10-28,US.EA,BUY,14,10430.27808844,,SIGNAL,atr_breakout,,
2015-10-29,US.TMUS,SELL,108,4946.4883288648825,9541.8,ATR_TRAIL,atr_breakout,2015-05-21,1058.37
2015-10-29,US.ORLY,BUY,95,2575.53334612,,SIGNAL,atr_breakout,,
2015-10-30,US.EA,SELL,14,9791.71736144,-9076.93,STOP_LOSS,atr_breakout,2015-10-28,283.11
2015-10-30,US.BKNG,BUY,29,7974.35249604,,SIGNAL,atr_breakout,,
2015-11-06,US.COST,SELL,10,18459.84295568,14016.18,STRAT_EXIT,atr_breakout,2015-09-23,355.0
2015-11-06,US.AEP,SELL,18,4891.901786386999,-4722.49,STOP_LOSS,atr_breakout,2015-09-30,180.74
2015-11-06,US.MNST,BUY,68,3505.564944,,SIGNAL,atr_breakout,,
2015-11-06,US.SNPS,BUY,22,7214.2,,SIGNAL,atr_breakout,,
2015-11-09,US.BKNG,SELL,29,7189.7157794,-22962.97,STOP_LOSS,atr_breakout,2015-10-30,439.76
2015-11-09,US.FANG,BUY,5,8579.89367732,,SIGNAL,atr_breakout,,
2015-11-12,US.KEP,SELL,129,2853.10460414,-13864.97,ATR_TRAIL,atr_breakout,2015-10-14,749.6
2015-11-12,US.SNPS,SELL,22,7156.799999999999,-1420.25,STRAT_EXIT,atr_breakout,2015-11-06,316.16
2015-11-13,US.ORLY,SELL,95,2425.08001204,-14523.45,STOP_LOSS,atr_breakout,2015-10-29,475.06
2015-11-13,US.AMAT,BUY,102,2131.11536708,,SIGNAL,atr_breakout,,
2015-11-16,US.KB,BUY,7,3422.7257861999997,,SIGNAL,boll_mr,,
2015-11-17,US.NFLX,BUY,36,1639.4,,SIGNAL,atr_breakout,,
2015-11-27,US.XEL,SELL,55,3578.25188784,6650.47,STRAT_EXIT,atr_breakout,2015-09-24,386.76
2015-11-27,US.NXPI,BUY,25,10899.36172388,,SIGNAL,atr_breakout,,
2015-12-02,US.FANG,SELL,5,8150.8989934539995,-2185.73,STOP_LOSS,atr_breakout,2015-11-09,83.65
2015-12-02,US.MRVL,BUY,158,1219.47985516,,SIGNAL,atr_breakout,,
2015-12-03,US.MRVL,SELL,158,1158.5058624019998,-9816.93,STOP_LOSS,atr_breakout,2015-12-02,375.72
2015-12-03,US.AVGO,BUY,166,1537.5381553,,SIGNAL,atr_breakout,,
2015-12-07,US.ASX,SELL,518,496.39072728,19101.41,STRAT_EXIT,atr_breakout,2015-09-09,494.9
2015-12-08,US.COST,BUY,9,19837.32681406,,SIGNAL,atr_breakout,,
2015-12-09,US.COST,SELL,9,18762.46721594,-9842.6,STOP_LOSS,atr_breakout,2015-12-08,347.4
2015-12-10,US.AMD,BUY,558,343.0,,SIGNAL,atr_breakout,,
2015-12-11,US.NXPI,SELL,25,10272.7347709,-15922.49,STOP_LOSS,atr_breakout,2015-11-27,529.3
2015-12-14,US.AMD,SELL,558,325.84999999999997,-9751.52,STOP_LOSS,atr_breakout,2015-12-10,373.22
2015-12-14,US.HON,BUY,2,10689.66296006,,SIGNAL,boll_mr,,
2015-12-14,US.WDAY,BUY,2,11060.0,,SIGNAL,boll_mr,,
2015-12-17,US.KB,SELL,7,3247.67386174,-1248.1,STOP_LOSS,boll_mr,2015-11-16,46.69
2015-12-17,US.AEP,BUY,11,5261.77879486,,SIGNAL,atr_breakout,,
2015-12-18,US.AEP,SELL,11,5147.736482560001,-1311.09,STRAT_EXIT,atr_breakout,2015-12-17,114.5
2015-12-22,US.AMD,BUY,716,387.8,,SIGNAL,atr_breakout,,
2015-12-24,US.MSFT,SELL,50,6794.07836268,63153.43,STRAT_EXIT,atr_breakout,2015-10-02,615.91
2015-12-24,US.FAST,BUY,57,1101.79290886,,SIGNAL,atr_breakout,,
2015-12-31,US.HON,SELL,2,11235.40376182,1069.01,STRAT_EXIT,boll_mr,2015-12-14,43.85
2015-12-31,US.FAST,SELL,57,1083.47835568,-1105.69,STRAT_EXIT,atr_breakout,2015-12-24,124.56
2016-01-04,US.MNST,SELL,68,3330.2866968,-12145.38,STOP_LOSS,atr_breakout,2015-11-06,464.84
2016-01-04,US.NFLX,SELL,36,1539.44,-3653.98,STOP_LOSS,atr_breakout,2015-11-17,114.44
2016-01-04,US.AMD,SELL,716,368.40999999999997,-14147.02,STOP_LOSS,atr_breakout,2015-12-22,541.45
2016-01-05,US.AVGO,SELL,166,1460.6612475349998,-13004.04,STOP_LOSS,atr_breakout,2015-12-03,497.7
2016-01-05,US.EXC,BUY,43,1900.29164864,,SIGNAL,atr_breakout,,
2016-01-05,US.ADP,BUY,3,9142.27497722,,SIGNAL,boll_mr,,
2016-01-06,US.PAYX,SELL,71,5133.163056220442,24820.31,ATR_TRAIL,atr_breakout,2015-09-30,703.72
2016-01-06,US.QQQ,SELL,126,13968.78304374,13521.46,MA200_BREAK,core_etf,2015-10-15,3504.85
2016-01-06,US.WDAY,SELL,2,10416.0,-1308.83,STOP_LOSS,boll_mr,2015-12-14,42.95
2016-01-07,US.EXC,SELL,43,1878.05069214,-1037.12,STRAT_EXIT,atr_breakout,2016-01-05,162.47
2016-01-07,US.TMUS,BUY,23,5423.52550796,,SIGNAL,atr_breakout,,
2016-01-08,US.NVDA,SELL,6045,101.0620282,103990.79,ATR_TRAIL,atr_breakout,2015-09-30,1117.24
2016-01-08,US.AMAT,SELL,102,2087.25461658,-4686.7,ATR_TRAIL,atr_breakout,2015-11-13,430.27
2016-01-08,US.ADP,SELL,3,8682.21640902,-1406.22,STOP_LOSS,boll_mr,2016-01-05,53.47
2016-01-08,US.TMUS,SELL,23,5339.18038164,-2062.74,STRAT_EXIT,atr_breakout,2016-01-07,247.54
2016-01-08,US.MSFT,BUY,9,6386.4580693200005,,SIGNAL,boll_mr,,
2016-01-11,US.SPY,BUY,2,22792.256387600002,,SIGNAL,boll_mr,,
2016-01-11,US.META,BUY,4,13532.56338896,,SIGNAL,boll_mr,,
2016-01-12,US.ALGN,BUY,6,8647.800000000001,,SIGNAL,boll_mr,,
2016-01-13,US.ALGN,SELL,6,8215.41,-2643.63,STOP_LOSS,boll_mr,2016-01-12,101.18
2016-01-14,US.META,SELL,4,12855.935219512,-2757.94,STOP_LOSS,boll_mr,2016-01-11,105.55
2016-01-19,US.XEL,BUY,129,3769.94871904,,SIGNAL,atr_breakout,,
2016-01-19,US.AEP,BUY,24,5476.858594339999,,SIGNAL,atr_breakout,,
2016-01-20,US.MSFT,SELL,9,6067.135165854,-2928.51,STOP_LOSS,boll_mr,2016-01-08,112.08
2016-01-20,US.SPY,SELL,2,21652.643568220003,-2322.53,STOP_LOSS,boll_mr,2016-01-11,88.89
2016-01-20,US.XEL,SELL,129,3710.17259046,-8189.73,STRAT_EXIT,atr_breakout,2016-01-19,964.94
2016-01-22,US.AEP,SELL,24,5372.81999366,-2625.87,STRAT_EXIT,atr_breakout,2016-01-19,260.39
2016-01-26,US.EA,BUY,15,9623.246020640001,,SIGNAL,atr_breakout,,
2016-01-28,US.UMC,BUY,4558,141.34454404000002,,SIGNAL,atr_breakout,,
2016-01-28,US.FANG,BUY,55,7840.36956598,,SIGNAL,atr_breakout,,
2016-01-28,US.EXC,BUY,62,1938.5182927600001,,SIGNAL,atr_breakout,,
2016-01-28,US.META,BUY,7,15142.426329240001,,SIGNAL,atr_breakout,,
2016-01-28,US.XEL,BUY,30,3806.4222890399997,,SIGNAL,atr_breakout,,
2016-01-29,US.EA,SELL,15,8769.3408782,-12940.12,STOP_LOSS,atr_breakout,2016-01-26,275.89
2016-01-29,US.AEP,BUY,91,5616.9105568800005,,SIGNAL,atr_breakout,,
2016-01-29,US.ROST,BUY,49,7094.0925643,,SIGNAL,atr_breakout,,
2016-01-29,US.PKX,BUY,21,4589.1408848599995,,SIGNAL,atr_breakout,,
2016-01-29,US.PCAR,BUY,30,3073.06928264,,SIGNAL,atr_breakout,,
2016-01-29,US.ORLY,BUY,37,2435.0666788000003,,SIGNAL,atr_breakout,,
2016-02-03,US.ROST,SELL,49,6947.04774428,-7545.6,STRAT_EXIT,atr_breakout,2016-01-29,688.02
2016-02-03,US.PCAR,SELL,30,2919.415818508,-4697.19,STOP_LOSS,atr_breakout,2016-01-29,179.77
2016-02-03,US.CMCSA,BUY,153,2898.71799448,,SIGNAL,atr_breakout,,
2016-02-03,US.TSM,BUY,134,2229.04971492,,SIGNAL,atr_breakout,,
2016-02-04,US.ORLY,SELL,37,2313.31334486,-4590.47,STOP_LOSS,atr_breakout,2016-01-29,175.69
2016-02-04,US.FAST,BUY,244,1164.59879228,,SIGNAL,atr_breakout,,
2016-02-05,US.FANG,SELL,55,7247.017863120001,-33032.93,STOP_LOSS,atr_breakout,2016-01-28,829.81
2016-02-05,US.META,SELL,7,14385.305012778,-5400.55,STOP_LOSS,atr_breakout,2016-01-28,206.69
2016-02-05,US.WF,BUY,36,2478.68987492,,SIGNAL,atr_breakout,,
2016-02-05,US.SHG,BUY,22,3873.0291555199997,,SIGNAL,atr_breakout,,
2016-02-09,US.TSM,SELL,134,2187.65797474,-5839.64,STRAT_EXIT,atr_breakout,2016-02-03,591.84
2016-02-09,US.ISRG,BUY,4,7914.819414879999,,SIGNAL,boll_mr,,
2016-02-11,US.XEL,SELL,30,3950.29025944,4197.53,STRAT_EXIT,atr_breakout,2016-01-28,232.7
2016-02-11,US.CMCSA,SELL,153,2753.782094756,-22596.52,STOP_LOSS,atr_breakout,2016-02-03,864.83
2016-02-11,US.FAST,SELL,244,1106.3688526659998,-14478.06,STOP_LOSS,atr_breakout,2016-02-04,554.12
2016-02-11,US.WF,SELL,36,2349.45337074,-4737.09,STOP_LOSS,atr_breakout,2016-02-05,173.81
2016-02-11,US.SHG,SELL,22,3679.3776977439993,-4341.28,STOP_LOSS,atr_breakout,2016-02-05,166.15
2016-02-12,US.PAYX,BUY,22,4994.28764828,,SIGNAL,atr_breakout,,
2016-02-12,US.CSCO,BUY,43,2574.87436696,,SIGNAL,atr_breakout,,
2016-02-16,US.ADP,BUY,11,9310.07411684,,SIGNAL,atr_breakout,,
2016-02-16,US.HON,BUY,9,11399.48269558,,SIGNAL,atr_breakout,,
2016-02-16,US.PCAR,BUY,32,3240.99564222,,SIGNAL,atr_breakout,,
2016-02-24,US.ADP,SELL,11,9474.53949876,1704.9,STRAT_EXIT,atr_breakout,2016-02-16,206.63
2016-02-24,US.COST,BUY,19,18124.26626276,,SIGNAL,atr_breakout,,
2016-03-02,US.COST,SELL,19,17997.05363148,-2758.98,STRAT_EXIT,atr_breakout,2016-02-24,686.31
2016-03-02,US.AMD,BUY,1070,324.79999999999995,,SIGNAL,atr_breakout,,
2016-03-08,US.ISRG,SELL,4,8817.645795139999,3576.03,STRAT_EXIT,boll_mr,2016-02-09,66.93
2016-03-08,US.XEL,BUY,23,4119.48709802,,SIGNAL,atr_breakout,,
2016-03-09,US.AMD,SELL,1070,308.55999999999995,-17706.96,STOP_LOSS,atr_breakout,2016-03-02,677.7
2016-03-09,US.PEP,BUY,10,10251.837876140002,,SIGNAL,atr_breakout,,
2016-03-16,US.QQQ,BUY,125,13880.39952096,,QQQ_BETA_FLOOR,core_etf,,
2016-03-18,US.PEP,SELL,10,10363.359865040002,1011.59,STRAT_EXIT,atr_breakout,2016-03-09,206.15
2016-03-18,US.ADBE,BUY,21,13078.800000000001,,SIGNAL,atr_breakout,,
2016-03-22,US.XEL,SELL,23,4165.3945450599995,960.07,STRAT_EXIT,atr_breakout,2016-03-08,190.55
2016-03-22,US.LPL,BUY,178,1482.8571261,,SIGNAL,atr_breakout,,
2016-03-28,US.QQQ,SELL,125,13860.581684460001,-4209.8,MA200_BREAK,core_etf,2016-03-16,3467.62
2016-03-28,US.LPL,SELL,178,1408.7142697949998,-13448.18,STOP_LOSS,atr_breakout,2016-03-22,514.7
2016-03-28,US.META,BUY,6,15778.04462808,,SIGNAL,atr_breakout,,
2016-03-29,US.QQQ,BUY,124,14084.80274334,,QQQ_BETA_FLOOR,core_etf,,
2016-04-04,US.META,SELL,6,15619.8339598,-1042.98,STRAT_EXIT,atr_breakout,2016-03-28,188.39
2016-04-04,US.ISRG,BUY,26,9676.295281660001,,SIGNAL,atr_breakout,,
2016-04-21,US.CSCO,SELL,43,2922.31961014,14814.49,STRAT_EXIT,atr_breakout,2016-02-12,236.38
2016-04-21,US.WF,BUY,61,3027.66887136,,SIGNAL,atr_breakout,,
2016-04-27,US.PAYX,SELL,22,5420.853287219999,9265.19,STRAT_EXIT,atr_breakout,2016-02-12,229.13
2016-04-27,US.FTNT,BUY,258,933.8,,SIGNAL,atr_breakout,,
2016-04-28,US.UMC,SELL,4558,135.57589584,-26911.45,ATR_TRAIL,atr_breakout,2016-01-28,1262.2
2016-04-28,US.AEP,SELL,91,5719.708793212367,8834.15,ATR_TRAIL,atr_breakout,2016-01-29,1031.63
2016-04-28,US.QQQ,SELL,124,13752.3819874,-42925.47,MA200_BREAK,core_etf,2016-03-29,3451.81
2016-04-28,US.META,BUY,6,16199.93974354,,SIGNAL,atr_breakout,,
2016-04-29,US.FTNT,SELL,258,887.1099999999999,-12274.89,STOP_LOSS,atr_breakout,2016-04-27,469.79
2016-04-29,US.AMZN,BUY,111,4617.13,,SIGNAL,atr_breakout,,
2016-04-29,US.IDXX,BUY,39,11809.0,,SIGNAL,atr_breakout,,
2016-05-03,US.EXC,SELL,62,2384.0931044,27477.82,STRAT_EXIT,atr_breakout,2016-01-28,268.0
2016-05-04,US.PKX,SELL,21,5866.03314514,26691.55,ATR_TRAIL,atr_breakout,2016-01-29,219.56
2016-05-09,US.CTAS,BUY,34,2879.0183015999996,,SIGNAL,atr_breakout,,
2016-05-10,US.PEP,BUY,29,10903.576471760001,,SIGNAL,atr_breakout,,
2016-05-10,US.QQQ,BUY,125,13889.26112224,,QQQ_BETA_FLOOR,core_etf,,
2016-05-11,US.QQQ,SELL,125,13762.810873839999,-17526.63,MA200_BREAK,core_etf,2016-05-10,3456.51
2016-05-13,US.WF,SELL,61,2791.2875730600003,-14589.53,STOP_LOSS,atr_breakout,2016-04-21,354.96
2016-05-13,US.NVDA,BUY,2981,140.2838514,,SIGNAL,atr_breakout,,
2016-05-16,US.META,SELL,6,16469.17544216,1516.6,STRAT_EXIT,atr_breakout,2016-04-28,196.01
2016-05-16,US.EA,BUY,8,10409.898490739999,,SIGNAL,atr_breakout,,
2016-05-17,US.ADBE,SELL,21,13430.2,7097.37,STRAT_EXIT,atr_breakout,2016-03-18,556.69
2016-05-17,US.CTAS,SELL,34,2873.03739758,-301.03,STRAT_EXIT,atr_breakout,2016-05-09,195.57
2016-05-18,US.PEP,SELL,29,10324.480639619998,-17093.19,STOP_LOSS,atr_breakout,2016-05-10,615.61
2016-05-18,US.MELI,BUY,5,18452.73454038,,SIGNAL,atr_breakout,,
2016-05-19,US.PCAR,SELL,32,3367.2521781301557,3932.46,ATR_TRAIL,atr_breakout,2016-02-16,211.46
2016-05-20,US.AMAT,BUY,157,2832.22087036,,SIGNAL,atr_breakout,,
2016-05-20,US.QCOM,BUY,70,5692.6466261000005,,SIGNAL,atr_breakout,,
2016-05-20,US.CDNS,BUY,105,3437.0,,SIGNAL,atr_breakout,,
2016-05-23,US.ISRG,SELL,26,9778.80434174,2410.99,STRAT_EXIT,atr_breakout,2016-04-04,505.83
2016-05-23,US.EA,SELL,8,9889.403566202998,-4243.07,STOP_LOSS,atr_breakout,2016-05-16,162.39
2016-05-23,US.AMD,BUY,143,565.6,,SIGNAL,atr_breakout,,
2016-05-24,US.SNPS,BUY,49,7165.2,,SIGNAL,atr_breakout,,
2016-05-24,US.QQQ,BUY,124,14036.569143519999,,QQQ_BETA_FLOOR,core_etf,,
2016-05-31,US.HON,SELL,9,12603.18833592,10719.92,STRAT_EXIT,atr_breakout,2016-02-16,216.02
2016-05-31,US.VRTX,BUY,11,13041.0,,SIGNAL,atr_breakout,,
2016-06-14,US.SNPS,SELL,49,7303.8,6433.51,STRAT_EXIT,atr_breakout,2016-05-24,708.98
2016-06-14,US.XEL,BUY,8,4406.85566664,,SIGNAL,atr_breakout,,
2016-06-17,US.QQQ,SELL,124,13816.68771364,-28978.57,MA200_BREAK,core_etf,2016-05-24,3453.8
2016-06-17,US.VRTX,SELL,11,12142.2,-10020.36,STOP_LOSS,atr_breakout,2016-05-31,277.02
2016-06-20,US.DXCM,BUY,131,2703.3999999999996,,SIGNAL,atr_breakout,,
2016-06-20,US.QQQ,BUY,125,13904.26198854,,QQQ_BETA_FLOOR,core_etf,,
2016-06-24,US.DXCM,SELL,131,2568.2299999999996,-18043.71,STOP_LOSS,atr_breakout,2016-06-20,690.58
2016-06-24,US.QQQ,SELL,125,13529.1303931,-48582.59,MA200_BREAK,core_etf,2016-06-20,3429.17
2016-06-27,US.QCOM,SELL,70,5390.987438200001,-21493.51,STOP_LOSS,atr_breakout,2016-05-20,775.85
2016-06-27,US.CDNS,SELL,105,3229.8,-22095.13,STOP_LOSS,atr_breakout,2016-05-20,700.01
2016-06-27,US.AEP,BUY,48,6476.48020824,,SIGNAL,atr_breakout,,
2016-06-28,US.ORLY,BUY,34,2533.3466792199997,,SIGNAL,atr_breakout,,
2016-06-28,US.ROST,BUY,12,7011.9744294600005,,SIGNAL,atr_breakout,,
2016-06-30,US.QQQ,BUY,125,13953.930980219999,,QQQ_BETA_FLOOR,core_etf,,
2016-07-12,US.ORLY,SELL,34,2577.2133461199996,1403.84,STRAT_EXIT,atr_breakout,2016-06-28,173.76
2016-07-12,US.PKX,BUY,35,5815.67014322,,SIGNAL,atr_breakout,,
2016-07-14,US.AMZN,SELL,111,5188.400000000001,62835.06,STRAT_EXIT,atr_breakout,2016-04-29,1088.41
2016-07-14,US.ASML,BUY,15,12086.80204158,,SIGNAL,atr_breakout,,
2016-07-19,US.PKX,SELL,35,5952.6852890400005,4587.19,STRAT_EXIT,atr_breakout,2016-07-12,411.89
2016-07-19,US.LPL,BUY,143,1725.3866470399998,,SIGNAL,atr_breakout,,
2016-08-16,US.XEL,SELL,8,4288.419489620001,-981.8,ATR_TRAIL,atr_breakout,2016-06-14,69.56
2016-08-16,US.CTAS,BUY,63,3556.74915694,,SIGNAL,atr_breakout,,
2016-08-17,US.AEP,SELL,48,6224.8202096497835,-12378.47,ATR_TRAIL,atr_breakout,2016-06-27,609.66
2016-08-18,US.SNPS,BUY,28,8190.0,,SIGNAL,atr_breakout,,
2016-09-09,US.ASML,SELL,15,11921.57622642,-2657.21,ATR_TRAIL,atr_breakout,2016-07-14,360.13
2016-09-09,US.LPL,SELL,143,1687.1618856399998,-5707.41,ATR_TRAIL,atr_breakout,2016-07-19,487.99
2016-09-12,US.AMD,SELL,143,809.4870563172415,34760.09,ATR_TRAIL,atr_breakout,2016-05-23,196.64
2016-09-12,US.FAST,BUY,71,1104.28673964,,SIGNAL,boll_mr,,
2016-09-12,US.NXPI,BUY,2,10227.094618860001,,SIGNAL,boll_mr,,
2016-09-14,US.AAPL,BUY,70,3581.5147501,,SIGNAL,atr_breakout,,
2016-09-29,US.NXPI,SELL,2,11761.158811689,3044.61,TAKE_PROFIT,boll_mr,2016-09-12,43.98
2016-09-29,US.NXPI,BUY,19,11856.57139996,,SIGNAL,atr_breakout,,
2016-10-03,US.AAPL,SELL,70,3605.5474607600004,1429.9,STRAT_EXIT,atr_breakout,2016-09-14,503.09
2016-10-03,US.NFLX,BUY,162,1436.82,,SIGNAL,atr_breakout,,
2016-10-11,US.CTAS,SELL,63,3441.2232750000003,-7494.93,ATR_TRAIL,atr_breakout,2016-08-16,440.87
2016-10-11,US.KB,BUY,12,4183.4190916,,SIGNAL,atr_breakout,,
2016-10-13,US.MELI,SELL,5,23466.12871228496,24949.64,ATR_TRAIL,atr_breakout,2016-05-18,209.59
2016-10-13,US.FAST,SELL,71,1039.99886018,-4638.28,STOP_LOSS,boll_mr,2016-09-12,152.24
2016-10-14,US.CSCO,BUY,6,3177.57079486,,SIGNAL,boll_mr,,
2016-10-17,US.KB,SELL,12,4102.03879358,-1025.79,STRAT_EXIT,atr_breakout,2016-10-11,99.43
2016-10-18,US.SHG,BUY,53,4629.99237918,,SIGNAL,atr_breakout,,
2016-10-18,US.KB,BUY,39,4247.10802054,,SIGNAL,atr_breakout,,
2016-10-26,US.IDXX,SELL,39,14933.800000000001,121284.78,ATR_TRAIL,atr_breakout,2016-04-29,1042.97
2016-10-26,US.MDLZ,BUY,12,4898.6354572400005,,SIGNAL,atr_breakout,,
2016-10-28,US.SHG,SELL,53,4532.2427974600005,-5420.94,STRAT_EXIT,atr_breakout,2016-10-18,485.6
2016-10-28,US.IDXX,BUY,1,14707.0,,SIGNAL,boll_mr,,
2016-10-31,US.AMAT,SELL,157,3663.14975516,129880.72,STRAT_EXIT,atr_breakout,2016-05-20,1019.77
2016-10-31,US.EXC,BUY,143,2377.8529599999997,,SIGNAL,atr_breakout,,
2016-11-01,US.EXC,SELL,143,2319.9674288,-8609.39,STRAT_EXIT,atr_breakout,2016-10-31,671.79
2016-11-01,US.LPL,BUY,19,1592.25902962,,SIGNAL,boll_mr,,
2016-11-03,US.MDLZ,SELL,12,4784.66225118,-1425.09,STRAT_EXIT,atr_breakout,2016-10-26,116.2
2016-11-03,US.TTWO,BUY,50,6760.599999999999,,SIGNAL,atr_breakout,,
2016-11-07,US.SNPS,SELL,28,8264.2,1846.2,STRAT_EXIT,atr_breakout,2016-08-18,460.72
2016-11-07,US.KB,SELL,39,4290.74673118,1534.57,STRAT_EXIT,atr_breakout,2016-10-18,332.98
2016-11-07,US.HON,BUY,6,12361.88525054,,SIGNAL,atr_breakout,,
2016-11-07,US.KLAC,BUY,85,897.20690094,,SIGNAL,atr_breakout,,
2016-11-09,US.LPL,SELL,19,1498.6742687,-1806.59,STOP_LOSS,boll_mr,2016-11-01,58.73
2016-11-09,US.GILD,BUY,43,7756.27886488,,SIGNAL,atr_breakout,,
2016-11-10,US.TTWO,SELL,50,6422.569999999999,-17222.63,STOP_LOSS,atr_breakout,2016-11-03,659.16
2016-11-10,US.PCAR,BUY,86,3870.94915382,,SIGNAL,atr_breakout,,
2016-11-15,US.ROST,SELL,12,8016.67098638,11960.16,STRAT_EXIT,atr_breakout,2016-06-28,180.34
2016-11-15,US.ADI,BUY,39,7964.183385060001,,SIGNAL,atr_breakout,,
2016-11-17,US.GILD,SELL,43,7470.62006642,-12604.56,STRAT_EXIT,atr_breakout,2016-11-09,654.76
2016-11-17,US.AMD,BUY,197,1184.4,,SIGNAL,atr_breakout,,
2016-11-29,US.NXPI,SELL,19,12193.3217112,6166.58,STRAT_EXIT,atr_breakout,2016-09-29,456.95
2016-11-29,US.IDXX,SELL,1,16913.05,2189.14,TAKE_PROFIT,boll_mr,2016-10-28,31.62
2016-11-29,US.PAYX,BUY,50,6215.790463400001,,SIGNAL,atr_breakout,,
2016-11-29,US.FAST,BUY,164,1285.11244414,,SIGNAL,atr_breakout,,
2016-12-01,US.KLAC,SELL,85,896.1074123953615,-169.63,ATR_TRAIL,atr_breakout,2016-11-07,152.43
2016-12-01,US.FANG,BUY,5,11869.314248960001,,SIGNAL,atr_breakout,,
2016-12-06,US.FANG,SELL,5,11275.848536512001,-3023.71,STOP_LOSS,atr_breakout,2016-12-01,115.73
2016-12-06,US.CTAS,BUY,15,3775.15946752,,SIGNAL,atr_breakout,,
2016-12-13,US.NFLX,SELL,162,1732.92,47687.47,STRAT_EXIT,atr_breakout,2016-10-03,513.5
2016-12-13,US.MSFT,BUY,55,7897.11652142,,SIGNAL,atr_breakout,,
2016-12-20,US.CSCO,SELL,6,3217.5799698,220.75,STRAT_EXIT,boll_mr,2016-10-14,38.37
2016-12-20,US.TSLA,BUY,255,1948.6871796,,SIGNAL,atr_breakout,,
2017-01-04,US.HON,SELL,6,13079.3988388,4226.61,STRAT_EXIT,atr_breakout,2016-11-07,152.65
2017-01-04,US.AMGN,BUY,19,16083.833052700002,,SIGNAL,atr_breakout,,
2017-01-18,US.PCAR,SELL,86,4329.6738743999995,39077.97,STRAT_EXIT,atr_breakout,2016-11-10,705.25
2017-01-18,US.AMD,SELL,197,1321.6643814533809,26780.72,ATR_TRAIL,atr_breakout,2016-11-17,493.69
2017-01-18,US.ASML,BUY,32,14709.43402838,,SIGNAL,atr_breakout,,
2017-01-18,US.TEAM,BUY,22,3808.0,,SIGNAL,atr_breakout,,
2017-01-25,US.AMGN,SELL,19,16213.2444131,2150.76,STRAT_EXIT,atr_breakout,2017-01-04,613.64
2017-01-25,US.KLAC,BUY,424,1014.3230398000001,,SIGNAL,atr_breakout,,
2017-01-30,US.PAYX,SELL,50,6405.08226848,9144.34,STRAT_EXIT,atr_breakout,2016-11-29,631.04
2017-01-30,US.EA,BUY,26,11390.83645868,,SIGNAL,atr_breakout,,
2017-01-31,US.CTAS,SELL,15,3702.14329198,-1150.77,STRAT_EXIT,atr_breakout,2016-12-06,112.16
2017-01-31,US.WF,BUY,20,3865.9854324,,SIGNAL,atr_breakout,,
2017-02-02,US.EA,SELL,26,11210.1373594,-4989.64,STRAT_EXIT,atr_breakout,2017-01-30,587.63
2017-02-02,US.SNPS,BUY,44,8985.2,,SIGNAL,atr_breakout,,
2017-02-03,US.MSFT,SELL,55,7984.89012524,4388.38,STRAT_EXIT,atr_breakout,2016-12-13,873.51
2017-02-03,US.FTNT,BUY,389,1056.1599999999999,,SIGNAL,atr_breakout,,
2017-02-24,US.NVDA,SELL,2981,343.4122387545529,604502.01,ATR_TRAIL,atr_breakout,2016-05-13,1441.9
2017-02-24,US.INTU,BUY,31,16731.01824576,,SIGNAL,atr_breakout,,
2017-02-27,US.TSLA,SELL,255,2295.065443280277,87741.22,ATR_TRAIL,atr_breakout,2016-12-20,1082.16
2017-02-27,US.AMD,BUY,256,2128.0,,SIGNAL,atr_breakout,,
2017-02-28,US.AMD,SELL,256,2021.6,-27755.93,STOP_LOSS,atr_breakout,2017-02-27,1062.3
2017-02-28,US.BKNG,BUY,57,9454.299406439999,,SIGNAL,atr_breakout,,
2017-03-13,US.FAST,SELL,164,1414.14172172,20928.88,STRAT_EXIT,atr_breakout,2016-11-29,442.68
2017-03-13,US.ALGN,BUY,31,15118.599999999999,,SIGNAL,atr_breakout,,
2017-03-21,US.INTU,SELL,31,15821.34019718,-28690.48,STOP_LOSS,atr_breakout,2017-02-24,1009.12
2017-03-21,US.PEP,BUY,9,11768.751220659999,,SIGNAL,atr_breakout,,
2017-03-27,US.FTNT,SELL,389,1003.3519999999999,-20932.62,STOP_LOSS,atr_breakout,2017-02-03,801.15
2017-03-27,US.TSLA,BUY,160,2522.0281127999997,,SIGNAL,atr_breakout,,
2017-04-07,US.SNPS,SELL,44,10004.4,44404.61,STRAT_EXIT,atr_breakout,2017-02-02,835.54
2017-04-11,US.ADI,SELL,39,9084.926175625838,43354.66,ATR_TRAIL,atr_breakout,2016-11-15,664.92
2017-04-17,US.QCOM,BUY,9,5719.750370459999,,SIGNAL,boll_mr,,
2017-04-17,US.XEL,BUY,28,4759.745100880001,,SIGNAL,atr_breakout,,
2017-05-08,US.ASML,SELL,32,16207.374062879999,47415.45,STRAT_EXIT,atr_breakout,2017-01-18,989.34
2017-05-08,US.AAPL,BUY,138,4949.53207336,,SIGNAL,atr_breakout,,
2017-06-09,US.KLAC,SELL,424,1222.0044509677023,87538.79,ATR_TRAIL,atr_breakout,2017-01-25,948.2
2017-06-09,US.AMGN,BUY,27,17505.8588929,,SIGNAL,atr_breakout,,
2017-06-12,US.TEAM,SELL,22,4720.9730864280145,19981.55,ATR_TRAIL,atr_breakout,2017-01-18,187.64
2017-06-12,US.AAPL,SELL,138,4702.055469692,-34800.65,STOP_LOSS,atr_breakout,2017-05-08,1331.92
2017-06-12,US.FTNT,BUY,60,1048.04,,SIGNAL,boll_mr,,
2017-06-13,US.QCOM,SELL,9,6283.90026558,5020.79,STRAT_EXIT,boll_mr,2017-04-17,108.03
2017-06-13,US.PAYX,BUY,82,6423.67694374,,SIGNAL,atr_breakout,,
2017-06-13,US.LPL,BUY,61,2210.42881192,,SIGNAL,atr_breakout,,
2017-06-20,US.PAYX,SELL,82,6370.597478,-4874.91,STRAT_EXIT,atr_breakout,2017-06-13,1049.13
2017-06-20,US.REGN,BUY,7,68778.13201784,,SIGNAL,atr_breakout,,
2017-06-30,US.BKNG,SELL,57,10257.0317353,45171.09,STRAT_EXIT,atr_breakout,2017-02-28,1123.55
2017-06-30,US.VRSK,BUY,13,11229.9743437,,SIGNAL,atr_breakout,,
2017-07-05,US.XEL,SELL,28,4842.06277668852,2169.32,ATR_TRAIL,atr_breakout,2017-04-17,268.85
2017-07-06,US.TSLA,SELL,160,2882.3845091999997,57195.84,ATR_TRAIL,atr_breakout,2017-03-27,864.71
2017-07-07,US.ADP,BUY,48,12103.9818221,,SIGNAL,atr_breakout,,
2017-07-07,US.BKNG,BUY,47,10520.13097128,,SIGNAL,atr_breakout,,
2017-07-10,US.LPL,SELL,61,2099.907371324,-6869.9,STOP_LOSS,atr_breakout,2017-06-13,262.93
2017-07-10,US.PKX,BUY,54,8255.32240358,,SIGNAL,atr_breakout,,
2017-07-11,US.PEP,SELL,9,11940.017638815098,1433.94,ATR_TRAIL,atr_breakout,2017-03-21,213.38
2017-07-11,US.VRSK,SELL,13,11111.51189064,-1684.46,STRAT_EXIT,atr_breakout,2017-06-30,290.44
2017-07-11,US.ASX,BUY,931,601.19894226,,SIGNAL,atr_breakout,,
2017-07-11,US.TTWO,BUY,9,10626.0,,SIGNAL,atr_breakout,,
2017-07-25,US.ADP,SELL,48,11878.34168164,-11400.89,STRAT_EXIT,atr_breakout,2017-07-07,1151.15
2017-07-25,US.CDNS,BUY,105,5129.6,,SIGNAL,atr_breakout,,
2017-08-02,US.REGN,SELL,7,65339.225416948,-24529.72,STOP_LOSS,atr_breakout,2017-06-20,938.82
2017-08-02,US.AAPL,BUY,103,5104.10964028,,SIGNAL,atr_breakout,,
2017-08-09,US.WF,SELL,20,5556.459668396645,33698.36,ATR_TRAIL,atr_breakout,2017-01-31,188.45
2017-08-09,US.BKNG,SELL,47,10455.973800299998,-3506.82,ATR_TRAIL,atr_breakout,2017-07-07,985.88
2017-08-10,US.XEL,BUY,23,5175.11352988,,SIGNAL,atr_breakout,,
2017-08-11,US.SPY,BUY,5,29703.87172326,,SIGNAL,boll_mr,,
2017-08-16,US.SPY,SELL,5,30047.00181602,1565.42,STRAT_EXIT,boll_mr,2017-08-11,298.75
2017-08-16,US.AEP,BUY,54,7179.145274840001,,SIGNAL,atr_breakout,,
2017-08-18,US.AMGN,SELL,27,17895.0200342346,10024.19,ATR_TRAIL,atr_breakout,2017-06-09,955.82
2017-08-18,US.ASX,SELL,931,576.80190232,-23250.65,ATR_TRAIL,atr_breakout,2017-07-11,1096.72
2017-08-18,US.ROST,BUY,85,7549.38443602,,SIGNAL,atr_breakout,,
2017-08-22,US.MNST,BUY,132,3876.6000000000004,,SIGNAL,atr_breakout,,
2017-08-29,US.FTNT,SELL,60,1046.0800000000002,-180.36,STRAT_EXIT,boll_mr,2017-06-12,125.65
2017-08-29,US.MU,BUY,22,4298.28578298,,SIGNAL,atr_breakout,,
2017-09-07,US.AAPL,SELL,103,5258.5016351,15360.75,STRAT_EXIT,atr_breakout,2017-08-02,1067.35
2017-09-07,US.ASML,BUY,25,19855.78622986,,SIGNAL,atr_breakout,,
2017-09-15,US.PKX,SELL,54,8734.43713436,25400.54,ATR_TRAIL,atr_breakout,2017-07-10,917.45
2017-09-15,US.NVDA,BUY,819,622.20903262,,SIGNAL,atr_breakout,,
2017-09-21,US.NVDA,SELL,819,624.45452622,1327.63,STRAT_EXIT,atr_breakout,2017-09-15,1021.02
2017-09-21,US.HON,BUY,31,16302.89087546,,SIGNAL,atr_breakout,,
2017-09-22,US.XEL,SELL,23,5081.45779806,-2270.96,ATR_TRAIL,atr_breakout,2017-08-10,235.9
2017-09-22,US.AEP,SELL,54,7024.89407186,-8708.91,ATR_TRAIL,atr_breakout,2017-08-16,767.02
2017-09-22,US.CSCO,BUY,140,3607.8683137,,SIGNAL,atr_breakout,,
2017-09-22,US.PAYX,BUY,63,6396.17353158,,SIGNAL,atr_breakout,,
2017-09-27,US.HON,SELL,31,16143.7084837,-5435.11,STRAT_EXIT,atr_breakout,2017-09-21,1005.84
2017-09-27,US.CTAS,BUY,92,4591.7290111,,SIGNAL,atr_breakout,,
2017-10-19,US.MNST,SELL,132,3919.3,5119.05,STRAT_EXIT,atr_breakout,2017-08-22,1029.06
2017-10-19,US.ADBE,BUY,18,24042.199999999997,,SIGNAL,atr_breakout,,
2017-11-08,US.ROST,SELL,85,8195.17730598,54195.8,STRAT_EXIT,atr_breakout,2017-08-18,1338.29
2017-11-08,US.COST,BUY,23,21082.66259904,,SIGNAL,atr_breakout,,
2017-11-24,US.CTAS,SELL,92,4761.25839112,15158.67,STRAT_EXIT,atr_breakout,2017-09-27,860.47
2017-11-24,US.OKTA,BUY,111,4379.2,,SIGNAL,atr_breakout,,
2017-11-29,US.OKTA,SELL,111,4117.4,-29516.83,STOP_LOSS,atr_breakout,2017-11-24,943.12
2017-11-29,US.ORLY,BUY,218,2205.6533443,,SIGNAL,atr_breakout,,
2017-11-30,US.MU,SELL,22,5787.93946458,32645.05,ATR_TRAIL,atr_breakout,2017-08-29,221.9
2017-11-30,US.HON,BUY,22,18264.64390058,,SIGNAL,atr_breakout,,
2017-12-04,US.ALGN,SELL,31,31612.0,510315.43,ATR_TRAIL,atr_breakout,2017-03-13,1448.65
2017-12-04,US.TTWO,SELL,9,14295.4,32895.94,ATR_TRAIL,atr_breakout,2017-07-11,224.29
2017-12-04,US.ASML,SELL,25,20975.83157432,27476.74,ATR_TRAIL,atr_breakout,2017-09-07,1020.79
2017-12-04,US.ADBE,SELL,18,23581.6,-8715.27,ATR_TRAIL,atr_breakout,2017-10-19,857.23
2017-12-04,US.CMCSA,BUY,178,4161.0424406600005,,SIGNAL,atr_breakout,,
2017-12-04,US.FAST,BUY,384,1542.17080528,,SIGNAL,atr_breakout,,
2017-12-04,US.PKX,BUY,48,9881.18890388,,SIGNAL,atr_breakout,,
2017-12-04,US.SBUX,BUY,41,6824.65347354,,SIGNAL,atr_breakout,,
2017-12-07,US.CMCSA,SELL,178,3910.2653293199996,-45334.35,STOP_LOSS,atr_breakout,2017-12-04,1436.69
2017-12-07,US.PKX,SELL,48,9610.41964372,-13458.22,STRAT_EXIT,atr_breakout,2017-12-04,935.6
2017-12-07,US.CPRT,BUY,81,1535.8000000000002,,SIGNAL,atr_breakout,,
2017-12-08,US.DXCM,BUY,55,2153.55,,SIGNAL,atr_breakout,,
2017-12-11,US.DXCM,SELL,55,2045.75,-6041.52,STOP_LOSS,atr_breakout,2017-12-08,230.96
2017-12-11,US.MELI,BUY,9,40412.988064959995,,SIGNAL,atr_breakout,,
2017-12-22,US.CDNS,SELL,105,5875.753050860676,77729.12,ATR_TRAIL,atr_breakout,2017-07-25,1155.56
2017-12-22,US.FANG,BUY,9,13425.238330979999,,SIGNAL,atr_breakout,,
2018-01-17,US.FAST,SELL,384,1465.0622650159999,-30172.26,STOP_LOSS,atr_breakout,2017-12-04,1154.78
2018-01-17,US.ADI,BUY,58,11469.50230622,,SIGNAL,atr_breakout,,
2018-01-26,US.SBUX,SELL,41,6662.787711114023,-6909.67,ATR_TRAIL,atr_breakout,2017-12-04,552.99
2018-01-26,US.GILD,BUY,67,8749.339162060001,,SIGNAL,atr_breakout,,
2018-02-01,US.GILD,SELL,67,8311.872203957,-29867.18,STOP_LOSS,atr_breakout,2018-01-26,1143.1
2018-02-01,US.IDXX,BUY,21,27153.0,,SIGNAL,atr_breakout,,
2018-02-02,US.ADI,SELL,58,10694.227796419998,-45586.19,STOP_LOSS,atr_breakout,2018-01-17,1285.5
2018-02-02,US.REGN,BUY,1,48301.45762162,,SIGNAL,boll_mr,,
2018-02-05,US.CSCO,SELL,140,4260.5539718,90779.51,ATR_TRAIL,atr_breakout,2017-09-22,1101.58
2018-02-05,US.PAYX,SELL,63,7011.9186911199995,38350.19,ATR_TRAIL,atr_breakout,2017-09-22,844.71
2018-02-05,US.COST,SELL,23,22861.35642658,40384.15,ATR_TRAIL,atr_breakout,2017-11-08,1010.71
2018-02-05,US.HON,SELL,22,17351.411705550996,-20472.84,STOP_LOSS,atr_breakout,2017-11-30,783.55
2018-02-05,US.CPRT,SELL,81,1459.0100000000002,-6338.17,STOP_LOSS,atr_breakout,2017-12-07,242.58
2018-02-05,US.IDXX,SELL,21,25254.6,-40396.75,STOP_LOSS,atr_breakout,2018-02-01,1100.56
2018-02-06,US.ORLY,SELL,218,2287.590805464682,17363.67,ATR_TRAIL,atr_breakout,2017-11-29,979.53
2018-02-06,US.FANG,SELL,9,12753.976414430997,-6156.14,STOP_LOSS,atr_breakout,2017-12-22,235.61
2018-02-06,US.REGN,SELL,1,45886.384740539,-2460.96,STOP_LOSS,boll_mr,2018-02-02,94.19
2018-02-06,US.FTNT,BUY,212,1303.12,,SIGNAL,atr_breakout,,
2018-02-09,US.MELI,SELL,9,46584.1623572425,55121.31,ATR_TRAIL,atr_breakout,2017-12-11,782.97
2018-02-13,US.OKTA,BUY,64,4419.8,,SIGNAL,atr_breakout,,
2018-02-15,US.CSCO,BUY,248,4842.837005580001,,SIGNAL,atr_breakout,,
2018-02-15,US.WDAY,BUY,41,17403.4,,SIGNAL,atr_breakout,,
2018-02-16,US.CPRT,BUY,113,1626.45,,SIGNAL,atr_breakout,,
2018-02-16,US.INTU,BUY,7,22679.4440726,,SIGNAL,atr_breakout,,
2018-02-16,US.PANW,BUY,44,3781.82882518,,SIGNAL,atr_breakout,,
2018-02-20,US.NXPI,BUY,46,15488.04728436,,SIGNAL,atr_breakout,,
2018-02-21,US.TEAM,BUY,16,7763.0,,SIGNAL,atr_breakout,,
2018-02-22,US.TEAM,SELL,16,7337.4,-6927.0,STOP_LOSS,atr_breakout,2018-02-21,241.61
2018-02-23,US.TTD,BUY,686,839.16,,SIGNAL,atr_breakout,,
2018-02-23,US.ADBE,BUY,11,29363.600000000002,,SIGNAL,atr_breakout,,
2018-02-26,US.TTD,SELL,686,797.2019999999999,-29330.07,STOP_LOSS,atr_breakout,2018-02-23,1122.54
2018-02-26,US.AAPL,BUY,85,5880.86205182,,SIGNAL,atr_breakout,,
2018-03-02,US.INTU,SELL,7,21545.47186897,-8088.62,STOP_LOSS,atr_breakout,2018-02-16,309.57
2018-03-02,US.NFLX,BUY,23,4214.7,,SIGNAL,atr_breakout,,
2018-03-05,US.ADBE,SELL,11,29562.399999999998,1861.61,STRAT_EXIT,atr_breakout,2018-02-23,648.19
2018-03-05,US.AAPL,SELL,85,5810.21415884,-6498.94,STRAT_EXIT,atr_breakout,2018-02-26,993.74
2018-03-05,US.MU,BUY,81,7104.18708048,,SIGNAL,atr_breakout,,
2018-03-05,US.VRTX,BUY,14,24242.399999999998,,SIGNAL,atr_breakout,,
2018-03-23,US.VRTX,SELL,14,22530.2,-24286.22,STOP_LOSS,atr_breakout,2018-03-05,654.82
2018-03-26,US.FANG,BUY,7,14384.562434480002,,SIGNAL,atr_breakout,,
2018-03-28,US.CSCO,SELL,248,4576.96437506,-67071.5,STOP_LOSS,atr_breakout,2018-02-15,2336.11
2018-03-28,US.NXPI,SELL,46,14340.87589424,-53429.56,STOP_LOSS,atr_breakout,2018-02-20,1372.13
2018-03-28,US.NFLX,SELL,23,4000.78,-5012.18,STOP_LOSS,atr_breakout,2018-03-02,188.96
2018-03-28,US.FANG,SELL,7,13457.721088420001,-6582.09,STOP_LOSS,atr_breakout,2018-03-26,194.9
2018-03-28,US.DXCM,BUY,73,2564.8,,SIGNAL,atr_breakout,,
2018-04-02,US.KEP,BUY,86,2084.49673474,,SIGNAL,atr_breakout,,
2018-04-04,US.MU,SELL,81,6748.977726456,-29318.62,STOP_LOSS,atr_breakout,2018-03-05,1122.11
2018-04-04,US.DXCM,SELL,73,2436.56,-9539.39,STOP_LOSS,atr_breakout,2018-03-28,365.1
2018-04-05,US.ROST,BUY,66,10296.64125896,,SIGNAL,atr_breakout,,
2018-04-06,US.ROST,SELL,66,9996.084707420001,-20496.47,STRAT_EXIT,atr_breakout,2018-04-05,1339.32
2018-04-10,US.VRSK,BUY,14,14171.57008862,,SIGNAL,atr_breakout,,
2018-04-12,US.BKR,BUY,52,3679.9199688999997,,SIGNAL,atr_breakout,,
2018-04-13,US.PANW,SELL,44,4372.15625168,25782.03,STRAT_EXIT,atr_breakout,2018-02-16,358.78
2018-04-13,US.VRSK,SELL,14,14031.81101476,-2153.07,STRAT_EXIT,atr_breakout,2018-04-10,394.85
2018-04-13,US.ASX,BUY,280,724.5183566599999,,SIGNAL,atr_breakout,,
2018-04-16,US.COST,BUY,35,24403.71122406,,SIGNAL,atr_breakout,,
2018-04-16,US.PCAR,BUY,32,4717.82237948,,SIGNAL,atr_breakout,,
2018-04-17,US.NFLX,BUY,140,4704.84,,SIGNAL,atr_breakout,,
2018-04-20,US.PCAR,SELL,32,4693.9030388599995,-915.62,STRAT_EXIT,atr_breakout,2018-04-16,301.18
2018-04-20,US.HON,BUY,7,17686.8831251,,SIGNAL,atr_breakout,,
2018-04-23,US.COST,SELL,35,24249.447862920002,-6247.95,STRAT_EXIT,atr_breakout,2018-04-16,1702.86
2018-04-23,US.NFLX,SELL,140,4461.66,-34669.83,STOP_LOSS,atr_breakout,2018-04-17,1283.31
2018-04-23,US.WF,BUY,166,4971.3608399,,SIGNAL,atr_breakout,,
2018-04-23,US.PEP,BUY,17,11108.857653179999,,SIGNAL,boll_mr,,
2018-04-24,US.HON,SELL,7,17269.36855028,-3043.49,STRAT_EXIT,atr_breakout,2018-04-20,244.69
2018-04-24,US.CDNS,BUY,115,5612.6,,SIGNAL,atr_breakout,,
2018-05-01,US.ASX,SELL,280,524.7890662,-56071.14,STOP_LOSS,atr_breakout,2018-04-13,349.81
2018-05-01,US.TTWO,BUY,8,14602.0,,SIGNAL,atr_breakout,,
2018-05-02,US.PEP,SELL,17,10529.48166914,-10028.39,STOP_LOSS,boll_mr,2018-04-23,367.85
2018-05-02,US.ADP,BUY,29,14281.684777780001,,SIGNAL,atr_breakout,,
2018-05-03,US.TTWO,SELL,8,13871.9,-5951.78,STOP_LOSS,atr_breakout,2018-05-01,227.79
2018-05-03,US.DXCM,BUY,170,2933.35,,SIGNAL,atr_breakout,,
2018-05-07,US.WF,SELL,166,4896.68860156,-13208.44,STRAT_EXIT,atr_breakout,2018-04-23,1638.1
2018-05-07,US.NVDA,BUY,654,860.2224912400001,,SIGNAL,atr_breakout,,
2018-05-14,US.WDAY,SELL,41,18754.4,54622.07,STRAT_EXIT,atr_breakout,2018-02-15,1482.47
2018-05-14,US.UMC,BUY,2589,233.3119327,,SIGNAL,atr_breakout,,
2018-05-22,US.UMC,SELL,2589,231.27958028,-5860.54,STRAT_EXIT,atr_breakout,2018-05-14,1202.83
2018-05-22,US.MU,BUY,74,8059.96854432,,SIGNAL,atr_breakout,,
2018-05-29,US.KEP,SELL,86,2099.2518596,1088.41,ATR_TRAIL,atr_breakout,2018-04-02,359.8
2018-05-29,US.ALGN,BUY,2,45665.200000000004,,SIGNAL,atr_breakout,,
2018-06-11,US.NVDA,SELL,654,902.0823118999999,26786.36,STRAT_EXIT,atr_breakout,2018-05-07,1152.55
2018-06-11,US.MDLZ,BUY,101,4569.9540578999995,,SIGNAL,atr_breakout,,
2018-06-18,US.MDLZ,SELL,101,4564.146702360001,-1047.52,STRAT_EXIT,atr_breakout,2018-06-11,922.54
2018-06-18,US.GOOG,BUY,75,8142.430181340001,,SIGNAL,atr_breakout,,
2018-06-25,US.MU,SELL,74,7258.47751678,-59847.46,STOP_LOSS,atr_breakout,2018-05-22,1133.57
2018-06-25,US.GOOG,SELL,75,7735.308672273,-31114.26,STOP_LOSS,atr_breakout,2018-06-18,1190.83
2018-06-25,US.AEP,BUY,76,7063.34086472,,SIGNAL,atr_breakout,,
2018-06-25,US.PEP,BUY,11,11911.519798500001,,SIGNAL,atr_breakout,,
2018-06-28,US.OKTA,SELL,64,6664.421745110042,143229.27,ATR_TRAIL,atr_breakout,2018-02-13,709.39
2018-06-28,US.SNPS,BUY,5,11898.599999999999,,SIGNAL,boll_mr,,
2018-07-16,US.CPRT,SELL,113,2045.05,47070.71,STRAT_EXIT,atr_breakout,2018-02-16,414.88
2018-07-16,US.MELI,BUY,14,48055.0,,SIGNAL,atr_breakout,,
2018-07-19,US.ADP,SELL,29,16118.48399644,52799.74,STRAT_EXIT,atr_breakout,2018-05-02,881.6
2018-07-19,US.ORLY,BUY,237,2792.81334724,,SIGNAL,atr_breakout,,
2018-07-20,US.BKR,SELL,52,3580.995340467881,-5330.29,ATR_TRAIL,atr_breakout,2018-04-12,377.57
2018-07-20,US.HON,BUY,31,18102.78968764,,SIGNAL,atr_breakout,,
2018-07-24,US.FTNT,SELL,212,1869.0,119570.33,STRAT_EXIT,atr_breakout,2018-02-06,672.49
2018-07-24,US.GOOGL,BUY,61,8729.64201928,,SIGNAL,atr_breakout,,
2018-07-30,US.GOOGL,SELL,61,8534.60149374,-12418.08,STRAT_EXIT,atr_breakout,2018-07-24,1053.12
2018-07-31,US.KLAC,BUY,364,1463.96516322,,SIGNAL,atr_breakout,,
2018-08-02,US.AEP,SELL,76,7222.933971820001,11580.13,STRAT_EXIT,atr_breakout,2018-06-25,1085.76
2018-08-02,US.AAPL,BUY,78,6841.0069644,,SIGNAL,atr_breakout,,
2018-08-15,US.SNPS,SELL,5,12969.6,5290.15,STRAT_EXIT,boll_mr,2018-06-28,124.34
2018-08-15,US.EXC,BUY,30,3292.2261273999998,,SIGNAL,atr_breakout,,
2018-08-16,US.CDNS,SELL,115,6351.799999999999,84277.54,STRAT_EXIT,atr_breakout,2018-04-24,1375.91
2018-08-16,US.CSCO,BUY,112,5040.3571883,,SIGNAL,atr_breakout,,
2018-08-17,US.MELI,SELL,14,45388.0,-37973.43,STOP_LOSS,atr_breakout,2018-07-16,1308.2
2018-08-17,US.KLAC,SELL,364,1390.766905059,-27150.41,STOP_LOSS,atr_breakout,2018-07-31,1039.12
2018-08-17,US.PCAR,BUY,111,4593.62263248,,SIGNAL,atr_breakout,,
2018-08-17,US.PAYX,BUY,16,7995.319532900001,,SIGNAL,atr_breakout,,
2018-08-28,US.PAYX,SELL,16,8003.0583654,-4.23,STRAT_EXIT,atr_breakout,2018-08-17,255.97
2018-08-28,US.QCOM,BUY,73,7918.59583536,,SIGNAL,atr_breakout,,
2018-09-05,US.ALGN,SELL,2,52207.4,12979.99,STRAT_EXIT,atr_breakout,2018-05-29,195.75
2018-09-05,US.XEL,BUY,89,5417.26910172,,SIGNAL,atr_breakout,,
2018-09-07,US.XEL,SELL,89,5350.21280808,-6444.18,STRAT_EXIT,atr_breakout,2018-09-05,958.31
2018-09-07,US.AVGO,BUY,184,2627.69561908,,SIGNAL,atr_breakout,,
2018-09-18,US.PEP,SELL,11,12559.85855166,6993.57,STRAT_EXIT,atr_breakout,2018-06-25,269.19
2018-09-18,US.CMCSA,BUY,105,3955.35761348,,SIGNAL,atr_breakout,,
2018-09-24,US.CMCSA,SELL,105,3734.21811784,-23611.74,STOP_LOSS,atr_breakout,2018-09-18,807.41
2018-09-24,US.FANG,BUY,28,14372.66618998,,SIGNAL,atr_breakout,,
2018-10-08,US.DXCM,SELL,170,4289.950834438663,229892.85,ATR_TRAIL,atr_breakout,2018-05-03,1227.96
2018-10-08,US.SHG,BUY,22,4849.3329038,,SIGNAL,atr_breakout,,
2018-10-10,US.HON,SELL,31,18635.8435151,15946.96,ATR_TRAIL,atr_breakout,2018-07-20,1138.9
2018-10-10,US.EXC,SELL,30,3286.8527671,-259.81,STRAT_EXIT,atr_breakout,2018-08-15,197.37
2018-10-10,US.PCAR,SELL,111,4358.69928186,-26560.31,STOP_LOSS,atr_breakout,2018-08-17,993.71
2018-10-10,US.QCOM,SELL,73,7641.43548714,-20790.53,ATR_TRAIL,atr_breakout,2018-08-28,1135.88
2018-10-10,US.SHG,SELL,22,4749.199186059999,-2307.42,STRAT_EXIT,atr_breakout,2018-10-08,211.17
2018-10-11,US.QQQ,SELL,125,22515.56459768,1067389.76,MA200_BREAK,core_etf,2016-06-30,4558.69
2018-10-11,US.CSCO,SELL,112,4957.57427102,-9826.94,ATR_TRAIL,atr_breakout,2018-08-16,1119.77
2018-10-11,US.FANG,SELL,28,13479.81114788,-25377.38,STOP_LOSS,atr_breakout,2018-09-24,779.87
2018-10-12,US.PAYX,BUY,18,7546.467247199999,,SIGNAL,boll_mr,,
2018-10-12,US.SPY,BUY,4,34359.40602724,,SIGNAL,boll_mr,,
2018-10-12,US.QQQ,BUY,75,23145.02664404,,QQQ_BETA_FLOOR,core_etf,,
2018-10-16,US.KDP,BUY,94,2766.7797364199996,,SIGNAL,atr_breakout,,
2018-10-23,US.AVGO,SELL,184,2496.310838126,-24634.12,STOP_LOSS,atr_breakout,2018-09-07,942.82
2018-10-23,US.KDP,SELL,94,2749.4077415,-1891.41,STRAT_EXIT,atr_breakout,2018-10-16,518.52
2018-10-23,US.CDNS,BUY,191,6559.0,,SIGNAL,atr_breakout,,
2018-10-24,US.PAYX,SELL,18,7093.19277142,-8286.62,STOP_LOSS,boll_mr,2018-10-12,263.51
2018-10-24,US.QQQ,SELL,75,21947.44842878,-91464.42,MA200_BREAK,core_etf,2018-10-12,3381.94
2018-10-24,US.AEP,BUY,173,7849.97037244,,SIGNAL,atr_breakout,,
2018-10-24,US.XEL,BUY,146,5568.547931519999,,SIGNAL,atr_breakout,,
2018-10-24,US.PEP,BUY,16,12447.461151020001,,SIGNAL,atr_breakout,,
2018-10-24,US.EXC,BUY,59,3360.5445643,,SIGNAL,atr_breakout,,
2018-10-25,US.ORLY,SELL,237,2966.720253488137,40512.82,ATR_TRAIL,atr_breakout,2018-07-19,1365.01
2018-10-26,US.AEP,SELL,173,7538.99697068,-55102.64,STRAT_EXIT,atr_breakout,2018-10-24,2662.29
2018-10-26,US.XEL,SELL,146,5374.65698686,-29092.78,STRAT_EXIT,atr_breakout,2018-10-24,1597.71
2018-10-26,US.PEP,SELL,16,12170.875390660001,-4620.11,STRAT_EXIT,atr_breakout,2018-10-24,393.89
2018-10-26,US.EXC,SELL,59,3291.45850446,-4270.27,STRAT_EXIT,atr_breakout,2018-10-24,392.47
2018-10-26,US.TSLA,BUY,359,3088.369116,,SIGNAL,atr_breakout,,
2018-10-29,US.AAPL,SELL,78,6953.962640196065,8268.13,ATR_TRAIL,atr_breakout,2018-08-02,1076.01
2018-10-29,US.SPY,SELL,4,32641.435725878,-7002.45,STOP_LOSS,boll_mr,2018-10-12,268.0
2018-10-29,US.CDNS,SELL,191,6188.0,-72042.91,STOP_LOSS,atr_breakout,2018-10-23,2434.68
2018-10-29,US.KDP,BUY,130,2810.7887904599997,,SIGNAL,atr_breakout,,
2018-10-30,US.CMCSA,BUY,391,3973.46792906,,SIGNAL,atr_breakout,,
2018-11-01,US.ON,BUY,108,2576.0,,SIGNAL,atr_breakout,,
2018-11-01,US.QQQ,BUY,76,22843.631681220002,,QQQ_BETA_FLOOR,core_etf,,
2018-11-02,US.QQQ,SELL,76,22486.225265,-28871.84,MA200_BREAK,core_etf,2018-11-01,3445.07
2018-11-02,US.SBUX,BUY,155,7602.77663768,,SIGNAL,atr_breakout,,
2018-11-02,US.MELI,BUY,4,49614.6,,SIGNAL,atr_breakout,,
2018-11-02,US.ZS,BUY,37,5518.8,,SIGNAL,atr_breakout,,
2018-11-05,US.ON,SELL,108,2447.2,-14174.7,STOP_LOSS,atr_breakout,2018-11-01,542.51
2018-11-05,US.COST,BUY,23,29563.04711276,,SIGNAL,atr_breakout,,
2018-11-05,US.PEP,BUY,14,12605.03789888,,SIGNAL,atr_breakout,,
2018-11-05,US.ROST,BUY,12,13145.276602920001,,SIGNAL,atr_breakout,,
2018-11-06,US.MELI,SELL,4,47066.6,-10380.27,STOP_LOSS,atr_breakout,2018-11-02,386.72
2018-11-06,US.BKNG,BUY,52,10689.900715759999,,SIGNAL,atr_breakout,,
2018-11-06,US.MDLZ,BUY,28,5001.8730088600005,,SIGNAL,atr_breakout,,
2018-11-07,US.QQQ,BUY,22,23313.061003820003,,QQQ_BETA_FLOOR,core_etf,,
2018-11-09,US.QQQ,SELL,22,22771.616955499998,-12412.74,MA200_BREAK,core_etf,2018-11-07,1013.86
2018-11-12,US.CMCSA,SELL,391,4004.0249617199997,10382.23,STRAT_EXIT,atr_breakout,2018-10-30,3119.2
2018-11-12,US.XEL,BUY,122,5662.72353332,,SIGNAL,atr_breakout,,
2018-11-14,US.COST,SELL,23,29489.2263484,-2376.13,STRAT_EXIT,atr_breakout,2018-11-05,1358.2
2018-11-14,US.BKNG,SELL,52,10354.91254742,-17957.84,STRAT_EXIT,atr_breakout,2018-11-06,1094.33
2018-11-14,US.MDLZ,SELL,28,5038.29188912,878.66,STRAT_EXIT,atr_breakout,2018-11-06,281.12
2018-11-14,US.FAST,BUY,491,1615.36470508,,SIGNAL,atr_breakout,,
2018-11-14,US.KEP,BUY,119,1691.47386254,,SIGNAL,atr_breakout,,
2018-11-15,US.ROST,SELL,12,12488.012772774,-8037.02,STOP_LOSS,atr_breakout,2018-11-05,307.6
2018-11-16,US.CTAS,BUY,33,5972.734347019999,,SIGNAL,atr_breakout,,
2018-11-16,US.KLAC,BUY,156,1224.1327501199999,,SIGNAL,atr_breakout,,
2018-11-19,US.ZS,SELL,37,4634.0,-32909.06,STOP_LOSS,atr_breakout,2018-11-02,375.65
2018-11-19,US.KEP,SELL,119,1640.5016129599999,-6260.92,STRAT_EXIT,atr_breakout,2018-11-14,396.51
2018-11-19,US.KLAC,SELL,156,1162.9261126139997,-9729.65,STOP_LOSS,atr_breakout,2018-11-16,372.38
2018-11-20,US.PDD,BUY,64,3239.6,,SIGNAL,atr_breakout,,
2018-11-20,US.AEP,BUY,24,8176.4079467,,SIGNAL,atr_breakout,,
2018-11-21,US.XEL,SELL,122,5622.83739612,-5552.09,STRAT_EXIT,atr_breakout,2018-11-12,1376.84
2018-11-26,US.PDD,SELL,64,2970.7999999999997,-17393.33,STOP_LOSS,atr_breakout,2018-11-20,397.47
2018-11-26,US.KEP,BUY,440,1730.3737372599999,,SIGNAL,atr_breakout,,
2018-11-28,US.PAYX,BUY,109,7901.2662082199995,,SIGNAL,atr_breakout,,
2018-11-28,US.AMGN,BUY,23,22425.32244652,,SIGNAL,atr_breakout,,
2018-12-03,US.QQQ,BUY,21,22879.63904394,,QQQ_BETA_FLOOR,core_etf,,
2018-12-04,US.PAYX,SELL,109,7728.40858482,-19683.88,STRAT_EXIT,atr_breakout,2018-11-28,1703.63
2018-12-04,US.AMGN,SELL,23,22017.83222632,-9878.69,STRAT_EXIT,atr_breakout,2018-11-28,1022.19
2018-12-04,US.QQQ,SELL,21,21998.12545784,-18973.75,MA200_BREAK,core_etf,2018-12-03,942.43
2018-12-04,US.EXC,BUY,89,3574.3648929799997,,SIGNAL,atr_breakout,,
2018-12-06,US.CTAS,SELL,33,5674.097629669,-10042.26,STOP_LOSS,atr_breakout,2018-11-16,384.35
2018-12-06,US.ZS,BUY,15,6017.2,,SIGNAL,atr_breakout,,
2018-12-06,US.OKTA,BUY,9,9373.0,,SIGNAL,atr_breakout,,
2018-12-07,US.ZS,SELL,15,5654.6,-5523.82,STOP_LOSS,atr_breakout,2018-12-06,175.08
2018-12-07,US.OKTA,SELL,9,8733.2,-5836.8,STOP_LOSS,atr_breakout,2018-12-06,162.96
2018-12-10,US.SHG,BUY,49,4168.66203656,,SIGNAL,boll_mr,,
2018-12-12,US.AVGO,BUY,101,2906.4779233,,SIGNAL,atr_breakout,,
2018-12-17,US.FAST,SELL,491,1531.7914147200001,-41786.6,STOP_LOSS,atr_breakout,2018-11-14,1545.25
2018-12-18,US.KDP,SELL,130,2853.6397114399997,5199.65,ATR_TRAIL,atr_breakout,2018-10-29,736.38
2018-12-20,US.TSLA,SELL,359,2933.9506601999997,-56489.51,STOP_LOSS,atr_breakout,2018-10-26,2162.01
2018-12-20,US.PEP,SELL,14,12157.807968598034,-6431.43,ATR_TRAIL,atr_breakout,2018-11-05,346.68
2018-12-20,US.AVGO,SELL,101,2761.154027135,-14956.59,STOP_LOSS,atr_breakout,2018-12-12,572.43
2018-12-24,US.SBUX,SELL,155,7196.76973498,-64046.57,STOP_LOSS,atr_breakout,2018-11-02,2293.93
2018-12-24,US.AEP,SELL,24,7701.2999189,-11587.42,STOP_LOSS,atr_breakout,2018-11-20,381.06
2018-12-24,US.EXC,SELL,89,3333.05316666,-21773.39,STOP_LOSS,atr_breakout,2018-12-04,614.76
2018-12-27,US.LPL,BUY,513,1146.6484630999998,,SIGNAL,atr_breakout,,
2018-12-27,US.WF,BUY,32,5041.50748808,,SIGNAL,atr_breakout,,
2018-12-28,US.WF,SELL,32,4789.432113676,-8219.67,STOP_LOSS,atr_breakout,2018-12-27,314.59
2019-01-02,US.LPL,SELL,513,1089.3160399449998,-29970.35,STOP_LOSS,atr_breakout,2018-12-27,1147.05
2019-01-04,US.NFLX,BUY,42,4165.9800000000005,,SIGNAL,atr_breakout,,
2019-01-04,US.REGN,BUY,3,55201.070768339996,,SIGNAL,atr_breakout,,
2019-01-04,US.PCAR,BUY,40,4185.43450444,,SIGNAL,atr_breakout,,
2019-01-04,US.ROST,BUY,14,11103.33968632,,SIGNAL,atr_breakout,,
2019-01-07,US.EA,BUY,45,11900.32640048,,SIGNAL,atr_breakout,,
2019-01-07,US.TEAM,BUY,11,12979.4,,SIGNAL,atr_breakout,,
2019-01-07,US.BKR,BUY,56,2582.70137874,,SIGNAL,atr_breakout,,
2019-01-08,US.PDD,BUY,141,3360.0,,SIGNAL,atr_breakout,,
2019-01-22,US.SHG,SELL,49,4274.7560947,4989.15,STRAT_EXIT,boll_mr,2018-12-10,413.73
2019-01-22,US.TEAM,SELL,11,12330.429999999998,-7274.3,STOP_LOSS,atr_breakout,2019-01-07,278.41
2019-01-22,US.SBUX,BUY,17,7770.7525258999995,,SIGNAL,atr_breakout,,
2019-01-22,US.VRSK,BUY,8,15479.981227620001,,SIGNAL,atr_breakout,,
2019-01-29,US.VRSK,SELL,8,15470.66395602,-198.3,STRAT_EXIT,atr_breakout,2019-01-22,247.61
2019-01-29,US.FAST,BUY,78,1734.2180695,,SIGNAL,atr_breakout,,
2019-02-05,US.QQQ,BUY,76,22771.46627014,,QQQ_BETA_FLOOR,core_etf,,
2019-02-06,US.EA,SELL,45,10897.65019504,-45610.82,STOP_LOSS,atr_breakout,2019-01-07,1025.91
2019-02-06,US.QQQ,SELL,76,22703.257952339998,-6909.28,MA200_BREAK,core_etf,2019-02-05,3456.08
2019-02-06,US.ASML,BUY,27,23476.71148088,,SIGNAL,atr_breakout,,
2019-02-08,US.ASML,SELL,27,22302.875906835998,-32295.74,STOP_LOSS,atr_breakout,2019-02-06,1236.05
2019-02-08,US.EA,BUY,48,13260.32488522,,SIGNAL,atr_breakout,,
2019-02-12,US.KEP,SELL,440,2010.7211103,122468.13,STRAT_EXIT,atr_breakout,2018-11-26,1646.08
2019-02-12,US.ORLY,BUY,187,3532.57335088,,SIGNAL,atr_breakout,,
2019-02-14,US.QQQ,BUY,76,22796.87721192,,QQQ_BETA_FLOOR,core_etf,,
2019-02-21,US.REGN,SELL,3,58126.706691060004,8602.53,STRAT_EXIT,atr_breakout,2019-01-04,339.98
2019-02-21,US.CPRT,BUY,222,1978.55,,SIGNAL,atr_breakout,,
2019-03-07,US.QQQ,SELL,76,22824.96298978,399.82,MA200_BREAK,core_etf,2019-02-14,3467.26
2019-03-11,US.QQQ,BUY,75,23266.31092772,,QQQ_BETA_FLOOR,core_etf,,
2019-03-20,US.FAST,SELL,78,1824.2203184799998,6877.89,STRAT_EXIT,atr_breakout,2019-01-29,277.56
2019-03-20,US.GOOG,BUY,48,8492.91008566,,SIGNAL,atr_breakout,,
2019-03-22,US.PDD,SELL,141,3246.559083243432,-16452.93,ATR_TRAIL,atr_breakout,2019-01-08,931.52
2019-03-22,US.AEP,BUY,45,9071.69199916,,SIGNAL,atr_breakout,,
2019-03-27,US.GOOG,SELL,48,8068.264581377,-20770.26,STOP_LOSS,atr_breakout,2019-03-20,794.94
2019-03-27,US.ADP,BUY,4,18728.100285160002,,SIGNAL,atr_breakout,,
2019-04-05,US.NFLX,SELL,42,5116.86,39722.05,STRAT_EXIT,atr_breakout,2019-01-04,389.88
2019-04-05,US.ASML,BUY,12,25412.323511960003,,SIGNAL,atr_breakout,,
2019-04-08,US.PCAR,SELL,40,4941.9466768,30062.81,STRAT_EXIT,atr_breakout,2019-01-04,365.1
2019-04-08,US.AAPL,BUY,46,6675.30422412,,SIGNAL,atr_breakout,,
2019-04-17,US.EA,SELL,48,12492.69337288,-37445.96,STOP_LOSS,atr_breakout,2019-02-08,1236.14
2019-04-17,US.MRVL,BUY,131,3362.4383494800004,,SIGNAL,atr_breakout,,
2019-04-25,US.ORLY,SELL,187,3491.6260080727316,-8310.09,ATR_TRAIL,atr_breakout,2019-02-12,1313.53
2019-04-25,US.MSFT,BUY,27,16914.35650898,,SIGNAL,atr_breakout,,
2019-04-29,US.AEP,SELL,45,8948.2547329,-5957.35,STRAT_EXIT,atr_breakout,2019-03-22,810.9
2019-04-29,US.GOOGL,BUY,51,8993.6509838,,SIGNAL,atr_breakout,,
2019-04-30,US.BKR,SELL,56,2751.06373024,9274.23,ATR_TRAIL,atr_breakout,2019-01-07,298.69
2019-04-30,US.GOOGL,SELL,51,8318.95369816,-34833.83,STOP_LOSS,atr_breakout,2019-04-29,882.94
2019-04-30,US.NXPI,BUY,35,13139.71941912,,SIGNAL,atr_breakout,,
2019-04-30,US.KDP,BUY,93,3405.2953304999996,,SIGNAL,atr_breakout,,
2019-05-06,US.MRVL,SELL,131,3194.316432006,-22442.43,STOP_LOSS,atr_breakout,2019-04-17,858.93
2019-05-06,US.OKTA,BUY,6,15090.6,,SIGNAL,atr_breakout,,
2019-05-08,US.NXPI,SELL,35,12482.733448164,-23431.4,STOP_LOSS,atr_breakout,2019-04-30,896.79
2019-05-08,US.TEAM,BUY,6,16403.8,,SIGNAL,atr_breakout,,
2019-05-09,US.OKTA,SELL,6,14336.07,-4613.2,STOP_LOSS,atr_breakout,2019-05-06,176.56
2019-05-10,US.ZS,BUY,45,10297.0,,SIGNAL,atr_breakout,,
2019-05-13,US.ASML,SELL,12,24141.707336362,-15537.09,STOP_LOSS,atr_breakout,2019-04-05,594.65
2019-05-13,US.AAPL,SELL,46,6219.44869168,-21255.45,STOP_LOSS,atr_breakout,2019-04-08,593.16
2019-05-13,US.ZS,SELL,45,9532.6,-34826.97,STOP_LOSS,atr_breakout,2019-05-10,892.33
2019-05-13,US.AEP,BUY,56,9284.50436116,,SIGNAL,atr_breakout,,
2019-05-13,US.XEL,BUY,54,6497.6420453,,SIGNAL,atr_breakout,,
2019-05-15,US.PEP,BUY,22,14483.08373372,,SIGNAL,atr_breakout,,
2019-05-17,US.ROST,SELL,14,12687.995528739999,22007.55,STRAT_EXIT,atr_breakout,2019-01-04,333.08
2019-05-17,US.KDP,SELL,93,3427.55216272,1751.12,STRAT_EXIT,atr_breakout,2019-04-30,635.45
2019-05-17,US.LIN,BUY,4,23438.57213124,,SIGNAL,atr_breakout,,
2019-05-20,US.TMUS,BUY,31,10481.5554683,,SIGNAL,atr_breakout,,
2019-05-23,US.ADP,SELL,4,19246.50040782,1996.61,STRAT_EXIT,atr_breakout,2019-03-27,151.9
2019-05-23,US.LIN,SELL,4,22952.43878326,-2036.34,STRAT_EXIT,atr_breakout,2019-05-17,185.56
2019-05-24,US.SHG,BUY,68,4689.59578262,,SIGNAL,atr_breakout,,
2019-05-24,US.INTU,BUY,2,34370.29474564,,SIGNAL,atr_breakout,,
2019-05-31,US.TMUS,SELL,31,9832.23187632,-20433.83,STOP_LOSS,atr_breakout,2019-05-20,629.73
2019-05-31,US.SHG,SELL,68,4421.380467139999,-18539.3,STOP_LOSS,atr_breakout,2019-05-24,619.55
2019-05-31,US.INTU,SELL,2,32651.780008357997,-3502.33,STOP_LOSS,atr_breakout,2019-05-24,134.04
2019-05-31,US.OKTA,BUY,6,15850.8,,SIGNAL,atr_breakout,,
2019-06-03,US.QQQ,SELL,75,22691.196129419997,-44835.45,MA200_BREAK,core_etf,2019-03-11,3446.81
2019-06-03,US.MSFT,SELL,27,15753.15311682,-31777.83,STOP_LOSS,atr_breakout,2019-04-25,882.02
2019-06-03,US.XEL,SELL,54,6516.7593722,680.43,STRAT_EXIT,atr_breakout,2019-05-13,702.78
2019-06-03,US.OKTA,SELL,6,15058.259999999998,-4845.59,STOP_LOSS,atr_breakout,2019-05-31,185.45
2019-06-04,US.LIN,BUY,22,23843.75631456,,SIGNAL,atr_breakout,,
2019-06-04,US.WF,BUY,35,4135.25804958,,SIGNAL,atr_breakout,,
2019-06-04,US.DXCM,BUY,32,4366.25,,SIGNAL,atr_breakout,,
2019-06-04,US.QQQ,BUY,74,23332.986013960002,,QQQ_BETA_FLOOR,core_etf,,
2019-06-05,US.WF,SELL,35,3928.495147101,-7374.2,STOP_LOSS,atr_breakout,2019-06-04,282.23
2019-06-05,US.CTAS,BUY,61,7515.1473489400005,,SIGNAL,atr_breakout,,
2019-06-05,US.TTWO,BUY,26,15617.0,,SIGNAL,atr_breakout,,
2019-06-05,US.TTD,BUY,86,3252.2000000000003,,SIGNAL,atr_breakout,,
2019-06-06,US.DXCM,SELL,32,4147.9375,-7118.73,STOP_LOSS,atr_breakout,2019-06-04,272.45
2019-06-06,US.AMD,BUY,81,4454.8,,SIGNAL,atr_breakout,,
2019-06-14,US.AMD,SELL,81,4232.06,-18384.74,STOP_LOSS,atr_breakout,2019-06-06,703.64
2019-06-14,US.MDLZ,BUY,12,6440.993538,,SIGNAL,atr_breakout,,
2019-07-12,US.AEP,SELL,56,9726.807001660001,24224.25,STRAT_EXIT,atr_breakout,2019-05-13,1064.63
2019-07-12,US.PEP,SELL,22,15032.38060156,11753.82,STRAT_EXIT,atr_breakout,2019-05-15,649.34
2019-07-12,US.ORLY,BUY,117,3750.413352,,SIGNAL,atr_breakout,,
2019-07-12,US.COST,BUY,11,35510.86926772,,SIGNAL,atr_breakout,,
2019-07-16,US.TEAM,SELL,6,19202.399999999998,16676.39,STRAT_EXIT,atr_breakout,2019-05-08,213.64
2019-07-16,US.CMCSA,BUY,17,4826.267196240001,,SIGNAL,atr_breakout,,
2019-07-19,US.CMCSA,SELL,17,4716.01979744,-1954.38,STRAT_EXIT,atr_breakout,2019-07-16,162.22
2019-07-19,US.TSM,BUY,70,5208.462284200001,,SIGNAL,atr_breakout,,
2019-07-25,US.ORLY,SELL,117,3509.33335088,-28616.95,STOP_LOSS,atr_breakout,2019-07-12,849.39
2019-07-25,US.CDNS,BUY,7,10645.6,,SIGNAL,atr_breakout,,
2019-07-31,US.LIN,SELL,22,23835.03374896,-716.27,ATR_TRAIL,atr_breakout,2019-06-04,1048.93
2019-07-31,US.AAPL,BUY,43,7134.34928542,,SIGNAL,atr_breakout,,
2019-08-01,US.TSM,SELL,70,4948.03916999,-18575.98,STOP_LOSS,atr_breakout,2019-07-19,710.96
2019-08-02,US.CDNS,SELL,7,9977.8,-4744.44,STOP_LOSS,atr_breakout,2019-07-25,144.36
2019-08-02,US.AAPL,SELL,43,6777.631821149,-15630.29,STOP_LOSS,atr_breakout,2019-07-31,598.22
2019-08-05,US.CPRT,SELL,222,2569.0,130509.58,ATR_TRAIL,atr_breakout,2019-02-21,1009.56
2019-08-05,US.MDLZ,SELL,12,6118.9438611,-3938.02,STOP_LOSS,atr_breakout,2019-06-14,150.72
2019-08-05,US.COST,SELL,11,33688.560846219996,-20415.97,STOP_LOSS,atr_breakout,2019-07-12,761.19
2019-08-06,US.MNST,BUY,11,4212.6,,SIGNAL,boll_mr,,
2019-08-06,US.CDNS,BUY,5,9681.0,,SIGNAL,boll_mr,,
2019-08-06,US.HON,BUY,2,19958.960256899998,,SIGNAL,boll_mr,,
2019-08-08,US.MNST,SELL,11,4001.9700000000003,-2360.95,STOP_LOSS,boll_mr,2019-08-06,90.36
2019-08-08,US.MELI,BUY,5,96334.0,,SIGNAL,atr_breakout,,
2019-08-08,US.VRTX,BUY,4,25611.6,,SIGNAL,atr_breakout,,
2019-08-08,US.VRSK,BUY,5,20863.002745619997,,SIGNAL,atr_breakout,,
2019-08-09,US.AMGN,BUY,21,22208.22688462,,SIGNAL,atr_breakout,,
2019-08-12,US.MELI,SELL,5,87311.0,-45551.56,STOP_LOSS,atr_breakout,2019-08-08,918.23
2019-08-13,US.PDD,BUY,32,3329.2000000000003,,SIGNAL,atr_breakout,,
2019-08-23,US.HON,SELL,2,18961.012244054997,-2033.82,STOP_LOSS,boll_mr,2019-08-06,77.84
2019-08-26,US.PEP,BUY,7,15084.26306758,,SIGNAL,atr_breakout,,
2019-08-28,US.VRTX,SELL,4,24331.019999999997,-5219.64,STOP_LOSS,atr_breakout,2019-08-08,199.77
2019-08-28,US.COST,BUY,2,37423.40355936,,SIGNAL,atr_breakout,,
2019-08-29,US.CDNS,SELL,5,9662.8,-139.31,STRAT_EXIT,boll_mr,2019-08-06,96.72
2019-08-29,US.KLAC,BUY,185,1891.40564228,,SIGNAL,atr_breakout,,
2019-09-09,US.TTD,SELL,86,2991.38,-22687.78,STOP_LOSS,atr_breakout,2019-06-05,536.95
2019-09-09,US.VRSK,SELL,5,21401.37696004,2584.86,STRAT_EXIT,atr_breakout,2019-08-08,211.32
2019-09-09,US.PCAR,BUY,91,5105.720276999999,,SIGNAL,atr_breakout,,
2019-09-09,US.KB,BUY,101,4151.65645608,,SIGNAL,atr_breakout,,
2019-09-16,US.PEP,SELL,7,15317.97009456,1528.72,STRAT_EXIT,atr_breakout,2019-08-26,212.82
2019-09-16,US.FANG,BUY,34,11423.806528820001,,SIGNAL,atr_breakout,,
2019-09-18,US.FANG,SELL,34,10682.69608462,-25560.97,STOP_LOSS,atr_breakout,2019-09-16,751.62
2019-09-18,US.AMAT,BUY,12,6849.9494406,,SIGNAL,atr_breakout,,
2019-09-25,US.SBUX,SELL,17,10747.712847626171,50425.61,ATR_TRAIL,atr_breakout,2019-01-22,314.81
2019-09-25,US.LRCX,BUY,28,3114.9551645799997,,SIGNAL,atr_breakout,,
2019-09-27,US.AMAT,SELL,12,6500.153596720001,-4275.55,STOP_LOSS,atr_breakout,2019-09-18,160.2
2019-09-27,US.LRCX,SELL,28,2959.2074063509995,-4443.8,STOP_LOSS,atr_breakout,2019-09-25,170.08
2019-09-30,US.PCAR,SELL,91,5071.26303586,-3597.09,STRAT_EXIT,atr_breakout,2019-09-09,926.11
2019-10-01,US.TSM,BUY,59,5673.4606975199995,,SIGNAL,atr_breakout,,
2019-10-02,US.CTAS,SELL,61,8442.35567238,56044.72,STRAT_EXIT,atr_breakout,2019-06-05,973.41
2019-10-03,US.HON,BUY,2,19679.10324212,,SIGNAL,boll_mr,,
2019-10-03,US.SPY,BUY,1,36879.68281634,,SIGNAL,boll_mr,,
2019-10-04,US.PEP,BUY,6,15931.23402178,,SIGNAL,atr_breakout,,
2019-10-08,US.PEP,SELL,6,15585.98914432,-2164.99,STRAT_EXIT,atr_breakout,2019-10-04,189.1
2019-10-09,US.ALGN,BUY,3,26489.4,,SIGNAL,atr_breakout,,
2019-10-24,US.AMGN,SELL,21,23141.66201984,19116.16,STRAT_EXIT,atr_breakout,2019-08-09,952.35
2019-10-24,US.KB,SELL,101,4438.3530121,28508.08,STRAT_EXIT,atr_breakout,2019-09-09,867.59
2019-10-24,US.AMAT,BUY,75,7241.82598762,,SIGNAL,atr_breakout,,
2019-10-24,US.LRCX,BUY,142,3446.34556364,,SIGNAL,atr_breakout,,
2019-10-28,US.TTWO,SELL,26,17189.2,40430.28,STRAT_EXIT,atr_breakout,2019-06-05,852.96
2019-10-28,US.ON,BUY,164,2969.4,,SIGNAL,atr_breakout,,
2019-10-31,US.AMAT,SELL,75,7135.30920802,-8523.91,STRAT_EXIT,atr_breakout,2019-10-24,1078.29
2019-10-31,US.AMGN,BUY,15,24302.96181292,,SIGNAL,atr_breakout,,
2019-11-20,US.PDD,SELL,32,4396.0,33996.93,ATR_TRAIL,atr_breakout,2019-08-13,247.21
2019-11-20,US.KLAC,SELL,185,2257.16669206,67248.22,STRAT_EXIT,atr_breakout,2019-08-29,767.49
2019-11-20,US.WDAY,BUY,21,24158.4,,SIGNAL,atr_breakout,,
2019-11-20,US.TTD,BUY,30,3366.58,,SIGNAL,atr_breakout,,
2019-11-26,US.COST,SELL,2,38449.21720542,1974.73,STRAT_EXIT,atr_breakout,2019-08-28,151.75
2019-11-26,US.PKX,BUY,73,6285.62500874,,SIGNAL,atr_breakout,,
2019-11-29,US.PKX,SELL,73,6060.19385734,-16898.87,STRAT_EXIT,atr_breakout,2019-11-26,901.24
2019-11-29,US.ADBE,BUY,2,43334.2,,SIGNAL,atr_breakout,,
2019-12-02,US.WDAY,SELL,21,24070.2,-2357.67,STRAT_EXIT,atr_breakout,2019-11-20,1012.8
2019-12-02,US.TTD,SELL,30,3183.46,-5589.1,STOP_LOSS,atr_breakout,2019-11-20,196.5
2019-12-03,US.UMC,BUY,505,226.46062138,,SIGNAL,atr_breakout,,
2019-12-03,US.ZS,BUY,15,7392.0,,SIGNAL,atr_breakout,,
2019-12-04,US.ZS,SELL,15,6979.0,-6299.69,STOP_LOSS,atr_breakout,2019-12-03,215.56
2019-12-04,US.PEP,BUY,7,15592.80318792,,SIGNAL,atr_breakout,,
2019-12-05,US.ON,SELL,164,3031.0,9605.32,STRAT_EXIT,atr_breakout,2019-10-28,984.07
2019-12-05,US.MDLZ,BUY,63,6357.33988736,,SIGNAL,atr_breakout,,
2019-12-10,US.PEP,SELL,7,15584.22597004,-169.13,STRAT_EXIT,atr_breakout,2019-12-04,218.24
2019-12-10,US.MNST,BUY,117,4305.7,,SIGNAL,atr_breakout,,
2019-12-13,US.MDLZ,SELL,63,6288.9103956,-4707.26,STRAT_EXIT,atr_breakout,2019-12-05,796.71
2019-12-13,US.SHG,BUY,80,4618.07169852,,SIGNAL,atr_breakout,,
2019-12-19,US.HON,SELL,2,21717.034283980003,4032.43,STRAT_EXIT,boll_mr,2019-10-03,82.79
2019-12-19,US.CSCO,BUY,83,5532.0713996800005,,SIGNAL,atr_breakout,,
2020-01-06,US.SHG,SELL,80,4352.24051906,-21614.67,STOP_LOSS,atr_breakout,2019-12-13,717.62
2020-01-06,US.GOOGL,BUY,46,9698.6694042,,SIGNAL,atr_breakout,,
2020-01-22,US.SPY,SELL,1,42411.635238790994,5489.54,TAKE_PROFIT,boll_mr,2019-10-03,79.29
2020-01-22,US.INTU,BUY,10,39002.8593094,,SIGNAL,atr_breakout,,
2020-01-24,US.AMGN,SELL,15,25759.9051629474,21467.75,ATR_TRAIL,atr_breakout,2019-10-31,750.94
2020-01-24,US.TEAM,BUY,19,20550.6,,SIGNAL,atr_breakout,,
2020-01-27,US.ALGN,SELL,3,36527.4,30004.42,ATR_TRAIL,atr_breakout,2019-10-09,189.05
2020-01-29,US.AAPL,BUY,7,10935.59999,,SIGNAL,atr_breakout,,
2020-01-30,US.UMC,SELL,505,222.09906712,-2314.74,ATR_TRAIL,atr_breakout,2019-12-03,226.52
2020-01-30,US.MSFT,BUY,16,22865.36918078,,SIGNAL,atr_breakout,,
2020-01-31,US.TSM,SELL,59,6582.0341294400005,53217.49,ATR_TRAIL,atr_breakout,2019-10-01,723.07
2020-01-31,US.AMZN,BUY,27,14061.04,,SIGNAL,atr_breakout,,
2020-02-03,US.AAPL,SELL,7,10388.8199905,-3900.18,STOP_LOSS,atr_breakout,2020-01-29,149.27
2020-02-03,US.TSLA,BUY,49,7279.9272,,SIGNAL,atr_breakout,,
2020-02-05,US.TSLA,SELL,49,6857.131428,-21052.99,STOP_LOSS,atr_breakout,2020-02-03,692.72
2020-02-05,US.CTAS,BUY,27,9590.64734838,,SIGNAL,atr_breakout,,
2020-02-24,US.ADBE,SELL,2,48971.801569336356,11177.26,ATR_TRAIL,atr_breakout,2019-11-29,184.61
2020-02-24,US.CSCO,SELL,83,5121.1477424800005,-34531.72,STOP_LOSS,atr_breakout,2019-12-19,884.22
2020-02-24,US.TEAM,SELL,19,19523.069999999996,-19894.01,STOP_LOSS,atr_breakout,2020-01-24,761.4
2020-02-24,US.MSFT,SELL,16,21722.100721740997,-18639.85,STOP_LOSS,atr_breakout,2020-01-30,713.4
2020-02-24,US.REGN,BUY,7,59065.35400192,,SIGNAL,atr_breakout,,
2020-02-24,US.GILD,BUY,51,7996.28038538,,SIGNAL,atr_breakout,,
2020-02-25,US.LRCX,SELL,142,3804.930002840193,50378.69,ATR_TRAIL,atr_breakout,2019-10-24,1029.68
2020-02-25,US.GOOGL,SELL,46,9618.946329159999,-4109.73,ATR_TRAIL,atr_breakout,2020-01-06,888.61
2020-02-25,US.CTAS,SELL,27,9213.394590119999,-10434.59,ATR_TRAIL,atr_breakout,2020-02-05,507.71
2020-02-25,US.GILD,SELL,51,7596.466366110999,-20777.93,STOP_LOSS,atr_breakout,2020-02-24,795.23
2020-02-26,US.GILD,BUY,14,8193.7194073,,SIGNAL,atr_breakout,,
2020-02-27,US.MNST,SELL,117,4461.8,17741.67,ATR_TRAIL,atr_breakout,2019-12-10,1025.8
2020-02-27,US.INTU,SELL,10,36082.880684899996,-29560.62,STOP_LOSS,atr_breakout,2020-01-22,750.86
2020-02-27,US.AMZN,SELL,27,13190.1,-23871.51,STOP_LOSS,atr_breakout,2020-01-31,735.78
2020-02-28,US.GILD,SELL,14,7607.98364242,-8306.81,STOP_LOSS,atr_breakout,2020-02-26,221.22
2020-03-04,US.EA,BUY,9,15193.66938432,,SIGNAL,atr_breakout,,
2020-03-06,US.EA,SELL,9,14433.985915103998,-6967.06,STOP_LOSS,atr_breakout,2020-03-04,266.65
2020-03-06,US.GILD,BUY,55,8799.199074400001,,SIGNAL,atr_breakout,,
2020-03-09,US.QQQ,SELL,74,25999.29944192,195383.25,MA200_BREAK,core_etf,2019-06-04,3650.59
2020-03-09,US.GILD,SELL,55,8064.2871596,-40863.69,STOP_LOSS,atr_breakout,2020-03-06,927.49
2020-03-10,US.QQQ,BUY,63,27420.55193696,,QQQ_BETA_FLOOR,core_etf,,
2020-03-11,US.QQQ,SELL,63,26221.79153076,-77173.88,MA200_BREAK,core_etf,2020-03-10,3379.47
2020-04-06,US.FTNT,BUY,195,3020.64,,SIGNAL,atr_breakout,,
2020-04-06,US.VRTX,BUY,4,35742.0,,SIGNAL,atr_breakout,,
2020-04-06,US.CDNS,BUY,17,9718.800000000001,,SIGNAL,atr_breakout,,
2020-04-06,US.CSCO,BUY,34,4867.74461082,,SIGNAL,atr_breakout,,
2020-04-06,US.EA,BUY,11,14470.87298692,,SIGNAL,atr_breakout,,
2020-04-06,US.MRVL,BUY,49,3255.75210856,,SIGNAL,atr_breakout,,
2020-04-06,US.SNPS,BUY,8,19027.399999999998,,SIGNAL,atr_breakout,,
2020-04-06,US.AMZN,BUY,10,13983.13,,SIGNAL,atr_breakout,,
2020-04-06,US.AMGN,BUY,4,24445.16212768,,SIGNAL,atr_breakout,,
2020-04-07,US.EA,SELL,11,13747.329337574,-8110.2,STOP_LOSS,atr_breakout,2020-04-06,310.4
2020-04-07,US.PDD,BUY,118,5688.200000000001,,SIGNAL,atr_breakout,,
2020-04-08,US.VRTX,SELL,4,33954.9,-7284.22,STOP_LOSS,atr_breakout,2020-04-06,278.79
2020-04-08,US.LIN,BUY,5,23613.72754608,,SIGNAL,atr_breakout,,
2020-04-08,US.QQQ,BUY,64,26992.11173162,,QQQ_BETA_FLOOR,core_etf,,
2020-04-09,US.FTNT,SELL,195,2854.04,-33043.54,STOP_LOSS,atr_breakout,2020-04-06,1145.56
2020-04-09,US.EXC,BUY,35,3122.22207444,,SIGNAL,atr_breakout,,
2020-04-15,US.EXC,SELL,35,2953.15155604,-6020.83,STOP_LOSS,atr_breakout,2020-04-09,212.64
2020-04-15,US.ZS,BUY,37,9794.4,,SIGNAL,atr_breakout,,
2020-04-21,US.LIN,SELL,5,22433.041168776,-6015.6,STOP_LOSS,atr_breakout,2020-04-08,230.23
2020-04-21,US.ZS,SELL,37,9125.2,-25098.03,STOP_LOSS,atr_breakout,2020-04-15,700.03
2020-04-22,US.KEP,BUY,308,1212.60299104,,SIGNAL,atr_breakout,,
2020-04-22,US.META,BUY,4,25297.05316922,,SIGNAL,atr_breakout,,
2020-05-22,US.KEP,SELL,308,1151.9728414879999,-19028.89,STOP_LOSS,atr_breakout,2020-04-22,728.29
2020-05-22,US.ISRG,BUY,4,26263.737360000003,,SIGNAL,atr_breakout,,
2020-06-17,US.AMGN,SELL,4,26284.44596624,7252.0,STRAT_EXIT,atr_breakout,2020-04-06,202.92
2020-06-17,US.LRCX,BUY,26,4125.0975052,,SIGNAL,atr_breakout,,
2020-06-24,US.CDNS,SELL,17,12878.599999999999,53497.66,STRAT_EXIT,atr_breakout,2020-04-06,384.16
2020-06-30,US.TSLA,BUY,49,10078.1258844,,SIGNAL,atr_breakout,,
2020-07-07,US.CSCO,SELL,34,5403.4489595800005,18030.23,STRAT_EXIT,atr_breakout,2020-04-06,349.22
2020-07-07,US.COST,BUY,11,40539.99536622,,SIGNAL,atr_breakout,,
2020-07-09,US.ISRG,SELL,4,26808.331914000002,2071.14,STRAT_EXIT,atr_breakout,2020-05-22,212.29
2020-07-09,US.ZS,BUY,24,17837.399999999998,,SIGNAL,atr_breakout,,
2020-07-10,US.SNPS,SELL,8,27721.399999999998,69330.23,STRAT_EXIT,atr_breakout,2020-04-06,373.99
2020-07-10,US.NFLX,BUY,53,7682.219999999999,,SIGNAL,atr_breakout,,
2020-07-13,US.ZS,SELL,24,16787.399999999998,-25602.9,STOP_LOSS,atr_breakout,2020-07-09,831.0
2020-07-13,US.NFLX,SELL,53,7298.1089999999995,-20744.68,STOP_LOSS,atr_breakout,2020-07-10,793.96
2020-07-13,US.AEP,BUY,10,9573.54685812,,SIGNAL,atr_breakout,,
2020-07-13,US.TSM,BUY,12,8115.905298899999,,SIGNAL,atr_breakout,,
2020-07-27,US.AEP,SELL,10,9094.869515213999,-4877.72,STOP_LOSS,atr_breakout,2020-07-13,186.68
2020-07-27,US.KDP,BUY,117,3727.78531118,,SIGNAL,atr_breakout,,
2020-08-10,US.KDP,SELL,117,3541.3960456209998,-22221.89,STOP_LOSS,atr_breakout,2020-07-27,850.49
2020-08-10,US.KB,BUY,114,3837.13702764,,SIGNAL,atr_breakout,,
2020-08-19,US.KB,SELL,114,3892.7827726200003,5899.84,STRAT_EXIT,atr_breakout,2020-08-10,881.21
2020-08-20,US.SNPS,BUY,14,30122.399999999998,,SIGNAL,atr_breakout,,
2020-09-04,US.LRCX,SELL,26,4219.580773628257,2346.86,ATR_TRAIL,atr_breakout,2020-06-17,216.96
2020-09-04,US.SNPS,SELL,14,28616.279999999995,-21486.31,STOP_LOSS,atr_breakout,2020-08-20,822.34
2020-09-08,US.TSLA,SELL,49,15409.645902,260489.41,ATR_TRAIL,atr_breakout,2020-06-30,1248.9
2020-09-08,US.LPL,BUY,129,906.68398086,,SIGNAL,atr_breakout,,
2020-09-11,US.REGN,SELL,7,75348.31698825596,113453.3,ATR_TRAIL,atr_breakout,2020-02-24,940.9
2020-09-14,US.MU,BUY,126,6694.566453120001,,SIGNAL,atr_breakout,,
2020-09-15,US.UMC,BUY,2177,439.79405484,,SIGNAL,atr_breakout,,
2020-09-15,US.CMCSA,BUY,113,5082.54382524,,SIGNAL,atr_breakout,,
2020-09-17,US.AMZN,SELL,10,21061.11,70569.19,ATR_TRAIL,atr_breakout,2020-04-06,350.44
2020-09-17,US.META,SELL,4,35025.13075059992,38772.21,ATR_TRAIL,atr_breakout,2020-04-22,241.29
2020-09-18,US.COST,SELL,11,42589.25436164947,22073.37,ATR_TRAIL,atr_breakout,2020-07-07,914.42
2020-09-21,US.CMCSA,SELL,113,4828.4166339779995,-29261.98,STOP_LOSS,atr_breakout,2020-09-15,1119.94
2020-09-22,US.DDOG,BUY,15,13077.4,,SIGNAL,atr_breakout,,
2020-09-24,US.DDOG,SELL,15,12371.800000000001,-10769.58,STOP_LOSS,atr_breakout,2020-09-22,381.74
2020-09-25,US.KB,BUY,52,3952.05758794,,SIGNAL,atr_breakout,,
2020-09-28,US.PKX,BUY,37,5298.26175354,,SIGNAL,atr_breakout,,
2020-09-29,US.KB,SELL,52,3844.3951681800004,-5798.35,STRAT_EXIT,atr_breakout,2020-09-25,405.42
2020-09-30,US.DDOG,BUY,46,14302.4,,SIGNAL,atr_breakout,,
2020-09-30,US.TTD,BUY,23,7262.92,,SIGNAL,atr_breakout,,
2020-09-30,US.AEP,BUY,17,9386.3481852,,SIGNAL,atr_breakout,,
2020-10-02,US.MU,SELL,126,6355.9467344800005,-43466.93,STOP_LOSS,atr_breakout,2020-09-14,1644.36
2020-10-02,US.WF,BUY,248,2552.43287544,,SIGNAL,atr_breakout,,
2020-10-05,US.PDD,SELL,118,9950.72721738313,501804.03,ATR_TRAIL,atr_breakout,2020-04-07,1845.39
2020-10-05,US.KB,BUY,232,4092.3816407599998,,SIGNAL,atr_breakout,,
2020-10-13,US.PKX,SELL,37,5546.36195918,8974.49,STRAT_EXIT,atr_breakout,2020-09-28,401.25
2020-10-13,US.MELI,BUY,3,177683.80000000002,,SIGNAL,atr_breakout,,
2020-10-14,US.WF,SELL,248,2536.5933097399998,-4557.29,STRAT_EXIT,atr_breakout,2020-10-02,1262.08
2020-10-14,US.KB,SELL,232,4097.22040112,172.04,STRAT_EXIT,atr_breakout,2020-10-05,1899.99
2020-10-14,US.QCOM,BUY,47,16093.32234496,,SIGNAL,atr_breakout,,
2020-10-14,US.PAYX,BUY,19,9944.15168992,,SIGNAL,atr_breakout,,
2020-10-16,US.LPL,SELL,129,928.49893374,2694.35,STRAT_EXIT,atr_breakout,2020-09-08,236.74
2020-10-16,US.TEAM,BUY,29,29043.0,,SIGNAL,atr_breakout,,
2020-10-26,US.DDOG,SELL,46,13587.279999999999,-33520.53,STOP_LOSS,atr_breakout,2020-09-30,1282.93
2020-10-26,US.ASX,BUY,378,477.37710075999996,,SIGNAL,atr_breakout,,
2020-10-28,US.QCOM,SELL,47,15064.87627582,-49045.01,STOP_LOSS,atr_breakout,2020-10-14,1464.44
2020-10-28,US.PAYX,SELL,19,9446.944105424,-9626.44,STOP_LOSS,atr_breakout,2020-10-14,368.43
2020-10-28,US.ASX,SELL,378,449.09237828,-10861.38,STOP_LOSS,atr_breakout,2020-10-26,350.21
2020-10-28,US.ADP,BUY,51,19161.2604638,,SIGNAL,atr_breakout,,
2020-10-29,US.MRVL,SELL,49,5003.154687199285,85377.57,ATR_TRAIL,atr_breakout,2020-04-06,404.69
2020-10-29,US.PDD,BUY,14,13176.800000000001,,SIGNAL,atr_breakout,,
2020-10-30,US.MELI,SELL,3,168799.61000000002,-27158.97,STOP_LOSS,atr_breakout,2020-10-13,1039.45
2020-10-30,US.TEAM,SELL,29,26826.8,-65047.78,STOP_LOSS,atr_breakout,2020-10-16,1620.22
2020-10-30,US.PDD,SELL,14,12517.960000000001,-9399.01,STOP_LOSS,atr_breakout,2020-10-29,359.73
2020-10-30,US.ASX,BUY,505,483.03404520000004,,SIGNAL,atr_breakout,,
2020-10-30,US.BKR,BUY,130,1786.16529672,,SIGNAL,atr_breakout,,
2020-11-02,US.SHG,BUY,66,3336.59852456,,SIGNAL,atr_breakout,,
2020-11-03,US.PAYX,BUY,92,10280.852851079999,,SIGNAL,atr_breakout,,
2020-11-03,US.KB,BUY,122,4625.85497906,,SIGNAL,atr_breakout,,
2020-11-19,US.AEP,SELL,17,9546.73830852,2564.34,ATR_TRAIL,atr_breakout,2020-09-30,321.86
2020-11-19,US.AMAT,BUY,14,10331.18799006,,SIGNAL,atr_breakout,,
2021-01-04,US.TTD,SELL,23,10828.02,81748.26,ATR_TRAIL,atr_breakout,2020-09-30,416.09
2021-01-04,US.ASML,BUY,10,66445.09610437999,,SIGNAL,atr_breakout,,
2021-01-13,US.ADP,SELL,51,20203.324785401062,52114.91,ATR_TRAIL,atr_breakout,2020-10-28,2007.59
2021-01-13,US.ON,BUY,33,5178.6,,SIGNAL,atr_breakout,,
2021-01-15,US.PAYX,SELL,92,10389.782376173715,9065.66,ATR_TRAIL,atr_breakout,2020-11-03,1901.7
2021-01-15,US.AMGN,BUY,7,28941.52476082,,SIGNAL,atr_breakout,,
2021-01-20,US.SHG,SELL,66,3645.34415434,20136.62,STRAT_EXIT,atr_breakout,2020-11-02,460.81
2021-01-20,US.KB,SELL,122,4989.971702100001,43813.46,STRAT_EXIT,atr_breakout,2020-11-03,1173.13
2021-01-20,US.GOOGL,BUY,80,13044.81824198,,SIGNAL,atr_breakout,,
2021-01-20,US.GOOG,BUY,64,13092.86342042,,SIGNAL,atr_breakout,,
2021-01-27,US.ON,SELL,33,4769.8,-13647.8,STOP_LOSS,atr_breakout,2021-01-13,328.3
2021-01-27,US.KDP,BUY,176,4038.4132289199997,,SIGNAL,atr_breakout,,
2021-01-29,US.GOOGL,SELL,80,12679.0912374,-30272.49,STRAT_EXIT,atr_breakout,2021-01-20,2057.91
2021-01-29,US.GOOG,SELL,64,12737.87328184,-23534.59,STRAT_EXIT,atr_breakout,2021-01-20,1653.17
2021-02-01,US.KDP,SELL,176,3882.71536954,-28086.18,STRAT_EXIT,atr_breakout,2021-01-27,1394.12
2021-02-01,US.HON,BUY,3,25024.44200284,,SIGNAL,boll_mr,,
2021-02-02,US.PANW,BUY,116,9038.30956168,,SIGNAL,atr_breakout,,
2021-02-02,US.WDAY,BUY,23,36086.4,,SIGNAL,atr_breakout,,
2021-02-03,US.AMGN,SELL,7,27494.448522779,-10321.99,STOP_LOSS,atr_breakout,2021-01-15,395.05
2021-02-03,US.GOOGL,BUY,50,14285.48691374,,SIGNAL,atr_breakout,,
2021-02-16,US.HON,SELL,3,26047.69270068,2991.61,STRAT_EXIT,boll_mr,2021-02-01,153.22
2021-02-23,US.PANW,SELL,116,8586.394083596,-53418.22,STOP_LOSS,atr_breakout,2021-02-02,2044.47
2021-02-24,US.HON,BUY,29,27033.28569508,,SIGNAL,atr_breakout,,
2021-02-24,US.BKNG,BUY,35,13398.97838328,,SIGNAL,atr_breakout,,
2021-02-25,US.BKNG,SELL,35,12465.13511796,-33120.79,STOP_LOSS,atr_breakout,2021-02-24,905.24
2021-02-26,US.WDAY,SELL,23,34282.08,-42287.85,STOP_LOSS,atr_breakout,2021-02-02,1618.48
2021-02-26,US.HON,SELL,29,26147.680395900003,-26440.84,STRAT_EXIT,atr_breakout,2021-02-24,1542.25
2021-02-26,US.SBUX,BUY,15,13405.60457642,,SIGNAL,atr_breakout,,
2021-03-01,US.CMCSA,BUY,111,6014.061727380001,,SIGNAL,atr_breakout,,
2021-03-01,US.MU,BUY,44,12938.5502162,,SIGNAL,atr_breakout,,
2021-03-03,US.MU,SELL,44,12167.09803456,-34479.25,STOP_LOSS,atr_breakout,2021-03-01,1104.65
2021-03-03,US.PKX,BUY,87,8584.01523938,,SIGNAL,atr_breakout,,
2021-03-04,US.TSM,SELL,12,14814.26913134,80202.59,ATR_TRAIL,atr_breakout,2020-07-13,275.16
2021-03-04,US.ASX,SELL,505,766.3411476652174,142683.08,ATR_TRAIL,atr_breakout,2020-10-30,630.93
2021-03-04,US.ASML,SELL,10,67862.70508388,13497.46,ATR_TRAIL,atr_breakout,2021-01-04,1343.08
2021-03-04,US.FANG,BUY,69,9207.47434586,,SIGNAL,atr_breakout,,
2021-03-05,US.UMC,SELL,2177,846.8602466585183,884339.48,ATR_TRAIL,atr_breakout,2020-09-15,2801.05
2021-03-05,US.SBUX,SELL,15,13054.42563586,-5463.5,STRAT_EXIT,atr_breakout,2021-02-26,396.9
2021-03-05,US.KB,BUY,168,5035.9399262199995,,SIGNAL,atr_breakout,,
2021-03-05,US.ORLY,BUY,49,4347.93335494,,SIGNAL,atr_breakout,,
2021-03-08,US.SHG,BUY,246,3735.94132758,,SIGNAL,atr_breakout,,
2021-03-10,US.PKX,SELL,87,8000.91678638,-51425.65,STOP_LOSS,atr_breakout,2021-03-03,1442.89
2021-03-10,US.FTNT,BUY,173,5052.88,,SIGNAL,atr_breakout,,
2021-03-12,US.SHG,SELL,246,3676.33792414,-15566.82,STRAT_EXIT,atr_breakout,2021-03-08,1823.42
2021-03-12,US.MDLZ,BUY,28,6902.4744446,,SIGNAL,atr_breakout,,
2021-03-12,US.WF,BUY,61,3062.69317102,,SIGNAL,atr_breakout,,
2021-03-18,US.FANG,SELL,69,8517.4236595,-48201.2,STOP_LOSS,atr_breakout,2021-03-04,1223.02
2021-03-18,US.WF,SELL,61,3010.64888362,-3358.35,STRAT_EXIT,atr_breakout,2021-03-12,370.47
2021-03-19,US.FTNT,SELL,173,4800.236,-44537.85,STOP_LOSS,atr_breakout,2021-03-10,1704.59
2021-03-19,US.META,BUY,20,40261.83945,,SIGNAL,atr_breakout,,
2021-03-22,US.PEP,BUY,59,16347.71605768,,SIGNAL,atr_breakout,,
2021-03-22,US.CSCO,BUY,95,6060.15726302,,SIGNAL,atr_breakout,,
2021-04-09,US.BKR,SELL,130,2480.31309652,89916.77,ATR_TRAIL,atr_breakout,2020-10-30,554.64
2021-04-23,US.CMCSA,SELL,111,6034.96644394,1650.54,STRAT_EXIT,atr_breakout,2021-03-01,1337.44
2021-04-23,US.UMC,BUY,758,1126.73885422,,SIGNAL,atr_breakout,,
2021-04-29,US.UMC,SELL,758,1070.4019115089998,-43514.77,STOP_LOSS,atr_breakout,2021-04-23,1665.43
2021-04-29,US.CMCSA,BUY,135,6257.99057618,,SIGNAL,atr_breakout,,
2021-05-14,US.CSCO,SELL,95,6419.0978803,33489.54,STRAT_EXIT,atr_breakout,2021-03-22,1185.53
2021-05-14,US.TMUS,BUY,31,18946.86077256,,SIGNAL,atr_breakout,,
2021-05-18,US.TMUS,SELL,31,18073.955654999998,-27620.35,STRAT_EXIT,atr_breakout,2021-05-14,1147.65
2021-05-18,US.EXC,BUY,46,3820.69545914,,SIGNAL,atr_breakout,,
2021-05-20,US.INTU,BUY,12,58944.47995548,,SIGNAL,atr_breakout,,
2021-05-25,US.EXC,SELL,46,3758.76085578,-3021.89,STRAT_EXIT,atr_breakout,2021-05-18,348.65
2021-05-26,US.KB,SELL,168,6169.41955896,189388.12,STRAT_EXIT,atr_breakout,2021-03-05,1882.5
2021-05-26,US.KEP,BUY,546,1570.75011352,,SIGNAL,atr_breakout,,
2021-05-27,US.INTU,SELL,12,58516.551183300006,-5837.34,STRAT_EXIT,atr_breakout,2021-05-20,1409.53
2021-05-27,US.SNOW,BUY,18,34321.0,,SIGNAL,atr_breakout,,
2021-06-02,US.CMCSA,SELL,135,6290.1681872399995,3494.8,STRAT_EXIT,atr_breakout,2021-04-29,1694.0
2021-06-02,US.NVDA,BUY,372,2340.3217447399998,,SIGNAL,atr_breakout,,
2021-06-03,US.GOOGL,SELL,50,16288.62457698,99342.45,STRAT_EXIT,atr_breakout,2021-02-03,1528.71
2021-06-03,US.META,SELL,20,45248.2511264,98823.27,STRAT_EXIT,atr_breakout,2021-03-19,1710.2
2021-06-03,US.INTU,BUY,3,61015.0593626,,SIGNAL,atr_breakout,,
2021-06-04,US.WF,BUY,282,3561.6394910599997,,SIGNAL,atr_breakout,,
2021-06-11,US.PEP,SELL,59,17649.00630738,75734.83,STRAT_EXIT,atr_breakout,2021-03-22,2005.81
2021-06-11,US.TEAM,BUY,22,34172.6,,SIGNAL,atr_breakout,,
2021-06-11,US.ADBE,BUY,8,75776.4,,SIGNAL,atr_breakout,,
2021-06-16,US.AMAT,SELL,14,18386.16236198,112512.23,STRAT_EXIT,atr_breakout,2020-11-19,402.04
2021-06-17,US.SNOW,SELL,18,32604.949999999997,-31475.79,STOP_LOSS,atr_breakout,2021-05-27,1204.67
2021-06-17,US.AMZN,BUY,37,24424.68,,SIGNAL,atr_breakout,,
2021-06-21,US.KEP,SELL,546,1491.60898908,-44025.47,STOP_LOSS,atr_breakout,2021-05-26,1672.05
2021-06-21,US.CPRT,BUY,144,4610.2,,SIGNAL,atr_breakout,,
2021-06-23,US.WF,SELL,282,3383.5575165069995,-51173.28,STOP_LOSS,atr_breakout,2021-06-04,1958.55
2021-06-23,US.TSLA,BUY,30,30639.626934,,SIGNAL,atr_breakout,,
2021-07-01,US.AMZN,SELL,37,24030.79,-15463.07,STRAT_EXIT,atr_breakout,2021-06-17,1792.85
2021-07-01,US.FANG,BUY,83,11342.41222758,,SIGNAL,atr_breakout,,
2021-07-06,US.FANG,SELL,83,10382.406855379999,-80542.19,STOP_LOSS,atr_breakout,2021-07-01,1803.16
2021-07-06,US.AMZN,BUY,35,25730.18,,SIGNAL,atr_breakout,,
2021-07-08,US.TSLA,SELL,30,29107.645587299998,-46832.67,STOP_LOSS,atr_breakout,2021-06-23,1792.42
2021-07-08,US.COST,BUY,3,54002.93436328,,SIGNAL,atr_breakout,,
2021-07-08,US.PAYX,BUY,15,13272.99087576,,SIGNAL,atr_breakout,,
2021-07-19,US.NVDA,SELL,372,2498.3900256814322,57872.0,ATR_TRAIL,atr_breakout,2021-06-02,1800.0
2021-07-20,US.PANW,BUY,110,9356.339712859999,,SIGNAL,atr_breakout,,
2021-07-22,US.MDLZ,SELL,28,7828.23783714,25702.18,STRAT_EXIT,atr_breakout,2021-03-12,412.46
2021-07-22,US.SBUX,BUY,57,15277.886909320001,,SIGNAL,atr_breakout,,
2021-07-27,US.AMZN,SELL,35,25384.73,-12979.22,STRAT_EXIT,atr_breakout,2021-07-06,1789.02
2021-07-27,US.AEP,BUY,82,10534.225145639999,,SIGNAL,atr_breakout,,
2021-07-29,US.TEAM,SELL,22,37350.600000000006,69094.29,STRAT_EXIT,atr_breakout,2021-06-11,1573.51
2021-07-29,US.AMD,BUY,60,14413.0,,SIGNAL,atr_breakout,,
2021-08-03,US.AEP,SELL,82,10498.87144222,-3759.91,STRAT_EXIT,atr_breakout,2021-07-27,1724.71
2021-08-03,US.FTNT,BUY,103,8337.28,,SIGNAL,atr_breakout,,
2021-08-10,US.PANW,SELL,110,8796.57864722,-62541.34,STOP_LOSS,atr_breakout,2021-07-20,1996.82
2021-08-10,US.SBUX,SELL,57,14500.47506628,-45139.0,STOP_LOSS,atr_breakout,2021-07-22,1697.37
2021-08-10,US.ADP,BUY,38,27187.14569354,,SIGNAL,atr_breakout,,
2021-08-10,US.MELI,BUY,3,262994.2,,SIGNAL,atr_breakout,,
2021-08-16,US.MELI,SELL,3,249844.49,-40198.66,STOP_LOSS,atr_breakout,2021-08-10,1538.52
2021-08-16,US.AAPL,BUY,30,20653.52917138,,SIGNAL,atr_breakout,,
2021-08-23,US.AAPL,SELL,30,20460.82485608,-6394.95,STRAT_EXIT,atr_breakout,2021-08-16,1233.43
2021-08-23,US.NVDA,BUY,272,3063.52344676,,SIGNAL,atr_breakout,,
2021-09-01,US.FTNT,SELL,103,8637.16,29998.01,STRAT_EXIT,atr_breakout,2021-08-03,1748.37
2021-09-01,US.ADP,SELL,38,25827.788408862998,-52637.03,STOP_LOSS,atr_breakout,2021-08-10,2014.57
2021-09-01,US.NFLX,BUY,127,8148.9800000000005,,SIGNAL,atr_breakout,,
2021-09-01,US.DXCM,BUY,43,19072.19999986,,SIGNAL,atr_breakout,,
2021-09-10,US.PAYX,SELL,15,13353.342820715283,1004.98,ATR_TRAIL,atr_breakout,2021-07-08,399.4
2021-09-20,US.NVDA,SELL,272,2910.347274422,-42455.53,STOP_LOSS,atr_breakout,2021-08-23,1624.89
2021-09-21,US.GOOG,BUY,4,19379.64440762,,SIGNAL,boll_mr,,
2021-09-22,US.DDOG,BUY,30,20816.6,,SIGNAL,atr_breakout,,
2021-09-23,US.CPRT,SELL,144,5104.75,70480.12,STRAT_EXIT,atr_breakout,2021-06-21,1398.95
2021-09-23,US.BKNG,BUY,64,13574.505822500001,,SIGNAL,atr_breakout,,
2021-09-27,US.ADBE,SELL,8,84511.0,69200.71,ATR_TRAIL,atr_breakout,2021-06-11,1282.3
2021-09-27,US.DDOG,SELL,30,19775.769999999997,-31818.17,STOP_LOSS,atr_breakout,2021-09-22,1217.77
2021-09-27,US.FANG,BUY,87,10936.22479348,,SIGNAL,atr_breakout,,
2021-09-28,US.ORLY,SELL,49,5721.8933619399995,67043.67,STRAT_EXIT,atr_breakout,2021-03-05,493.42
2021-10-04,US.INTU,SELL,3,70737.83393793051,28956.11,ATR_TRAIL,atr_breakout,2021-06-03,395.26
2021-10-04,US.GOOG,SELL,4,18410.662187239,-3949.57,STOP_LOSS,boll_mr,2021-09-21,151.16
2021-10-05,US.TTWO,BUY,8,22682.800000000003,,SIGNAL,atr_breakout,,
2021-10-05,US.PAYX,BUY,13,14151.179640220002,,SIGNAL,atr_breakout,,
2021-10-27,US.DXCM,SELL,43,19548.899999999998,19657.5,STRAT_EXIT,atr_breakout,2021-09-01,1660.71
2021-10-27,US.MSFT,BUY,22,43503.45108424,,SIGNAL,atr_breakout,,
2021-11-18,US.BKNG,SELL,64,12895.780531375001,-44263.75,STOP_LOSS,atr_breakout,2021-09-23,1694.1
2021-11-18,US.AAPL,BUY,43,21607.539369359998,,SIGNAL,atr_breakout,,
2021-11-22,US.TTWO,SELL,8,23087.399999999998,3052.1,ATR_TRAIL,atr_breakout,2021-10-05,366.16
2021-12-03,US.NFLX,SELL,127,8429.82,34596.09,ATR_TRAIL,atr_breakout,2021-09-01,2105.51
2021-12-03,US.MRVL,BUY,87,11500.95300256,,SIGNAL,atr_breakout,,
2021-12-17,US.PAYX,SELL,13,15087.04960266,11970.18,STRAT_EXIT,atr_breakout,2021-10-05,380.1
2021-12-17,US.CPNG,BUY,155,4081.0,,SIGNAL,atr_breakout,,
2021-12-31,US.MSFT,SELL,22,45356.46337852,39768.43,STRAT_EXIT,atr_breakout,2021-10-27,1954.92
2021-12-31,US.EXC,BUY,42,4907.23154068,,SIGNAL,atr_breakout,,
2021-12-31,US.AEP,BUY,18,10583.118910559999,,SIGNAL,atr_breakout,,
2022-01-04,US.CPNG,SELL,155,3697.4,-60031.1,STOP_LOSS,atr_breakout,2021-12-17,1205.65
2022-01-04,US.PCAR,BUY,129,7377.783141260001,,SIGNAL,atr_breakout,,
2022-01-06,US.EXC,SELL,42,4819.723776000001,-3877.75,STRAT_EXIT,atr_breakout,2021-12-31,408.53
2022-01-10,US.AMD,SELL,60,17573.422424291763,188570.94,ATR_TRAIL,atr_breakout,2021-07-29,1919.19
2022-01-10,US.MRVL,SELL,87,10925.905352431999,-50979.7,STOP_LOSS,atr_breakout,2021-12-03,1951.14
2022-01-10,US.WF,BUY,303,3973.46819968,,SIGNAL,atr_breakout,,
2022-01-10,US.SHG,BUY,56,3868.2608832,,SIGNAL,atr_breakout,,
2022-01-10,US.XEL,BUY,24,8454.02773838,,SIGNAL,atr_breakout,,
2022-01-11,US.XEL,SELL,24,8301.55028416,-3858.7,STRAT_EXIT,atr_breakout,2022-01-10,402.13
2022-01-11,US.KB,BUY,149,6164.58079846,,SIGNAL,atr_breakout,,
2022-01-14,US.COST,SELL,3,66884.06766224903,38442.75,ATR_TRAIL,atr_breakout,2021-07-08,362.66
2022-01-18,US.SHG,SELL,56,3865.87674704,-350.0,STRAT_EXIT,atr_breakout,2022-01-10,433.11
2022-01-20,US.QQQ,SELL,64,49194.50558848,1417804.76,MA200_BREAK,core_etf,2020-04-08,4875.94
2022-01-20,US.KB,SELL,149,6047.24085784,-18384.69,STRAT_EXIT,atr_breakout,2022-01-11,1819.56
2022-01-21,US.ADI,BUY,7,20684.7277532,,SIGNAL,boll_mr,,
2022-01-21,US.MDLZ,BUY,42,8477.47906838,,SIGNAL,atr_breakout,,
2022-01-21,US.GILD,BUY,16,8153.99327932,,SIGNAL,boll_mr,,
2022-01-24,US.AAPL,SELL,43,21844.020056630758,9229.38,ATR_TRAIL,atr_breakout,2021-11-18,1868.42
2022-01-24,US.ADI,SELL,7,19650.49136554,-7377.21,STOP_LOSS,boll_mr,2022-01-21,282.35
2022-01-24,US.SPY,BUY,2,57939.461768580004,,SIGNAL,boll_mr,,
2022-01-24,US.CSCO,BUY,21,7040.8260356,,SIGNAL,boll_mr,,
2022-01-25,US.PCAR,SELL,129,7008.8939841970005,-48490.85,STOP_LOSS,atr_breakout,2022-01-04,1855.88
2022-01-25,US.BKR,BUY,117,3524.27756338,,SIGNAL,atr_breakout,,
2022-01-28,US.WF,SELL,303,4097.9219303400005,36467.81,STRAT_EXIT,atr_breakout,2022-01-10,2445.63
2022-01-28,US.MDLZ,SELL,42,8053.605114960999,-18140.96,STOP_LOSS,atr_breakout,2022-01-21,694.31
2022-01-28,US.CSCO,SELL,21,6688.78473382,-7533.33,STOP_LOSS,boll_mr,2022-01-24,288.32
2022-01-28,US.BKR,SELL,117,3348.063685211,-21008.75,STOP_LOSS,atr_breakout,2022-01-25,804.06
2022-02-01,US.VRTX,BUY,14,34392.4,,SIGNAL,atr_breakout,,
2022-02-01,US.QQQ,BUY,35,49711.3117403,,QQQ_BETA_FLOOR,core_etf,,
2022-02-02,US.GILD,SELL,16,7746.2936153539995,-6647.14,STOP_LOSS,boll_mr,2022-01-21,254.4
2022-02-02,US.EXC,BUY,345,5106.57091126,,SIGNAL,atr_breakout,,
2022-02-02,US.GOOGL,BUY,15,20537.885289600003,,SIGNAL,atr_breakout,,
2022-02-02,US.GOOG,BUY,14,20543.978756,,SIGNAL,atr_breakout,,
2022-02-03,US.QQQ,SELL,35,48083.37236206,-58660.8,MA200_BREAK,core_etf,2022-02-01,3422.81
2022-02-03,US.TMUS,BUY,75,16170.16565934,,SIGNAL,atr_breakout,,
2022-02-04,US.GOOGL,SELL,15,19510.99102512,-15696.08,STOP_LOSS,atr_breakout,2022-02-02,600.73
2022-02-04,US.GOOG,SELL,14,19516.7798182,-14654.02,STOP_LOSS,atr_breakout,2022-02-02,560.85
2022-02-04,US.TTWO,BUY,45,24500.0,,SIGNAL,atr_breakout,,
2022-02-04,US.WF,BUY,66,4352.48637936,,SIGNAL,atr_breakout,,
2022-02-08,US.AMGN,BUY,41,29292.3797901,,SIGNAL,atr_breakout,,
2022-02-10,US.AMGN,SELL,41,27810.8059565,-61884.77,STOP_LOSS,atr_breakout,2022-02-08,2341.23
2022-02-10,US.DDOG,BUY,37,24444.0,,SIGNAL,atr_breakout,,
2022-02-11,US.VRTX,SELL,14,32672.78,-24532.1,STOP_LOSS,atr_breakout,2022-02-01,938.91
2022-02-11,US.WF,SELL,66,4249.52920224,-7075.64,STRAT_EXIT,atr_breakout,2022-02-04,567.73
2022-02-11,US.DDOG,SELL,37,23221.8,-46080.61,STOP_LOSS,atr_breakout,2022-02-10,1763.63
2022-02-11,US.BKR,BUY,364,3702.2392519000005,,SIGNAL,atr_breakout,,
2022-02-15,US.BKR,SELL,364,3517.1272893050004,-68660.99,STOP_LOSS,atr_breakout,2022-02-11,2627.85
2022-02-15,US.ABNB,BUY,11,25209.8,,SIGNAL,atr_breakout,,
2022-02-15,US.MELI,BUY,1,163842.0,,SIGNAL,atr_breakout,,
2022-02-15,US.CPNG,BUY,84,3315.2,,SIGNAL,atr_breakout,,
2022-02-15,US.MU,BUY,20,13140.17780544,,SIGNAL,atr_breakout,,
2022-02-16,US.TTWO,SELL,45,23252.600000000002,-57179.37,STOP_LOSS,atr_breakout,2022-02-04,2148.87
2022-02-16,US.MELI,SELL,1,155649.9,-8347.75,STOP_LOSS,atr_breakout,2022-02-15,319.49
2022-02-16,US.BKR,BUY,82,3774.65779586,,SIGNAL,atr_breakout,,
2022-02-16,US.BKNG,BUY,19,14823.377247420001,,SIGNAL,atr_breakout,,
2022-02-18,US.MU,SELL,20,12428.4181742,-14483.76,STOP_LOSS,atr_breakout,2022-02-15,511.37
2022-02-22,US.ABNB,SELL,11,23133.600000000002,-23092.67,STOP_LOSS,atr_breakout,2022-02-15,531.78
2022-02-22,US.CPNG,SELL,84,3070.2,-20837.9,STOP_LOSS,atr_breakout,2022-02-15,536.37
2022-02-22,US.BKNG,SELL,19,13808.706913959999,-19541.1,STOP_LOSS,atr_breakout,2022-02-16,544.01
2022-02-24,US.SPY,SELL,2,55042.488680151,-5904.03,STOP_LOSS,boll_mr,2022-01-24,225.96
2022-02-24,US.EXC,SELL,345,4851.2423656969995,-89762.03,STOP_LOSS,atr_breakout,2022-02-02,3435.45
2022-02-24,US.BKR,SELL,82,3585.924906067,-15770.14,STOP_LOSS,atr_breakout,2022-02-16,603.57
2022-02-24,US.PANW,BUY,16,12598.4739384,,SIGNAL,atr_breakout,,
2022-02-25,US.CPNG,BUY,189,3500.0,,SIGNAL,atr_breakout,,
2022-02-28,US.KEP,BUY,655,1301.13374048,,SIGNAL,atr_breakout,,
2022-02-28,US.FTNT,BUY,59,9646.56,,SIGNAL,atr_breakout,,
2022-02-28,US.CRWD,BUY,23,6832.35,,SIGNAL,atr_breakout,,
2022-02-28,US.TTD,BUY,13,11944.8,,SIGNAL,atr_breakout,,
2022-03-01,US.TTD,SELL,13,11347.56,-7911.64,STOP_LOSS,atr_breakout,2022-02-28,302.8
2022-03-02,US.CDNS,BUY,23,22044.4,,SIGNAL,atr_breakout,,
2022-03-02,US.ISRG,BUY,3,41861.4,,SIGNAL,atr_breakout,,
2022-03-03,US.CPNG,SELL,189,3325.0,-33703.43,STOP_LOSS,atr_breakout,2022-02-25,1289.93
2022-03-03,US.BKR,BUY,131,3965.23291178,,SIGNAL,atr_breakout,,
2022-03-04,US.FTNT,SELL,59,9164.232,-28998.04,STOP_LOSS,atr_breakout,2022-02-28,1109.84
2022-03-04,US.CRWD,SELL,23,6266.05,-13169.02,STOP_LOSS,atr_breakout,2022-02-28,301.26
2022-03-04,US.XEL,BUY,61,8623.44713188,,SIGNAL,atr_breakout,,
2022-03-04,US.EXC,BUY,92,5319.57862534,,SIGNAL,atr_breakout,,
2022-03-07,US.KEP,SELL,655,1264.9166156200001,-24550.74,STRAT_EXIT,atr_breakout,2022-02-28,1680.76
2022-03-08,US.CDNS,SELL,23,20412.0,-38014.68,STOP_LOSS,atr_breakout,2022-03-02,976.5
2022-03-08,US.ISRG,SELL,3,37704.799999999996,-12582.91,STOP_LOSS,atr_breakout,2022-03-02,238.7
2022-03-11,US.KEP,BUY,126,1337.3508652,,SIGNAL,atr_breakout,,
2022-03-14,US.REGN,BUY,1,91144.59781938,,SIGNAL,atr_breakout,,
2022-03-15,US.PANW,SELL,16,11968.55024148,-10270.28,STOP_LOSS,atr_breakout,2022-02-24,393.07
2022-03-15,US.ORLY,BUY,25,6494.5066991,,SIGNAL,atr_breakout,,
2022-03-16,US.CTAS,BUY,41,13094.17226306,,SIGNAL,atr_breakout,,
2022-03-18,US.KEP,SELL,126,1321.25436534,-2194.64,STRAT_EXIT,atr_breakout,2022-03-11,334.98
2022-03-18,US.VRSK,BUY,24,28307.09367976,,SIGNAL,atr_breakout,,
2022-03-21,US.TMUS,SELL,75,16865.00884334,50848.36,STRAT_EXIT,atr_breakout,2022-02-03,2477.64
2022-03-21,US.ORLY,SELL,25,6397.72003192,-2579.61,STRAT_EXIT,atr_breakout,2022-03-15,322.31
2022-03-21,US.TSLA,BUY,3,42987.036792,,SIGNAL,atr_breakout,,
2022-03-21,US.NVDA,BUY,45,3731.60885818,,SIGNAL,atr_breakout,,
2022-03-22,US.EXC,SELL,92,5241.490863139999,-7666.29,STRAT_EXIT,atr_breakout,2022-03-04,971.62
2022-03-22,US.GOOGL,BUY,30,19409.411754599998,,SIGNAL,atr_breakout,,
2022-03-23,US.XEL,SELL,61,8444.7625073,-11414.89,STRAT_EXIT,atr_breakout,2022-03-04,1041.16
2022-03-23,US.PKX,BUY,98,7854.8273251,,SIGNAL,atr_breakout,,
2022-03-28,US.PKX,SELL,98,7688.5875934,-17044.98,STRAT_EXIT,atr_breakout,2022-03-23,1523.25
2022-03-28,US.SHG,BUY,193,3994.62009842,,SIGNAL,atr_breakout,,
2022-03-29,US.QQQ,BUY,34,50544.80619202,,QQQ_BETA_FLOOR,core_etf,,
2022-03-30,US.QQQ,SELL,34,49986.51069538,-20681.59,MA200_BREAK,core_etf,2022-03-29,3418.06
2022-03-31,US.GOOGL,SELL,30,19298.326773599998,-3911.5,STRAT_EXIT,atr_breakout,2022-03-22,1161.23
2022-03-31,US.EXC,BUY,98,5722.030937699999,,SIGNAL,atr_breakout,,
2022-04-04,US.QQQ,BUY,34,50287.445585019996,,QQQ_BETA_FLOOR,core_etf,,
2022-04-05,US.QQQ,SELL,34,49170.854591740004,-39635.9,MA200_BREAK,core_etf,2022-04-04,3381.58
2022-04-06,US.NVDA,SELL,45,3406.79948392,-14769.73,STOP_LOSS,atr_breakout,2022-03-21,321.23
2022-04-06,US.XEL,BUY,77,9138.13478242,,SIGNAL,atr_breakout,,
2022-04-12,US.SHG,SELL,193,3973.9368017999996,-4758.85,STRAT_EXIT,atr_breakout,2022-03-28,1537.93
2022-04-13,US.VRTX,BUY,17,40730.200000000004,,SIGNAL,atr_breakout,,
2022-04-22,US.VRTX,SELL,17,37858.8,-49457.4,STOP_LOSS,atr_breakout,2022-04-13,1336.01
2022-04-25,US.BKR,SELL,131,3766.971266191,-26465.75,STOP_LOSS,atr_breakout,2022-03-03,1012.92
2022-04-25,US.CMCSA,BUY,13,5170.53154996,,SIGNAL,boll_mr,,
2022-04-26,US.TSLA,SELL,3,40837.6849524,-6570.57,STOP_LOSS,atr_breakout,2022-03-21,251.47
2022-04-27,US.SPY,BUY,1,55137.111264620005,,SIGNAL,boll_mr,,
2022-04-28,US.CMCSA,SELL,13,4716.93646102,-5958.06,STOP_LOSS,boll_mr,2022-04-25,128.54
2022-05-02,US.REGN,SELL,1,89320.8888121177,-1913.03,ATR_TRAIL,atr_breakout,2022-03-14,180.47
2022-05-04,US.VRSK,SELL,24,26307.490587,-48621.85,STOP_LOSS,atr_breakout,2022-03-18,1310.75
2022-05-05,US.CTAS,SELL,41,12948.358114576238,-6509.26,ATR_TRAIL,atr_breakout,2022-03-16,1067.74
2022-05-10,US.SPY,SELL,1,52380.255701389004,-2809.24,STOP_LOSS,boll_mr,2022-04-27,107.52
2022-05-20,US.XEL,SELL,77,9044.304087980001,-7921.37,STRAT_EXIT,atr_breakout,2022-04-06,1400.05
2022-05-25,US.REGN,BUY,2,95930.86598536,,SIGNAL,atr_breakout,,
2022-05-25,US.GILD,BUY,27,7836.05288158,,SIGNAL,atr_breakout,,
2022-05-25,US.AMGN,BUY,6,31263.71013402,,SIGNAL,atr_breakout,,
2022-05-26,US.NXPI,BUY,35,24891.4272719,,SIGNAL,atr_breakout,,
2022-05-26,US.BKR,BUY,38,4713.55786706,,SIGNAL,atr_breakout,,
2022-05-26,US.CMCSA,BUY,36,4991.80829798,,SIGNAL,atr_breakout,,
2022-05-26,US.EA,BUY,9,18986.1597457,,SIGNAL,atr_breakout,,
2022-05-31,US.AEP,SELL,18,12339.075262220002,31385.11,STRAT_EXIT,atr_breakout,2021-12-31,412.6
2022-05-31,US.PDD,BUY,25,7049.0,,SIGNAL,atr_breakout,,
2022-06-01,US.REGN,SELL,2,91134.322686092,-9775.36,STOP_LOSS,atr_breakout,2022-05-25,374.13
2022-06-01,US.NXPI,SELL,35,23646.855908305,-44387.64,STOP_LOSS,atr_breakout,2022-05-26,1698.84
2022-06-01,US.PCAR,BUY,27,7097.357505139999,,SIGNAL,atr_breakout,,
2022-06-01,US.TMUS,BUY,10,18015.047947680003,,SIGNAL,atr_breakout,,
2022-06-02,US.EXC,SELL,98,5927.42435222,19547.67,STRAT_EXIT,atr_breakout,2022-03-31,1141.65
2022-06-02,US.AMGN,SELL,6,30679.237785420002,-3690.91,STRAT_EXIT,atr_breakout,2022-05-25,371.66
2022-06-02,US.LIN,BUY,15,43719.05499276,,SIGNAL,atr_breakout,,
2022-06-02,US.AMD,BUY,40,15202.6,,SIGNAL,atr_breakout,,
2022-06-03,US.CMCSA,SELL,36,4856.06911916,-5061.43,STRAT_EXIT,atr_breakout,2022-05-26,354.52
2022-06-06,US.GILD,SELL,27,7444.250237501,-10779.67,STOP_LOSS,atr_breakout,2022-05-25,412.57
2022-06-06,US.ON,BUY,66,9241.400000000001,,SIGNAL,atr_breakout,,
2022-06-06,US.MNST,BUY,88,6395.2,,SIGNAL,atr_breakout,,
2022-06-07,US.AMD,SELL,40,14442.47,-30982.9,STOP_LOSS,atr_breakout,2022-06-02,1185.8
2022-06-07,US.TTWO,BUY,9,18431.0,,SIGNAL,atr_breakout,,
2022-06-08,US.LIN,SELL,15,43118.07872806,-9661.42,STRAT_EXIT,atr_breakout,2022-06-02,1302.56
2022-06-08,US.ZS,BUY,7,23179.8,,SIGNAL,atr_breakout,,
2022-06-09,US.PCAR,SELL,27,7056.47595646,-1294.33,STRAT_EXIT,atr_breakout,2022-06-01,382.15
2022-06-09,US.TMUS,SELL,10,17808.870972059998,-2239.86,STRAT_EXIT,atr_breakout,2022-06-01,358.24
2022-06-09,US.ON,SELL,66,8772.4,-31532.98,STOP_LOSS,atr_breakout,2022-06-06,1188.91
2022-06-10,US.BKR,SELL,38,4477.879973706999,-9125.92,STOP_LOSS,atr_breakout,2022-05-26,349.27
2022-06-10,US.TTWO,SELL,9,17509.45,-8451.54,STOP_LOSS,atr_breakout,2022-06-07,323.46
2022-06-10,US.ZS,SELL,7,21505.4,-11871.34,STOP_LOSS,atr_breakout,2022-06-08,312.8
2022-06-13,US.EA,SELL,9,17651.9461552,-12166.79,STOP_LOSS,atr_breakout,2022-05-26,329.74
2022-06-13,US.MNST,SELL,88,5914.299999999999,-42839.66,STOP_LOSS,atr_breakout,2022-06-06,1083.24
2022-06-17,US.FANG,SELL,87,14390.300943760001,299252.67,ATR_TRAIL,atr_breakout,2021-09-27,2203.41
2022-06-23,US.VRTX,BUY,21,39690.0,,SIGNAL,atr_breakout,,
2022-06-23,US.SNOW,BUY,11,20035.4,,SIGNAL,atr_breakout,,
2022-06-23,US.MNST,BUY,35,6452.6,,SIGNAL,atr_breakout,,
2022-06-23,US.PLTR,BUY,169,1324.4,,SIGNAL,atr_breakout,,
2022-06-24,US.CRWD,BUY,33,6474.650000000001,,SIGNAL,atr_breakout,,
2022-06-24,US.TEAM,BUY,7,28744.8,,SIGNAL,atr_breakout,,
2022-06-24,US.ZS,BUY,8,23914.8,,SIGNAL,atr_breakout,,
2022-06-28,US.CRWD,SELL,33,6096.65,-12675.19,STOP_LOSS,atr_breakout,2022-06-24,414.85
2022-06-28,US.TEAM,SELL,7,26964.0,-12654.35,STOP_LOSS,atr_breakout,2022-06-24,389.96
2022-06-28,US.ZS,SELL,8,21688.8,-17981.51,STOP_LOSS,atr_breakout,2022-06-24,364.83
2022-06-30,US.PLTR,SELL,169,1258.18,-11403.81,STOP_LOSS,atr_breakout,2022-06-23,436.46
2022-07-01,US.CPNG,BUY,270,2105.6,,SIGNAL,atr_breakout,,
2022-07-01,US.PEP,BUY,10,20797.23939384,,SIGNAL,atr_breakout,,
2022-07-01,US.MDLZ,BUY,25,7943.8254315,,SIGNAL,atr_breakout,,
2022-07-05,US.CPNG,SELL,270,2000.3199999999997,-28965.69,STOP_LOSS,atr_breakout,2022-07-01,1108.6
2022-07-05,US.CPNG,BUY,249,2251.2,,SIGNAL,atr_breakout,,
2022-07-06,US.VRSK,BUY,27,24259.249837760002,,SIGNAL,atr_breakout,,
2022-07-06,US.ORLY,BUY,101,6139.00003066,,SIGNAL,atr_breakout,,
2022-07-06,US.COST,BUY,2,65777.98017504001,,SIGNAL,atr_breakout,,
2022-07-11,US.MDLZ,SELL,25,7810.88487326,-3518.79,STRAT_EXIT,atr_breakout,2022-07-01,393.87
2022-07-11,US.CPNG,SELL,249,2069.2,-45833.23,STOP_LOSS,atr_breakout,2022-07-05,1075.78
2022-07-12,US.PEP,SELL,10,20810.744892000002,-73.05,STRAT_EXIT,atr_breakout,2022-07-01,416.08
2022-07-13,US.VRSK,SELL,27,23794.82112714,-13182.04,STRAT_EXIT,atr_breakout,2022-07-06,1297.46
2022-07-13,US.COST,SELL,2,65720.56714048001,-246.27,STRAT_EXIT,atr_breakout,2022-07-06,263.0
2022-07-14,US.VRTX,SELL,21,40061.0,6949.72,STRAT_EXIT,atr_breakout,2022-06-23,1674.77
2022-07-14,US.QCOM,BUY,48,18154.15931532,,SIGNAL,atr_breakout,,
2022-07-14,US.COST,BUY,10,68353.55560908,,SIGNAL,atr_breakout,,
2022-07-14,US.CTAS,BUY,14,13060.66603072,,SIGNAL,atr_breakout,,
2022-07-14,US.ADI,BUY,9,20069.50777958,,SIGNAL,atr_breakout,,
2022-07-14,US.AAPL,BUY,8,20376.75364354,,SIGNAL,atr_breakout,,
2022-07-15,US.MU,BUY,70,8450.05380016,,SIGNAL,atr_breakout,,
2022-07-18,US.CTAS,SELL,14,12784.02133386,-4052.0,STRAT_EXIT,atr_breakout,2022-07-14,361.83
2022-07-18,US.CPNG,BUY,72,2331.0,,SIGNAL,atr_breakout,,
2022-07-26,US.SNOW,SELL,11,18216.8,-20204.98,STOP_LOSS,atr_breakout,2022-06-23,420.77
2022-07-26,US.AAPL,SELL,8,20806.330251000003,3270.16,STRAT_EXIT,atr_breakout,2022-07-14,329.46
2022-07-26,US.PCAR,BUY,25,6971.5064629,,SIGNAL,atr_breakout,,
2022-07-26,US.KDP,BUY,36,4647.91688312,,SIGNAL,atr_breakout,,
2022-07-29,US.PDD,SELL,25,6696.549999999999,-8978.66,STOP_LOSS,atr_breakout,2022-05-31,343.64
2022-07-29,US.AAPL,BUY,34,22303.67235544,,SIGNAL,atr_breakout,,
2022-08-09,US.MNST,SELL,35,6129.97,-11506.6,STOP_LOSS,atr_breakout,2022-06-23,440.39
2022-08-09,US.MU,SELL,70,8027.551110152,-30137.12,STOP_LOSS,atr_breakout,2022-07-15,1153.43
2022-08-09,US.VRTX,BUY,4,41836.2,,SIGNAL,atr_breakout,,
2022-08-09,US.KB,BUY,34,4785.13569268,,SIGNAL,atr_breakout,,
2022-08-18,US.VRTX,SELL,4,41200.600000000006,-2707.2,STRAT_EXIT,atr_breakout,2022-08-09,332.15
2022-08-18,US.CSCO,BUY,119,6206.25751452,,SIGNAL,atr_breakout,,
2022-08-22,US.KB,SELL,34,4523.63951326,-9044.67,STOP_LOSS,atr_breakout,2022-08-09,316.5
2022-08-23,US.PANW,BUY,51,13288.433701200001,,SIGNAL,atr_breakout,,
2022-08-24,US.CSCO,SELL,119,5895.944638794,-37628.85,STOP_LOSS,atr_breakout,2022-08-18,1440.16
2022-08-25,US.SNOW,BUY,18,27479.2,,SIGNAL,atr_breakout,,
2022-08-29,US.ADI,SELL,9,20359.448880096745,2426.23,ATR_TRAIL,atr_breakout,2022-07-14,363.86
2022-08-29,US.SNOW,SELL,18,26100.2,-25291.8,STOP_LOSS,atr_breakout,2022-08-25,964.43
2022-08-29,US.PDD,BUY,17,9245.6,,SIGNAL,atr_breakout,,
2022-08-29,US.FANG,BUY,9,16771.4544207,,SIGNAL,atr_breakout,,
2022-08-30,US.QCOM,SELL,48,17195.91651568,-46821.06,STOP_LOSS,atr_breakout,2022-07-14,1696.8
2022-08-30,US.FANG,SELL,9,15932.881699664998,-7690.55,STOP_LOSS,atr_breakout,2022-08-29,294.34
2022-09-01,US.AAPL,SELL,34,21361.226324322128,-32769.45,ATR_TRAIL,atr_breakout,2022-07-29,1484.61
2022-09-01,US.PANW,SELL,51,12624.012016140001,-34529.33,STOP_LOSS,atr_breakout,2022-08-23,1321.53
2022-09-08,US.PCAR,SELL,25,6856.063342164848,-3057.48,ATR_TRAIL,atr_breakout,2022-07-26,345.69
2022-09-08,US.REGN,BUY,9,98426.05713542,,SIGNAL,atr_breakout,,
2022-09-08,US.CEG,BUY,53,11667.09591516,,SIGNAL,atr_breakout,,
2022-09-09,US.DXCM,BUY,13,13004.6,,SIGNAL,atr_breakout,,
2022-09-12,US.GILD,BUY,91,8300.096915459999,,SIGNAL,atr_breakout,,
2022-09-12,US.FTNT,BUY,86,7817.6,,SIGNAL,atr_breakout,,
2022-09-13,US.FTNT,SELL,86,7261.799999999999,-48423.31,STOP_LOSS,atr_breakout,2022-09-12,1296.83
2022-09-14,US.DXCM,SELL,13,12354.369999999999,-8613.6,STOP_LOSS,atr_breakout,2022-09-09,329.67
2022-09-14,US.SBUX,BUY,58,11852.4820155,,SIGNAL,atr_breakout,,
2022-09-14,US.AMGN,BUY,1,28405.811470539997,,SIGNAL,boll_mr,,
2022-09-16,US.COST,SELL,10,66803.63312373568,-16167.26,ATR_TRAIL,atr_breakout,2022-07-14,1351.57
2022-09-20,US.SBUX,SELL,58,11608.27229982,-14837.44,STRAT_EXIT,atr_breakout,2022-09-14,1360.72
2022-09-21,US.PDD,SELL,17,8748.6,-8597.73,STOP_LOSS,atr_breakout,2022-08-29,305.9
2022-09-21,US.GILD,SELL,91,7837.57289854,-42802.9,STOP_LOSS,atr_breakout,2022-09-12,1468.53
2022-09-27,US.KDP,SELL,36,4509.99650094,-5127.49,ATR_TRAIL,atr_breakout,2022-07-26,329.68
2022-10-03,US.VRTX,BUY,4,41640.200000000004,,SIGNAL,atr_breakout,,
2022-10-04,US.PCAR,BUY,26,7233.27284078,,SIGNAL,atr_breakout,,
2022-10-06,US.DXCM,BUY,13,13329.4,,SIGNAL,atr_breakout,,
2022-10-06,US.FANG,BUY,10,17141.18273518,,SIGNAL,atr_breakout,,
2022-10-07,US.ORLY,SELL,101,6633.85336642,49310.17,STRAT_EXIT,atr_breakout,2022-07-06,1290.06
2022-10-07,US.VRTX,SELL,4,41332.200000000004,-1397.33,STRAT_EXIT,atr_breakout,2022-10-03,331.89
2022-10-07,US.PCAR,SELL,26,7053.86900988,-4847.9,STRAT_EXIT,atr_breakout,2022-10-04,371.47
2022-10-13,US.CEG,SELL,53,11083.741119401999,-31505.24,STOP_LOSS,atr_breakout,2022-09-08,1205.79
2022-10-18,US.BKR,BUY,68,3110.31767396,,SIGNAL,atr_breakout,,
2022-10-18,US.HON,BUY,8,23920.845914,,SIGNAL,atr_breakout,,
2022-10-19,US.NFLX,BUY,168,3813.3199999999997,,SIGNAL,atr_breakout,,
2022-10-19,US.ISRG,BUY,28,29559.6,,SIGNAL,atr_breakout,,
2022-10-19,US.PKX,BUY,30,5630.320071040001,,SIGNAL,atr_breakout,,
2022-10-21,US.CPNG,SELL,72,2214.45,-8551.04,STOP_LOSS,atr_breakout,2022-07-18,327.27
2022-10-21,US.GILD,BUY,67,8367.07191796,,SIGNAL,atr_breakout,,
2022-10-24,US.PKX,SELL,30,5433.21407174,-6076.18,STRAT_EXIT,atr_breakout,2022-10-19,331.91
2022-10-24,US.ORLY,BUY,100,7172.29336908,,SIGNAL,atr_breakout,,
2022-10-26,US.AMGN,SELL,1,32666.683191120992,4228.21,TAKE_PROFIT,boll_mr,2022-09-14,61.07
2022-10-26,US.AMGN,BUY,19,33204.86448692,,SIGNAL,atr_breakout,,
2022-11-04,US.NFLX,SELL,168,3622.6539999999995,-32640.49,STOP_LOSS,atr_breakout,2022-10-19,1249.24
2022-11-04,US.PKX,BUY,107,6007.8932515,,SIGNAL,atr_breakout,,
2022-12-06,US.REGN,SELL,9,103788.56588422,47328.48,STRAT_EXIT,atr_breakout,2022-09-08,1819.93
2022-12-06,US.EXC,BUY,128,5271.02765602,,SIGNAL,atr_breakout,,
2022-12-08,US.FANG,SELL,10,16222.5938133,-9348.12,STOP_LOSS,atr_breakout,2022-10-06,333.64
2022-12-08,US.PDD,BUY,11,12755.4,,SIGNAL,atr_breakout,,
2022-12-12,US.PDD,SELL,11,12049.8,-7894.15,STOP_LOSS,atr_breakout,2022-12-08,272.86
2022-12-12,US.SHG,BUY,38,3606.01433514,,SIGNAL,atr_breakout,,
2022-12-15,US.SHG,SELL,38,3423.70825146,-7057.73,STOP_LOSS,atr_breakout,2022-12-12,267.13
2022-12-16,US.KEP,BUY,127,1097.24474188,,SIGNAL,atr_breakout,,
2023-01-03,US.KEP,SELL,127,1040.9069923,-7287.09,STOP_LOSS,atr_breakout,2022-12-16,271.55
2023-01-03,US.META,BUY,8,17311.57786008,,SIGNAL,atr_breakout,,
2023-01-04,US.PKX,SELL,107,7024.14106604,107986.93,STRAT_EXIT,atr_breakout,2022-11-04,1394.43
2023-01-04,US.ALGN,BUY,16,31448.2,,SIGNAL,atr_breakout,,
2023-01-05,US.ORLY,SELL,100,7786.70670554,60662.66,STRAT_EXIT,atr_breakout,2022-10-24,1495.9
2023-01-05,US.SHG,BUY,143,3712.9672375600003,,SIGNAL,atr_breakout,,
2023-01-06,US.ALGN,SELL,16,29875.79,-25636.57,STOP_LOSS,atr_breakout,2023-01-04,981.18
2023-01-06,US.KB,BUY,127,5515.85866104,,SIGNAL,atr_breakout,,
2023-01-12,US.EXC,SELL,128,5333.73407322,7343.7,STRAT_EXIT,atr_breakout,2022-12-06,1357.41
2023-01-12,US.MELI,BUY,4,143403.4,,SIGNAL,atr_breakout,,
2023-01-13,US.GILD,SELL,67,10736.300637299999,158018.99,STRAT_EXIT,atr_breakout,2022-10-21,1279.93
2023-01-13,US.PKX,BUY,91,7862.4815176600005,,SIGNAL,atr_breakout,,
2023-01-25,US.ISRG,SELL,28,34132.0,127071.5,ATR_TRAIL,atr_breakout,2022-10-19,1783.36
2023-01-25,US.CPRT,BUY,120,4615.1,,SIGNAL,atr_breakout,,
2023-01-26,US.AMGN,SELL,19,31784.652491472352,-27587.94,ATR_TRAIL,atr_breakout,2022-10-26,1234.8
2023-01-26,US.PANW,BUY,67,11137.7,,SIGNAL,atr_breakout,,
2023-01-26,US.QQQ,BUY,43,40188.75048524,,QQQ_BETA_FLOOR,core_etf,,
2023-01-30,US.QQQ,SELL,43,39768.14823534,-19795.93,MA200_BREAK,core_etf,2023-01-26,3438.15
2023-01-31,US.QQQ,BUY,43,40364.11559264,,QQQ_BETA_FLOOR,core_etf,,
2023-02-02,US.HON,SELL,8,26488.156280239284,20326.58,ATR_TRAIL,atr_breakout,2022-10-18,403.27
2023-02-02,US.MSFT,BUY,14,36018.59714936,,SIGNAL,atr_breakout,,
2023-02-06,US.SHG,SELL,143,3959.809094502366,34732.13,ATR_TRAIL,atr_breakout,2023-01-05,1097.21
2023-02-07,US.NVDA,BUY,38,3097.33766482,,SIGNAL,atr_breakout,,
2023-02-09,US.KB,SELL,127,5216.482194,-38683.3,STOP_LOSS,atr_breakout,2023-01-06,1363.01
2023-02-09,US.MSFT,SELL,14,35885.19493762,-2370.02,STRAT_EXIT,atr_breakout,2023-02-02,1006.65
2023-02-09,US.APP,BUY,208,2255.4,,SIGNAL,atr_breakout,,
2023-02-09,US.TSLA,BUY,4,29024.8,,SIGNAL,atr_breakout,,
2023-02-10,US.NVDA,SELL,38,2942.470781579,-5996.76,STOP_LOSS,atr_breakout,2023-02-07,229.51
2023-02-10,US.APP,SELL,208,2140.6,-24323.64,STOP_LOSS,atr_breakout,2023-02-09,914.37
2023-02-10,US.TSLA,SELL,4,27564.6,-5951.06,STOP_LOSS,atr_breakout,2023-02-09,226.36
2023-02-13,US.ORLY,BUY,18,7928.57337286,,SIGNAL,atr_breakout,,
2023-02-13,US.GILD,BUY,12,10888.1296251,,SIGNAL,atr_breakout,,
2023-02-13,US.PEP,BUY,6,22109.85547092,,SIGNAL,atr_breakout,,
2023-02-14,US.GILD,SELL,12,10662.8751432,-2831.01,STRAT_EXIT,atr_breakout,2023-02-13,258.61
2023-02-14,US.CDNS,BUY,21,27872.600000000002,,SIGNAL,atr_breakout,,
2023-02-15,US.BKR,SELL,68,4188.830421860001,73054.03,STRAT_EXIT,atr_breakout,2022-10-18,496.34
2023-02-15,US.ADI,BUY,22,25920.01383538,,SIGNAL,atr_breakout,,
2023-02-21,US.PEP,SELL,6,21912.10179942,-1317.99,STRAT_EXIT,atr_breakout,2023-02-13,264.13
2023-02-21,US.ADI,SELL,22,24571.03156774,-30218.17,STOP_LOSS,atr_breakout,2023-02-15,1110.8
2023-02-21,US.LPL,BUY,674,872.2,,SIGNAL,atr_breakout,,
2023-02-22,US.ORLY,SELL,18,7863.42670596,-1314.18,STRAT_EXIT,atr_breakout,2023-02-13,284.26
2023-02-23,US.NVDA,BUY,123,3305.61486948,,SIGNAL,atr_breakout,,
2023-02-23,US.KDP,BUY,24,4577.99401878,,SIGNAL,atr_breakout,,
2023-02-24,US.LPL,SELL,674,812.0,-41122.09,STOP_LOSS,atr_breakout,2023-02-21,1135.15
2023-02-24,US.KDP,SELL,24,4537.42470048,-1082.56,STRAT_EXIT,atr_breakout,2023-02-23,218.77
2023-02-24,US.LIN,BUY,2,46321.761039259996,,SIGNAL,atr_breakout,,
2023-02-27,US.CRWD,BUY,29,4222.75,,SIGNAL,atr_breakout,,
2023-03-02,US.NVDA,SELL,123,3140.3341260059997,-20715.79,STOP_LOSS,atr_breakout,2023-02-23,792.85
2023-03-02,US.BKNG,BUY,9,14135.57947438,,SIGNAL,atr_breakout,,
2023-03-06,US.PKX,SELL,91,8051.90806252,16505.09,STRAT_EXIT,atr_breakout,2023-01-13,1448.21
2023-03-06,US.VRSK,BUY,5,25649.6793028,,SIGNAL,atr_breakout,,
2023-03-10,US.QQQ,SELL,43,39532.501372139996,-37459.31,MA200_BREAK,core_etf,2023-01-31,3435.55
2023-03-10,US.VRSK,SELL,5,24616.58619924,-5288.55,STRAT_EXIT,atr_breakout,2023-03-06,251.33
2023-03-13,US.BKNG,SELL,9,13373.699361120001,-6977.28,STOP_LOSS,atr_breakout,2023-03-02,247.58
2023-03-13,US.QQQ,BUY,43,39825.689911140005,,QQQ_BETA_FLOOR,core_etf,,
2023-03-15,US.LIN,SELL,2,44005.672987296995,-4720.19,STOP_LOSS,atr_breakout,2023-02-24,180.65
2023-03-15,US.AMD,BUY,11,12555.2,,SIGNAL,atr_breakout,,
2023-03-16,US.NVDA,BUY,179,3568.41827888,,SIGNAL,atr_breakout,,
2023-03-16,US.GOOG,BUY,41,14026.13523346,,SIGNAL,atr_breakout,,
2023-04-11,US.DXCM,SELL,13,16105.6,35881.23,STRAT_EXIT,atr_breakout,2022-10-06,382.65
2023-04-11,US.ISRG,BUY,10,36787.799999999996,,SIGNAL,atr_breakout,,
2023-04-25,US.AMD,SELL,11,11732.0,-9184.25,STOP_LOSS,atr_breakout,2023-03-15,267.16
2023-04-25,US.PEP,BUY,21,23754.31717652,,SIGNAL,atr_breakout,,
2023-05-02,US.PANW,SELL,67,12343.081434973334,79933.57,ATR_TRAIL,atr_breakout,2023-01-26,1573.21
2023-05-02,US.MNST,BUY,51,8055.599999999999,,SIGNAL,atr_breakout,,
2023-05-23,US.PEP,SELL,21,23135.371509063785,-13483.7,ATR_TRAIL,atr_breakout,2023-04-25,984.68
2023-05-23,US.PLTR,BUY,70,1769.6000000000001,,SIGNAL,atr_breakout,,
2023-05-24,US.PLTR,SELL,70,1681.1200000000001,-6311.28,STOP_LOSS,atr_breakout,2023-05-23,241.55
2023-05-24,US.PANW,BUY,29,14301.7,,SIGNAL,atr_breakout,,
2023-07-10,US.MELI,SELL,4,152201.0,34581.6,ATR_TRAIL,atr_breakout,2023-01-12,1182.42
2023-07-10,US.CDNS,SELL,21,32818.799999999996,103181.01,STRAT_EXIT,atr_breakout,2023-02-14,1274.52
2023-07-10,US.IDXX,BUY,8,72969.40000000001,,SIGNAL,atr_breakout,,
2023-07-10,US.FTNT,BUY,53,10900.4,,SIGNAL,atr_breakout,,
2023-07-19,US.GOOG,SELL,41,17038.97184094,122827.7,STRAT_EXIT,atr_breakout,2023-03-16,1273.67
2023-07-19,US.ZS,BUY,19,22545.6,,SIGNAL,atr_breakout,,
2023-07-20,US.ZS,SELL,19,20706.0,-35345.81,STOP_LOSS,atr_breakout,2023-07-19,821.78
2023-07-20,US.CMCSA,BUY,87,5077.00742374,,SIGNAL,atr_breakout,,
2023-07-25,US.FTNT,SELL,53,10967.6,2980.32,STRAT_EXIT,atr_breakout,2023-07-10,1159.0
2023-07-25,US.PKX,BUY,35,17108.44618168,,SIGNAL,atr_breakout,,
2023-07-26,US.PKX,SELL,35,16253.023872595999,-30508.64,STOP_LOSS,atr_breakout,2023-07-25,1167.65
2023-07-26,US.ADP,BUY,18,33068.85568994,,SIGNAL,atr_breakout,,
2023-07-27,US.MNST,SELL,51,8058.400000000001,-268.18,STRAT_EXIT,atr_breakout,2023-05-02,821.81
2023-07-27,US.MU,BUY,59,9841.3490406,,SIGNAL,atr_breakout,,
2023-08-02,US.ISRG,SELL,10,43941.8,71100.58,ATR_TRAIL,atr_breakout,2023-04-11,807.3
2023-08-02,US.MU,SELL,59,9349.28158857,-29583.59,STOP_LOSS,atr_breakout,2023-07-27,1132.25
2023-08-02,US.KDP,BUY,31,4422.33256934,,SIGNAL,atr_breakout,,
2023-08-03,US.MELI,BUY,3,185235.4,,SIGNAL,atr_breakout,,
2023-08-04,US.PANW,SELL,29,15282.4,27997.11,ATR_TRAIL,atr_breakout,2023-05-24,857.94
2023-08-04,US.AMGN,BUY,19,31061.534517580003,,SIGNAL,atr_breakout,,
2023-08-16,US.MELI,SELL,3,174641.6,-32305.32,STOP_LOSS,atr_breakout,2023-08-03,1079.63
2023-08-17,US.IDXX,SELL,8,68098.8,-39509.59,STOP_LOSS,atr_breakout,2023-07-10,1128.55
2023-08-17,US.CSCO,BUY,68,7105.4996254200005,,SIGNAL,atr_breakout,,
2023-08-18,US.ROST,BUY,27,16125.584394079999,,SIGNAL,atr_breakout,,
2023-08-30,US.CPRT,SELL,120,6309.8,202606.82,STRAT_EXIT,atr_breakout,2023-01-25,1310.99
2023-08-30,US.VRSK,BUY,14,33138.871510640005,,SIGNAL,atr_breakout,,
2023-09-15,US.META,SELL,8,41677.408587219994,194593.23,STRAT_EXIT,atr_breakout,2023-01-03,471.91
2023-09-15,US.SHG,BUY,347,3567.09690918,,SIGNAL,atr_breakout,,
2023-09-21,US.CMCSA,SELL,87,5369.57276716,24986.03,STRAT_EXIT,atr_breakout,2023-07-20,908.85
2023-09-21,US.ADP,SELL,18,31302.8203663,-32352.09,STOP_LOSS,atr_breakout,2023-07-26,1158.69
2023-09-21,US.CSCO,SELL,68,6925.0383706,-12742.27,ATR_TRAIL,atr_breakout,2023-08-17,954.08
2023-09-21,US.ROST,SELL,27,15319.305174375999,-22183.16,STOP_LOSS,atr_breakout,2023-08-18,849.01
2023-09-22,US.LIN,BUY,2,50412.37908812,,SIGNAL,boll_mr,,
2023-09-22,US.CPNG,BUY,50,2399.6,,SIGNAL,boll_mr,,
2023-09-22,US.CPRT,BUY,19,6042.4,,SIGNAL,boll_mr,,
2023-09-25,US.KDP,SELL,31,4168.2345285,-8006.25,STOP_LOSS,atr_breakout,2023-08-02,266.31
2023-09-26,US.SHG,SELL,347,3291.64541034,-96723.87,STOP_LOSS,atr_breakout,2023-09-15,2379.98
2023-09-28,US.KDP,BUY,17,4064.9313852,,SIGNAL,boll_mr,,
2023-09-28,US.MNST,BUY,9,7442.4,,SIGNAL,boll_mr,,
2023-10-03,US.MNST,SELL,9,7070.28,-3412.71,STOP_LOSS,boll_mr,2023-09-28,130.61
2023-10-06,US.KDP,SELL,17,3861.6848159399997,-3520.84,STOP_LOSS,boll_mr,2023-09-28,134.75
2023-10-06,US.PDD,BUY,52,14789.6,,SIGNAL,atr_breakout,,
2023-10-06,US.VRTX,BUY,3,50486.8,,SIGNAL,atr_breakout,,
2023-10-06,US.META,BUY,3,43775.781661220004,,SIGNAL,atr_breakout,,
2023-10-12,US.CPNG,SELL,50,2444.4,2117.78,STRAT_EXIT,boll_mr,2023-09-22,242.2
2023-10-12,US.AVGO,BUY,55,12295.82674432,,SIGNAL,atr_breakout,,
2023-10-13,US.META,SELL,3,43673.08350804,-439.11,STRAT_EXIT,atr_breakout,2023-10-06,262.35
2023-10-13,US.FANG,BUY,30,21007.7974197,,SIGNAL,atr_breakout,,
2023-10-16,US.VRSK,SELL,14,33301.53630202,1811.09,STRAT_EXIT,atr_breakout,2023-08-30,930.17
2023-10-16,US.GILD,BUY,60,10144.75987322,,SIGNAL,atr_breakout,,
2023-10-18,US.VRTX,SELL,3,51457.0,2756.23,STRAT_EXIT,atr_breakout,2023-10-06,305.83
2023-10-18,US.UMC,BUY,138,923.70242048,,SIGNAL,atr_breakout,,
2023-10-19,US.AVGO,SELL,55,11783.00278652,-28853.38,STRAT_EXIT,atr_breakout,2023-10-12,1324.34
2023-10-19,US.GILD,SELL,60,10047.41116736,-6443.77,STRAT_EXIT,atr_breakout,2023-10-16,1211.53
2023-10-19,US.NFLX,BUY,90,5624.78,,SIGNAL,atr_breakout,,
2023-10-24,US.CPNG,BUY,56,2535.4,,SIGNAL,atr_breakout,,
2023-10-25,US.UMC,SELL,138,877.5172994559999,-6494.64,STOP_LOSS,atr_breakout,2023-10-18,248.57
2023-10-25,US.CPNG,SELL,56,2408.63,-7234.0,STOP_LOSS,atr_breakout,2023-10-24,276.87
2023-10-25,US.MSFT,BUY,10,46690.02832032,,SIGNAL,atr_breakout,,
2023-10-26,US.MSFT,SELL,10,44938.484122279995,-17964.83,STRAT_EXIT,atr_breakout,2023-10-25,916.29
2023-10-26,US.QCOM,BUY,4,13952.27266608,,SIGNAL,boll_mr,,
2023-10-27,US.FANG,SELL,30,19957.407548715,-32110.42,STOP_LOSS,atr_breakout,2023-10-13,1228.96
2023-10-31,US.AMGN,SELL,19,32911.81334896,34529.97,ATR_TRAIL,atr_breakout,2023-08-04,1215.49
2023-10-31,US.PDD,SELL,52,14050.119999999999,-39183.57,STOP_LOSS,atr_breakout,2023-10-06,1499.67
2023-11-01,US.AMZN,BUY,32,19180.0,,SIGNAL,atr_breakout,,
2023-11-01,US.MELI,BUY,3,182001.4,,SIGNAL,atr_breakout,,
2023-11-01,US.TMUS,BUY,8,19419.46124258,,SIGNAL,atr_breakout,,
2023-11-01,US.DXCM,BUY,11,13178.199999999999,,SIGNAL,atr_breakout,,
2023-11-08,US.QCOM,SELL,4,16045.113565991998,8307.18,TAKE_PROFIT,boll_mr,2023-10-26,119.99
2023-11-08,US.KEP,BUY,576,898.72124342,,SIGNAL,atr_breakout,,
2023-11-10,US.KEP,SELL,576,853.785181249,-26374.95,STOP_LOSS,atr_breakout,2023-11-08,1009.44
2023-11-10,US.AVGO,BUY,52,13000.77299486,,SIGNAL,atr_breakout,,
2023-11-14,US.CPRT,SELL,19,6948.759999999999,17088.81,TAKE_PROFIT,boll_mr,2023-09-22,246.83
2023-11-14,US.SNPS,BUY,8,75364.8,,SIGNAL,atr_breakout,,
2023-12-01,US.AVGO,SELL,52,12350.734345117,-34444.25,STOP_LOSS,atr_breakout,2023-11-10,1318.28
2023-12-01,US.PAYX,BUY,39,15951.2852331,,SIGNAL,atr_breakout,,
2023-12-05,US.AMZN,SELL,32,20563.2,43604.38,STRAT_EXIT,atr_breakout,2023-11-01,1271.78
2023-12-05,US.COST,BUY,5,81725.430521,,SIGNAL,atr_breakout,,
2023-12-12,US.LIN,SELL,2,57974.23595133799,15007.77,TAKE_PROFIT,boll_mr,2023-09-22,216.77
2023-12-12,US.AVGO,BUY,42,14558.93231156,,SIGNAL,atr_breakout,,
2023-12-20,US.NVDA,SELL,179,6723.58879458,563572.0,STRAT_EXIT,atr_breakout,2023-03-16,1842.27
2023-12-20,US.TEAM,BUY,9,33264.0,,SIGNAL,atr_breakout,,
2023-12-29,US.SNPS,SELL,8,71596.56,-30718.69,STOP_LOSS,atr_breakout,2023-11-14,1175.69
2023-12-29,US.MNST,BUY,38,8065.4,,SIGNAL,atr_breakout,,
2024-01-02,US.PAYX,SELL,39,15153.720971444998,-31696.0,STOP_LOSS,atr_breakout,2023-12-01,1213.1
2024-01-02,US.TEAM,SELL,9,31600.8,-15253.21,STOP_LOSS,atr_breakout,2023-12-20,583.78
2024-01-02,US.AMGN,BUY,39,38578.8083401,,SIGNAL,atr_breakout,,
2024-01-02,US.MDLZ,BUY,125,9592.2159011,,SIGNAL,atr_breakout,,
2024-01-23,US.DXCM,SELL,11,17796.8,50608.84,STRAT_EXIT,atr_breakout,2023-11-01,340.72
2024-02-08,US.AMGN,SELL,39,38249.30777458,-14342.25,ATR_TRAIL,atr_breakout,2024-01-02,2996.3
2024-02-08,US.BKNG,BUY,61,21057.91887332,,SIGNAL,atr_breakout,,
2024-02-13,US.MNST,SELL,38,7862.4,-8012.77,STRAT_EXIT,atr_breakout,2023-12-29,605.26
2024-02-14,US.MDLZ,SELL,125,9251.321571348824,-43768.21,ATR_TRAIL,atr_breakout,2024-01-02,2355.44
2024-02-14,US.EA,BUY,67,19794.89329566,,SIGNAL,atr_breakout,,
2024-02-21,US.CRWD,SELL,29,9580.685526119114,155102.29,ATR_TRAIL,atr_breakout,2023-02-27,400.3
2024-02-21,US.EXC,BUY,244,4612.5857253,,SIGNAL,atr_breakout,,
2024-02-23,US.BKNG,SELL,61,19224.99785248,-112980.91,STOP_LOSS,atr_breakout,2024-02-08,2457.26
2024-02-23,US.KEP,BUY,942,1207.23749118,,SIGNAL,atr_breakout,,
2024-02-28,US.EA,SELL,67,19405.707786500003,-27375.61,STRAT_EXIT,atr_breakout,2024-02-14,2626.44
2024-02-28,US.CEG,BUY,49,23551.147260619997,,SIGNAL,atr_breakout,,
2024-03-01,US.TMUS,SELL,8,22055.16405064,20909.18,STRAT_EXIT,atr_breakout,2023-11-01,331.8
2024-03-04,US.MELI,SELL,3,218364.58390819546,108434.46,ATR_TRAIL,atr_breakout,2023-11-01,1201.1
2024-03-08,US.COST,SELL,5,100329.2025498,92517.21,ATR_TRAIL,atr_breakout,2023-12-05,910.27
2024-03-08,US.SHG,BUY,202,4460.088790780001,,SIGNAL,atr_breakout,,
2024-03-19,US.KEP,SELL,942,1132.1204916,-71826.67,STOP_LOSS,atr_breakout,2024-02-23,2203.68
2024-03-19,US.BKR,BUY,278,4439.39187706,,SIGNAL,atr_breakout,,
2024-04-02,US.SHG,SELL,202,4307.30144869061,-31733.12,ATR_TRAIL,atr_breakout,2024-03-08,1771.01
2024-04-02,US.FANG,BUY,9,26253.9900973,,SIGNAL,atr_breakout,,
2024-04-02,US.XEL,BUY,35,7031.47983804,,SIGNAL,atr_breakout,,
2024-04-10,US.XEL,SELL,35,6988.57324872,-1746.33,STRAT_EXIT,atr_breakout,2024-04-02,490.7
2024-04-11,US.DDOG,BUY,45,18312.0,,SIGNAL,atr_breakout,,
2024-04-17,US.DDOG,SELL,45,17297.0,-46453.36,STOP_LOSS,atr_breakout,2024-04-11,1602.4
2024-04-19,US.NFLX,SELL,90,7765.48974929418,191964.98,ATR_TRAIL,atr_breakout,2023-10-19,1205.12
2024-04-19,US.KDP,BUY,68,4125.9962072,,SIGNAL,atr_breakout,,
2024-04-22,US.ASX,BUY,80,1337.35474236,,SIGNAL,boll_mr,,
2024-04-22,US.PEP,BUY,11,22749.2545287,,SIGNAL,atr_breakout,,
2024-04-23,US.PEP,SELL,11,22073.712798340002,-7673.77,STRAT_EXIT,atr_breakout,2024-04-22,493.05
2024-04-23,US.PDD,BUY,65,17922.800000000003,,SIGNAL,atr_breakout,,
2024-04-26,US.EXC,SELL,244,4804.92740714,45758.97,STRAT_EXIT,atr_breakout,2024-02-21,2297.87
2024-04-26,US.GOOGL,BUY,48,23861.41489214,,SIGNAL,atr_breakout,,
2024-04-30,US.GOOGL,SELL,48,22588.898610879998,-62165.05,STOP_LOSS,atr_breakout,2024-04-26,2229.62
2024-04-30,US.NXPI,BUY,25,34470.1458367,,SIGNAL,atr_breakout,,
2024-05-10,US.ASX,SELL,80,1382.0208143,3462.72,STRAT_EXIT,boll_mr,2024-04-22,217.55
2024-05-28,US.BKR,SELL,278,4359.8206699600005,-23332.83,STRAT_EXIT,atr_breakout,2024-03-19,2446.18
2024-05-28,US.FANG,SELL,9,26168.78213824,-1002.39,STRAT_EXIT,atr_breakout,2024-04-02,471.8
2024-05-28,US.NVDA,BUY,81,15918.59288362,,SIGNAL,atr_breakout,,
2024-05-31,US.NVDA,SELL,81,15122.663239439,-65695.24,STOP_LOSS,atr_breakout,2024-05-28,2514.34
2024-05-31,US.TMUS,BUY,54,23710.1138064,,SIGNAL,atr_breakout,,
2024-07-09,US.KDP,SELL,68,4211.47674668,5526.3,ATR_TRAIL,atr_breakout,2024-04-19,566.95
2024-07-11,US.NXPI,SELL,25,37077.35896522,64253.39,STRAT_EXIT,atr_breakout,2024-04-30,1788.69
2024-07-11,US.AEP,BUY,106,11880.53069644,,SIGNAL,atr_breakout,,
2024-07-17,US.CEG,SELL,49,25824.7621177,110141.71,ATR_TRAIL,atr_breakout,2024-02-28,2419.42
2024-07-17,US.CMCSA,BUY,258,4907.98174524,,SIGNAL,atr_breakout,,
2024-07-22,US.CMCSA,SELL,258,4779.810751239999,-34301.31,STRAT_EXIT,atr_breakout,2024-07-17,2499.45
2024-07-22,US.SHG,BUY,244,5163.79615346,,SIGNAL,atr_breakout,,
2024-07-25,US.AVGO,SELL,42,20510.65899652,249111.07,ATR_TRAIL,atr_breakout,2023-12-12,1472.92
2024-07-30,US.PDD,SELL,65,17242.399999999998,-45346.76,ATR_TRAIL,atr_breakout,2024-04-23,2285.74
2024-07-30,US.ORLY,BUY,131,10648.400053200001,,SIGNAL,atr_breakout,,
2024-09-11,US.SHG,SELL,244,5246.911767968578,18999.96,ATR_TRAIL,atr_breakout,2024-07-22,2540.21
2024-09-11,US.APP,BUY,101,13659.8,,SIGNAL,atr_breakout,,
2024-10-23,US.AEP,SELL,106,13306.513500140001,149743.69,STRAT_EXIT,atr_breakout,2024-07-11,2669.83
2024-10-23,US.TTWO,BUY,13,22541.399999999998,,SIGNAL,atr_breakout,,
2024-10-24,US.KEP,BUY,1194,1111.99986674,,SIGNAL,atr_breakout,,
2024-11-08,US.KEP,SELL,1194,1056.399873403,-67647.73,STOP_LOSS,atr_breakout,2024-10-24,2589.07
2024-11-08,US.FTNT,BUY,102,12885.6,,SIGNAL,atr_breakout,,
2024-12-17,US.TMUS,SELL,54,30115.72366978,344276.68,ATR_TRAIL,atr_breakout,2024-05-31,2906.6
2024-12-17,US.TSLA,BUY,20,67180.40000000001,,SIGNAL,atr_breakout,,
2024-12-18,US.TSLA,SELL,20,61618.2,-112476.36,STOP_LOSS,atr_breakout,2024-12-17,2575.97
2024-12-19,US.GEHC,BUY,37,10810.70502988,,SIGNAL,boll_mr,,
2024-12-19,US.ADI,BUY,4,28450.00730012,,SIGNAL,boll_mr,,
2024-12-20,US.ISRG,BUY,1,73420.2,,SIGNAL,boll_mr,,
2025-01-03,US.ADI,SELL,4,29489.2582166,4039.05,STRAT_EXIT,boll_mr,2024-12-19,231.76
2025-01-03,US.TSM,BUY,9,28675.0971668,,SIGNAL,atr_breakout,,
2025-01-14,US.ISRG,SELL,1,75443.2,1947.56,STRAT_EXIT,boll_mr,2024-12-20,148.86
2025-01-27,US.GEHC,SELL,37,12432.310784362,59539.42,TAKE_PROFIT,boll_mr,2024-12-19,859.99
2025-01-27,US.TSM,SELL,9,26434.53303358,-20402.99,STOP_LOSS,atr_breakout,2025-01-03,495.99
2025-01-27,US.AEP,BUY,99,13676.0924125,,SIGNAL,atr_breakout,,
2025-01-29,US.AEP,SELL,99,12992.287791875,-68982.89,STOP_LOSS,atr_breakout,2025-01-27,2640.17
2025-01-29,US.SBUX,BUY,92,14627.43812418,,SIGNAL,atr_breakout,,
2025-01-31,US.TTWO,SELL,13,25971.399999999998,44252.37,STRAT_EXIT,atr_breakout,2024-10-23,630.67
2025-02-26,US.APP,SELL,101,46340.0,3296019.86,ATR_TRAIL,atr_breakout,2024-09-11,6059.98
2025-02-26,US.INTU,BUY,18,86713.15001398,,SIGNAL,atr_breakout,,
2025-03-04,US.INTU,SELL,18,82377.492513281,-79524.63,STOP_LOSS,atr_breakout,2025-02-26,3043.63
2025-03-04,US.OKTA,BUY,110,15163.4,,SIGNAL,atr_breakout,,
2025-03-06,US.QQQ,SELL,43,67842.9215394,1201823.71,MA200_BREAK,core_etf,2023-03-13,4629.75
2025-03-06,US.PKX,BUY,315,6831.88468662,,SIGNAL,atr_breakout,,
2025-03-07,US.SBUX,SELL,92,14044.01334358548,-54967.13,ATR_TRAIL,atr_breakout,2025-01-29,2637.77
2025-03-07,US.FAST,BUY,392,5454.35387364,,SIGNAL,atr_breakout,,
2025-03-10,US.FTNT,SELL,102,13445.6,55748.55,ATR_TRAIL,atr_breakout,2024-11-08,2685.78
2025-03-11,US.FAST,SELL,392,5274.9971509199995,-72375.63,STRAT_EXIT,atr_breakout,2025-03-07,4205.91
2025-03-21,US.EA,BUY,26,20096.738812220003,,SIGNAL,atr_breakout,,
2025-03-21,US.MNST,BUY,64,8023.400000000001,,SIGNAL,atr_breakout,,
2025-03-24,US.AMD,BUY,103,15939.0,,SIGNAL,atr_breakout,,
2025-03-27,US.AMD,SELL,103,14931.0,-105361.89,STOP_LOSS,atr_breakout,2025-03-24,3179.61
2025-03-31,US.PKX,SELL,315,6409.78048074,-134981.91,STOP_LOSS,atr_breakout,2025-03-06,4171.12
2025-03-31,US.UMC,BUY,2162,941.4257061999999,,SIGNAL,atr_breakout,,
2025-03-31,US.EXC,BUY,351,6171.4472859200005,,SIGNAL,atr_breakout,,
2025-04-02,US.OKTA,SELL,110,14405.23,-84983.28,STOP_LOSS,atr_breakout,2025-03-04,3252.55
2025-04-02,US.UMC,SELL,2162,884.8084958999999,-124319.36,STOP_LOSS,atr_breakout,2025-03-31,3948.32
2025-04-02,US.CPRT,BUY,68,8045.8,,SIGNAL,atr_breakout,,
2025-04-02,US.LIN,BUY,8,64683.8172582,,SIGNAL,atr_breakout,,
2025-04-03,US.KDP,BUY,347,4792.15694104,,SIGNAL,atr_breakout,,
2025-04-04,US.EA,SELL,26,18848.87478068,-32934.54,STOP_LOSS,atr_breakout,2025-03-21,1012.59
2025-04-04,US.CPRT,SELL,68,7631.4,-28698.14,STOP_LOSS,atr_breakout,2025-04-02,1066.05
2025-04-04,US.LIN,SELL,8,60307.66936264,-35491.64,STOP_LOSS,atr_breakout,2025-04-02,999.93
2025-04-04,US.KDP,SELL,347,4547.37092824,-86518.68,STOP_LOSS,atr_breakout,2025-04-03,3240.82
2025-04-07,US.CMCSA,BUY,54,4148.93942204,,SIGNAL,boll_mr,,
2025-04-07,US.WF,BUY,52,4228.77942648,,SIGNAL,boll_mr,,
2025-04-08,US.WF,SELL,52,4017.340455156,-11203.73,STOP_LOSS,boll_mr,2025-04-07,428.8
2025-04-09,US.EXC,SELL,351,5862.874921624,-110366.77,STOP_LOSS,atr_breakout,2025-03-31,4224.05
2025-04-09,US.KEP,BUY,2015,1066.00294514,,SIGNAL,atr_breakout,,
2025-04-09,US.CPRT,BUY,66,8192.800000000001,,SIGNAL,atr_breakout,,
2025-04-09,US.ROST,BUY,27,18953.38385024,,SIGNAL,atr_breakout,,
2025-04-09,US.ISRG,BUY,6,73213.0,,SIGNAL,atr_breakout,,
2025-04-10,US.ISRG,SELL,6,68532.8,-28492.4,STOP_LOSS,atr_breakout,2025-04-09,850.47
2025-04-11,US.FAST,BUY,302,5499.36354562,,SIGNAL,atr_breakout,,
2025-04-22,US.ORLY,SELL,131,13006.37339834,307190.67,STRAT_EXIT,atr_breakout,2024-07-30,3098.78
2025-04-22,US.WF,BUY,423,4867.4114216,,SIGNAL,atr_breakout,,
2025-04-24,US.CMCSA,SELL,54,3941.492450938,-11414.98,STOP_LOSS,boll_mr,2025-04-07,436.88
2025-04-25,US.FAST,SELL,302,5535.165942879999,9140.7,STRAT_EXIT,atr_breakout,2025-04-11,3332.43
2025-04-25,US.WF,SELL,423,4624.040850519999,-104901.72,STOP_LOSS,atr_breakout,2025-04-22,4014.88
2025-04-25,US.PLTR,BUY,36,15789.2,,SIGNAL,atr_breakout,,
2025-04-25,US.CDNS,BUY,40,40548.2,,SIGNAL,atr_breakout,,
2025-04-25,US.CRWD,BUY,90,14870.8,,SIGNAL,atr_breakout,,
2025-04-28,US.CPRT,SELL,66,8373.4,11366.96,STRAT_EXIT,atr_breakout,2025-04-09,1093.37
2025-05-06,US.PLTR,SELL,36,14999.74,-28960.55,STOP_LOSS,atr_breakout,2025-04-25,1108.4
2025-05-06,US.CEG,BUY,36,38082.50039538,,SIGNAL,atr_breakout,,
2025-05-23,US.ROST,SELL,27,18005.714657728,-26073.22,STOP_LOSS,atr_breakout,2025-04-09,997.9
2025-05-29,US.CDNS,SELL,40,39168.155697467155,-56768.5,ATR_TRAIL,atr_breakout,2025-04-25,3188.65
2025-05-29,US.SHG,BUY,395,5634.11996238,,SIGNAL,atr_breakout,,
2025-06-24,US.MNST,SELL,64,8899.8,55520.01,STRAT_EXIT,atr_breakout,2025-03-21,1083.08
2025-08-07,US.CRWD,SELL,90,14875.0,-960.75,ATR_TRAIL,atr_breakout,2025-04-25,2677.12
2025-08-07,US.APP,BUY,22,61227.6,,SIGNAL,atr_breakout,,
2025-08-19,US.APP,SELL,22,57764.0,-77470.01,STOP_LOSS,atr_breakout,2025-08-07,2617.82
2025-08-19,US.FAST,BUY,312,6874.99843296,,SIGNAL,atr_breakout,,
2025-09-05,US.FAST,SELL,312,6531.248511312,-109287.73,STOP_LOSS,atr_breakout,2025-08-19,4182.75
2025-09-05,US.AVGO,BUY,20,46543.56934304,,SIGNAL,atr_breakout,,
2025-09-11,US.KEP,SELL,2015,1862.11455948,1600412.74,STRAT_EXIT,atr_breakout,2025-04-09,5900.16
2025-09-11,US.MU,BUY,90,21049.25781504,,SIGNAL,atr_breakout,,
2025-09-11,US.LRCX,BUY,143,16092.13830294,,SIGNAL,atr_breakout,,
2025-09-18,US.SHG,SELL,395,6739.32133434,433892.51,STRAT_EXIT,atr_breakout,2025-05-29,4887.51
2025-09-18,US.CRWD,BUY,117,17592.05,,SIGNAL,atr_breakout,,
2025-09-24,US.CRWD,SELL,117,16671.55,-109649.07,STOP_LOSS,atr_breakout,2025-09-18,4008.84
2025-09-24,US.XEL,BUY,221,10666.88437444,,SIGNAL,atr_breakout,,
2025-12-10,US.XEL,SELL,221,10213.81896598,-102384.71,ATR_TRAIL,atr_breakout,2025-09-24,4614.64
2025-12-10,US.ROST,BUY,92,25351.11628672,,SIGNAL,atr_breakout,,
2025-12-17,US.AVGO,SELL,20,45388.4362813,-24010.43,ATR_TRAIL,atr_breakout,2025-09-05,1838.64
2026-01-16,US.CEG,SELL,36,42955.154099340005,173869.15,ATR_TRAIL,atr_breakout,2025-05-06,2917.36
2026-01-16,US.HON,BUY,71,33193.01353452,,SIGNAL,atr_breakout,,
2026-03-20,US.HON,SELL,71,33678.62970962,32087.57,ATR_TRAIL,atr_breakout,2026-01-16,4747.89
2026-03-23,US.XEL,BUY,66,10692.42687996,,SIGNAL,boll_mr,,
2026-03-30,US.MU,SELL,90,45052.0,2156192.12,ATR_TRAIL,atr_breakout,2025-09-11,5949.11
2026-03-31,US.EA,BUY,106,28514.83761756,,SIGNAL,atr_breakout,,
2026-04-13,US.ROST,SELL,92,30872.47237802,505124.49,STRAT_EXIT,atr_breakout,2025-12-10,5172.57
2026-04-13,US.XEL,SELL,66,11178.76208568,31360.33,STRAT_EXIT,boll_mr,2026-03-23,1443.5
2026-04-13,US.ASX,BUY,496,3717.0,,SIGNAL,atr_breakout,,
2026-05-28,US.EA,SELL,106,28161.0,-40491.85,STRAT_EXIT,atr_breakout,2026-03-31,6007.64
2026-05-28,US.SNOW,BUY,39,33488.0,,SIGNAL,atr_breakout,,
2026-05-28,US.APP,BUY,14,83984.59999999999,,SIGNAL,atr_breakout,,
2026-05-28,US.ARM,BUY,13,46937.799999999996,,SIGNAL,atr_breakout,,
2026-06-03,US.APP,SELL,14,79785.36999999998,-59906.22,STOP_LOSS,atr_breakout,2026-05-28,2292.78
2026-06-03,US.FAST,BUY,457,6504.400000000001,,SIGNAL,atr_breakout,,
2026-06-09,US.ARM,SELL,13,44590.909999999996,-31089.25,STOP_LOSS,atr_breakout,2026-05-28,1189.87
2026-06-10,US.FAST,SELL,457,6444.2,-30456.4,STRAT_EXIT,atr_breakout,2026-06-03,5917.51
2026-06-10,US.MDLZ,BUY,259,8910.51005768,,SIGNAL,atr_breakout,,
2026-06-16,US.MDLZ,SELL,259,8464.984554796,-117583.54,STOP_LOSS,atr_breakout,2026-06-10,4500.25
2026-06-16,US.CPNG,BUY,557,2524.2000000000003,,SIGNAL,atr_breakout,,
2026-06-18,US.SNOW,SELL,39,31813.6,-66542.33,STOP_LOSS,atr_breakout,2026-05-28,2546.76
2026-06-18,US.TSM,BUY,27,64696.8,,SIGNAL,atr_breakout,,
2026-06-23,US.CPNG,SELL,557,2397.9900000000002,-71634.65,STOP_LOSS,atr_breakout,2026-06-16,2741.66
2026-06-23,US.TSM,SELL,27,61094.6,-98908.95,STOP_LOSS,atr_breakout,2026-06-18,3396.37
2026-06-23,US.AEP,BUY,131,18723.600000000002,,SIGNAL,atr_breakout,,
2026-06-23,US.VRTX,BUY,9,65578.8,,SIGNAL,atr_breakout,,
2026-07-01,US.AEP,SELL,131,18907.0,21548.58,STRAT_EXIT,atr_breakout,2026-06-23,4929.61
2026-07-01,US.PANW,BUY,36,49285.600000000006,,SIGNAL,atr_breakout,,
2026-07-01,US.OKTA,BUY,74,19664.4,,SIGNAL,atr_breakout,,
