date,code,side,qty,price,pnl,reason,strategy,entry_date,fee,entry_price,regime_at_entry,confidence_at_entry,duration_at_entry,regime_at_exit,confidence_at_exit,duration_at_exit,replacement_to,replacement_score_delta,replacement_type,replacement_stability_score,holding_days,pct_return
2015-03-17,US.REGN,SELL,12,448.06920497,-5.38,ATR_TRAIL,atr_breakout,2015-03-16,10.75,448.06920497,,,,,,,,,,,1,-0.0010005894811792545
2015-03-18,US.AMGN,SELL,17,117.642047435,-2.0,ATR_TRAIL,atr_breakout,2015-03-16,4.0,117.642047435,,,,,,,,,,,2,-0.001000042598617065
2015-03-23,US.AMGN,SELL,23,120.174854811,-2.76,ATR_TRAIL,atr_breakout,2015-03-18,5.53,120.174854811,,,,,,,,,,,5,-0.0009985449966943998
2015-03-25,US.STM,SELL,879,8.037445751,-170.44,ATR_TRAIL,atr_breakout,2015-03-16,14.29,8.223306609,,,,,,,,,,,9,-0.02357958553253949
2015-03-25,US.COHR,SELL,24,17.68,-9.3,ATR_TRAIL,atr_breakout,2015-03-16,0.86,18.05,,,,,,,,,,,9,-0.02146814404432133
2015-03-25,US.REGN,SELL,6,450.271019245,-84.88,ATR_TRAIL,atr_breakout,2015-03-17,5.49,463.967890929,,,,,,,,,,,8,-0.030490615715542048
2015-03-26,US.CTAS,SELL,148,18.028274734049997,-143.1,STOP_LOSS,atr_breakout,2015-03-16,5.48,18.977131299,,,,,,,,,,,10,-0.050950371616116825
2015-03-30,US.RSP,SELL,10,67.443323609,17.33,STRAT_EXIT,boll_mr,2015-03-11,1.33,65.642858534,,,,,,,,,,,19,0.02640043469621886
2015-04-01,US.ORLY,SELL,167,14.337000071,-2.39,ATR_TRAIL,atr_breakout,2015-03-16,4.79,14.337000071,,,,,,,,,,,16,-0.0009982128182071473
2015-04-01,US.SLV,SELL,38,16.23,-3.28,STRAT_EXIT,atr_breakout,2015-03-23,1.24,16.3,,,,,,,,,,,9,-0.005295447206974491
2015-04-06,US.ADI,SELL,88,49.21252560825,-232.26,STOP_LOSS,atr_breakout,2015-03-30,8.89,51.802658535,,,,,,,,,,,7,-0.0509494735687156
2015-04-06,US.EA,SELL,64,55.432505667,-149.5,STRAT_EXIT,atr_breakout,2015-03-30,7.24,57.713079693,,,,,,,,,,,7,-0.04047501038630807
2015-04-10,US.MDLZ,SELL,23,28.68980668,13.27,ACTIVE_REPLACEMENT,atr_breakout,2015-04-02,1.31,28.084039448,,,,,,,US.ISRG,59.01,OBSERVATION_EVICT,,8,0.020543929330658246
2015-04-10,US.WDAY,SELL,11,88.7,1.22,ACTIVE_REPLACEMENT,atr_breakout,2015-04-06,1.95,88.5,,,,,,,US.DXCM,50.45,OBSERVATION_EVICT,,4,0.0012532100667693887
2015-04-10,US.GLD,SELL,6,115.966,23.28,ACTIVE_REPLACEMENT,boll_mr,2015-03-09,1.37,111.97,,,,,,,US.GE,50.41,OBSERVATION_EVICT,,32,0.034652138965794416
2015-04-13,US.ISRG,SELL,59,58.927709839,-3.48,ATR_TRAIL,atr_breakout,2015-04-10,6.95,58.927709839,,,,,,,,,,,3,-0.0010009391338745188
2015-04-14,US.CDNS,SELL,163,18.65,-71.5,STRAT_EXIT,atr_breakout,2015-04-08,6.15,19.07,,,,,,,,,,,6,-0.023002113620790052
2015-04-15,US.CAT,SELL,10,62.396406984,-0.62,ATR_TRAIL,atr_breakout,2015-04-14,1.25,62.396406984,,,,,,,,,,,1,-0.0009936469581637666
2015-04-15,US.VRSK,SELL,9,69.071406227,2.63,ACTIVE_REPLACEMENT,atr_breakout,2015-04-02,1.24,68.710124267,,,,,,,US.CCJ,48.86,OBSERVATION_EVICT,,13,0.004252971819504776
2015-04-17,US.PAYX,SELL,131,34.020578861,-256.0,STOP_LOSS,atr_breakout,2015-03-16,9.16,35.940754449,,,,,,,,,,,32,-0.05437277272672319
2015-04-17,US.GE,SELL,20,115.99158990279999,-124.42,STOP_LOSS,atr_breakout,2015-04-10,4.76,122.096410424,,,,,,,,,,,7,-0.05095153885684721
2015-04-21,US.SNPS,SELL,16,47.29,-5.4,STRAT_EXIT,atr_breakout,2015-04-08,1.52,47.58,,,,,,,,,,,13,-0.007093316519546028
2015-04-21,US.STX,SELL,21,35.308308854,11.7,ACTIVE_REPLACEMENT,atr_breakout,2015-04-17,1.47,34.71590785,,,,,,,US.PCAR,52.62,OBSERVATION_EVICT,,4,0.01604863279249824
2015-04-27,US.COHR,SELL,141,18.7,-32.25,STRAT_EXIT,atr_breakout,2015-04-02,5.3,18.91,,,,,,,,,,,25,-0.01209536775543729
2015-04-27,US.DXCM,SELL,177,16.89,-17.59,ATR_TRAIL,atr_breakout,2015-04-10,5.99,16.9725,,,,,,,,,,,17,-0.005855267702073726
2015-04-29,US.PCAR,SELL,82,28.802905733,-19.46,STRAT_EXIT,atr_breakout,2015-04-21,4.74,29.011443267,,,,,,,,,,,8,-0.00818011951307075
2015-04-30,US.INTU,SELL,19,91.775358035,19.2,STRAT_EXIT,atr_breakout,2015-03-16,3.47,90.672907363,,,,,,,,,,,45,0.011144743729722174
2015-05-06,US.CIEN,SELL,106,20.7575,-118.01,STOP_LOSS,atr_breakout,2015-04-20,4.52,21.85,,,,,,,,,,,16,-0.05095203143214887
2015-05-06,US.VRSK,SELL,33,68.919287507,-139.07,STOP_LOSS,atr_breakout,2015-04-29,4.69,73.064522623,,,,,,,,,,,7,-0.05767836800887852
2015-05-07,US.FANG,SELL,66,57.974807174,-80.9,ATR_TRAIL,atr_breakout,2015-03-26,7.73,59.142639644,,,,,,,,,,,42,-0.020725445856590686
2015-05-07,US.CCJ,SELL,162,14.681739486,-2.38,ATR_TRAIL,atr_breakout,2015-04-15,4.76,14.681739486,,,,,,,,,,,22,-0.001000655136177871
2015-05-07,US.COPX,SELL,125,19.327616677,-2.42,ATR_TRAIL,atr_breakout,2015-04-27,4.83,19.327616677,,,,,,,,,,,10,-0.0010016754948911281
2015-05-13,US.EA,SELL,10,59.129946959,-0.59,ATR_TRAIL,atr_breakout,2015-05-06,1.18,59.129946959,,,,,,,,,,,7,-0.000997802349474622
2015-05-13,US.ADP,SELL,11,67.262764391,-9.66,STRAT_EXIT,atr_breakout,2015-05-08,1.49,68.073253036,,,,,,,,,,,5,-0.012900541387634272
2015-05-14,US.NXPI,SELL,8,90.452085185,-10.03,ACTIVE_REPLACEMENT,atr_breakout,2015-05-08,1.46,91.615116087,,,,,,,US.ADBE,48.3,OBSERVATION_EVICT,,6,-0.0136849687425971
2015-05-15,US.INTU,SELL,8,93.604827945,-3.82,STRAT_EXIT,atr_breakout,2015-05-08,1.5,93.989016626,,,,,,,,,,,7,-0.005080380848116141
2015-05-19,US.SLV,SELL,215,16.35,-3.52,ATR_TRAIL,atr_breakout,2015-05-13,7.03,16.35,,,,,,,,,,,6,-0.0010013512552450039
2015-05-19,US.QCOM,SELL,10,50.164291868,-10.88,STRAT_EXIT,atr_breakout,2015-05-15,1.01,51.201875613,,,,,,,,,,,4,-0.021249221575854935
2015-05-20,US.REGN,SELL,1,508.569507122,8.04,ACTIVE_REPLACEMENT,atr_breakout,2015-05-19,1.01,500.020120162,,,,,,,US.ADI,48.0,OBSERVATION_EVICT,,1,0.016079352961627113
2015-05-22,US.ROK,SELL,6,101.151128006,9.87,ACTIVE_REPLACEMENT,atr_breakout,2015-05-13,1.2,99.405052449,,,,,,,US.INTU,42.51,OBSERVATION_EVICT,,9,0.016548454625522895
2015-05-26,US.ADBE,SELL,35,79.365,-5.05,STRAT_EXIT,atr_breakout,2015-05-14,5.56,79.43,,,,,,,,,,,12,-0.0018165140914731747
2015-05-26,US.TTWO,SELL,109,27.189,-158.94,STOP_LOSS,atr_breakout,2015-05-19,6.08,28.62,,,,,,,,,,,7,-0.050949166233916106
2015-05-27,US.PANW,SELL,18,26.774732089,-10.05,ACTIVE_REPLACEMENT,atr_breakout,2015-05-26,0.97,27.306393436,,,,,,,US.AVGO,54.71,OBSERVATION_EVICT,,1,-0.020446981936371064
2015-06-04,US.AVGO,SELL,215,10.638795198,-7.11,ATR_TRAIL,atr_breakout,2015-05-27,4.58,10.661217559,,,,,,,,,,,8,-0.0031018753025955823
2015-06-08,US.ADI,SELL,47,52.897700074,-2.49,ATR_TRAIL,atr_breakout,2015-05-20,4.97,52.897700074,,,,,,,,,,,19,-0.0010015316985453428
2015-06-09,US.TMUS,SELL,77,36.865131772,-2.84,ATR_TRAIL,atr_breakout,2015-05-26,5.68,36.865131772,,,,,,,,,,,14,-0.0010004878623851969
2015-06-15,US.CAT,SELL,43,66.097359944,85.45,STRAT_EXIT,atr_breakout,2015-04-15,5.6,64.043943262,,,,,,,,,,,61,0.031028840529010296
2015-06-16,US.EQIX,SELL,11,197.029982134,-2.17,ATR_TRAIL,atr_breakout,2015-04-30,4.33,197.029982134,,,,,,,,,,,47,-0.0010012320213202992
2015-06-17,US.CIEN,SELL,24,26.03,2.5,ACTIVE_REPLACEMENT,atr_breakout,2015-06-15,1.25,25.9,,,,,,,US.AMD,49.45,OBSERVATION_EVICT,,2,0.004021879021879023
2015-06-18,US.TXN,SELL,6,40.136799061,5.56,ACTIVE_REPLACEMENT,boll_mr,2015-06-09,0.48,39.170762123,,,,,,,US.DXCM,57.72,OBSERVATION_EVICT,,9,0.023657100767068128
2015-06-19,US.AMD,SELL,1276,2.47,-3.15,ATR_TRAIL,atr_breakout,2015-06-17,6.3,2.47,,,,,,,,,,,2,-0.0009994542662419249
2015-06-22,US.DLR,SELL,15,45.843323553,5.01,ACTIVE_REPLACEMENT,atr_breakout,2015-06-16,1.37,45.463331529,,,,,,,US.TSEM,44.76,OBSERVATION_EVICT,,6,0.007346579952834059
2015-06-24,US.FN,SELL,100,19.82,-17.98,ATR_TRAIL,atr_breakout,2015-06-19,3.98,19.98,,,,,,,,,,,5,-0.008998998998999
2015-06-26,US.TSEM,SELL,142,15.81,-171.23,STOP_LOSS,atr_breakout,2015-06-22,4.66,17.0,,,,,,,,,,,4,-0.07093206296603148
2015-06-29,US.INTU,SELL,21,92.406525154,-112.2,STOP_LOSS,atr_breakout,2015-05-22,3.99,97.657103795,,,,,,,,,,,38,-0.05471037881763083
2015-06-29,US.GILD,SELL,35,79.525884523,-45.94,ATR_TRAIL,atr_breakout,2015-06-10,5.61,80.759029764,,,,,,,,,,,19,-0.016252937069788007
2015-07-02,US.MNST,SELL,105,22.073029267499997,-124.3,STOP_LOSS,atr_breakout,2015-06-26,4.76,23.23476765,,,,,,,,,,,6,-0.05094991874427132
2015-07-07,US.ANET,SELL,476,4.818125,-2.29,ATR_TRAIL,atr_breakout,2015-06-05,4.59,4.818125,,,,,,,,,,,32,-0.0009985055119466387
2015-07-09,US.SOXX,SELL,29,26.1718711152,-40.71,STOP_LOSS,boll_mr,2015-06-30,1.56,27.549338016,,,,,,,,,,,9,-0.050955602005136616
2015-07-13,US.GLW,SELL,58,14.1196888515,-43.92,STOP_LOSS,boll_mr,2015-06-30,1.68,14.86283037,,,,,,,,,,,13,-0.05094866593100631
2015-07-14,US.AEP,SELL,78,35.234451879,-51.4,STRAT_EXIT,atr_breakout,2015-07-07,5.55,35.858207004,,,,,,,,,,,7,-0.01837722557909407
2015-07-22,US.FTNT,SELL,367,8.459999999,306.64,STRAT_EXIT,atr_breakout,2015-04-21,5.9,7.616,,,,,,,,,,,92,0.10970737068669431
2015-07-22,US.TSLA,SELL,196,17.85782142,471.08,STRAT_EXIT,atr_breakout,2015-04-27,6.53,15.4365123,Bull,82.38027429959278,1.0,Correction,84.42800379774938,1.0,,,,,86,0.1557002865054629
2015-07-23,US.IDXX,SELL,36,66.842,-129.05,STOP_LOSS,atr_breakout,2015-07-22,4.94,70.36,,,,,,,,,,,1,-0.05094829764386331
2015-07-27,US.COST,SELL,15,120.394043331,17.35,STRAT_EXIT,atr_breakout,2015-07-10,3.59,119.117073582,,,,,,,,,,,17,0.009710334815020613
2015-07-28,US.EQIX,SELL,2,216.307507953,3.53,ACTIVE_REPLACEMENT,atr_breakout,2015-07-27,0.86,214.324172637,,,,,,,US.CDNS,59.54,OBSERVATION_EVICT,,1,0.008235188678364215
2015-08-03,US.ISRG,SELL,51,58.04172756635,-158.76,STOP_LOSS,atr_breakout,2015-07-22,6.08,61.096555333,,,,,,,,,,,12,-0.050951173261795976
2015-08-06,US.FTNT,SELL,269,9.328,-12.73,ATR_TRAIL,atr_breakout,2015-07-23,5.03,9.366,,,,,,,,,,,14,-0.0050526820493646644
2015-08-06,US.MNST,SELL,72,24.14475855,-133.02,STOP_LOSS,atr_breakout,2015-08-03,3.61,25.96807365,,,,,,,,,,,3,-0.07114505391893018
2015-08-10,US.NVDA,SELL,5353,0.555415799,-2.97,ATR_TRAIL,atr_breakout,2015-08-07,5.95,0.555415799,Bear,99.99986155484555,1.0,Sideways,70.78278630719774,1.0,,,,,3,-0.000998943618117067
2015-08-11,US.TXN,SELL,73,37.742916585,-81.1,STRAT_EXIT,atr_breakout,2015-08-10,5.59,38.816174876,,,,,,,,,,,1,-0.028621029961313726
2015-08-13,US.XEL,SELL,21,25.255475935,4.09,ACTIVE_REPLACEMENT,atr_breakout,2015-08-07,1.06,25.035307275,,,,,,,US.ORLY,54.73,OBSERVATION_EVICT,,6,0.007779489287770476
2015-08-17,US.SLV,SELL,43,14.62,-9.23,ACTIVE_REPLACEMENT,atr_breakout,2015-08-12,1.27,14.82,,,,,,,US.ADP,41.06,OBSERVATION_EVICT,,5,-0.014483884128926969
2015-08-20,US.EA,SELL,51,65.709645636,-111.25,ATR_TRAIL,atr_breakout,2015-07-07,6.81,67.825241966,,,,,,,,,,,44,-0.03216166261689276
2015-08-20,US.CDNS,SELL,114,20.47,-38.81,ATR_TRAIL,atr_breakout,2015-07-28,4.7,20.79,,,,,,,,,,,23,-0.016375112866340937
2015-08-20,US.ADP,SELL,35,64.839276339,-56.87,STRAT_EXIT,atr_breakout,2015-08-17,4.59,66.399307289,,,,,,,,,,,3,-0.0244709953943499
2015-08-21,US.QQQ,SELL,133,93.816826455,-20.82,MA200_BREAK,core_etf,2015-01-02,24.96,93.879533557,,,,Bear,99.99999999998863,2.0,,,,,231,-0.0016674705066404363
2015-08-21,US.META,SELL,19,85.310840298,-54.36,ATR_TRAIL,atr_breakout,2015-06-24,3.29,88.086466058,,,,,,,,,,,58,-0.03248004783952968
2015-08-21,US.ORLY,SELL,167,15.878000079,-178.0,STOP_LOSS,atr_breakout,2015-08-13,5.48,16.928000084,,,,,,,,,,,8,-0.06296480731238245
2015-08-24,US.MDLZ,SELL,107,30.294696487,-3.24,ATR_TRAIL,atr_breakout,2015-05-08,6.48,30.294696487,,,,,,,,,,,108,-0.0009995272223562153
2015-08-24,US.DXCM,SELL,132,19.35,-2.55,ATR_TRAIL,atr_breakout,2015-06-18,5.11,19.35,,,,,,,,,,,67,-0.00099835564951844
2015-08-24,US.AMZN,SELL,96,22.7785,-2.19,ATR_TRAIL,atr_breakout,2015-07-13,4.37,22.7785,Bear,49.4856816407419,1.0,Bear,100.0,3.0,,,,,42,-0.001001492635599359
2015-08-24,US.GDX,SELL,149,12.750023827,-218.94,STOP_LOSS,atr_breakout,2015-08-20,4.02,14.206655604,,,,,,,,,,,4,-0.10343011149933429
2015-08-27,US.GLD,SELL,31,107.73,-86.73,STRAT_EXIT,atr_breakout,2015-08-20,6.76,110.42,,,,,,,,,,,7,-0.025337275271543842
2015-09-14,US.AMD,SELL,453,1.82,-86.89,STOP_LOSS,atr_breakout,2015-09-11,1.73,2.01,,,,,,,,,,,3,-0.09542793757481907
2015-09-15,US.ISRG,SELL,6,57.084413387,12.53,STRAT_EXIT,boll_mr,2015-08-25,0.67,54.93890076,,,,,,,,,,,21,0.03801192423663871
2015-09-18,US.BKNG,SELL,16,50.701790604,-16.06,STRAT_EXIT,atr_breakout,2015-09-15,1.64,51.654747849,,,,,,,,,,,3,-0.019431902038012403
2015-09-18,US.AVGO,SELL,78,9.6337938447,-40.3,STOP_LOSS,atr_breakout,2015-09-15,1.54,10.140835626,,,,,,,,,,,3,-0.05094912152426468
2015-09-18,US.KLAC,SELL,175,4.119174452,-41.09,STOP_LOSS,atr_breakout,2015-09-16,1.48,4.349832283,,,,,,,,,,,2,-0.05397909269229635
2015-09-18,US.QQQ,SELL,127,96.777286085,-186.27,MA200_BREAK,core_etf,2015-09-16,24.76,98.147208333,,,,Bull,84.24107699873747,3.0,,,,,2,-0.014943806739867112
2015-09-22,US.GOOGL,SELL,79,32.372940808,267.68,STRAT_EXIT,atr_breakout,2015-07-14,4.84,28.952272752,Bear,99.99926112325406,2.0,Sideways,94.5112050486034,2.0,,,,,70,0.1170324160525768
2015-09-22,US.GLW,SELL,56,12.884818852,-57.24,STOP_LOSS,atr_breakout,2015-09-16,1.5,13.89405378,,,,,,,,,,,6,-0.07356692822178332
2015-09-24,US.SMCI,SELL,291,2.779,-6.92,ATR_TRAIL,atr_breakout,2015-09-15,1.62,2.8,,,,,,,,,,,9,-0.008492881688757978
2015-09-28,US.EQIX,SELL,3,210.873055391,-45.37,STOP_LOSS,atr_breakout,2015-09-11,1.31,225.786736302,,,,,,,,,,,17,-0.06698061002620273
2015-09-28,US.PANW,SELL,98,29.0047931077,-152.45,STOP_LOSS,atr_breakout,2015-09-15,5.83,30.531361166,,,,,,,,,,,13,-0.05095129026315089
2015-09-28,US.ADBE,SELL,10,80.52,-50.61,STOP_LOSS,atr_breakout,2015-09-23,1.66,85.5,,,,,,,,,,,5,-0.05919298245614035
2015-09-28,US.GLD,SELL,25,108.42,-54.46,STRAT_EXIT,atr_breakout,2015-09-24,5.47,110.49,,,,,,,,,,,4,-0.01971581138564576
2015-09-28,US.ISRG,SELL,5,51.500080676,-15.62,STOP_LOSS,boll_mr,2015-09-24,0.53,54.57224143,,,,,,,,,,,4,-0.0572452206128855
2015-09-29,US.SBUX,SELL,16,44.354815757749996,-38.06,STOP_LOSS,atr_breakout,2015-09-24,1.46,46.689279745,,,,,,,,,,,5,-0.05094852636390783
2015-10-02,US.VRSK,SELL,45,74.309994641,-3.34,ATR_TRAIL,atr_breakout,2015-10-01,6.69,74.309994641,,,,,,,,,,,1,-0.0009988188342738844
2015-10-05,US.COST,SELL,6,123.922063129,12.51,ACTIVE_REPLACEMENT,atr_breakout,2015-09-23,1.47,121.712606476,,,,,,,US.GE,56.83,OBSERVATION_EVICT,,12,0.01713051803233819
2015-10-06,US.DLR,SELL,14,45.224081688,-0.63,ATR_TRAIL,atr_breakout,2015-10-02,1.27,45.224081688,,,,,,,,,,,4,-0.000995045080416537
2015-10-07,US.XEL,SELL,31,25.121485415,13.23,ACTIVE_REPLACEMENT,atr_breakout,2015-09-24,1.54,24.669685935,,,,,,,US.SMCI,48.91,OBSERVATION_EVICT,,13,0.017299538983708878
2015-10-08,US.AEP,SELL,20,36.788291112,-0.59,ACTIVE_REPLACEMENT,atr_breakout,2015-09-30,1.47,36.781216439,,,,,,,US.URA,42.53,OBSERVATION_EVICT,,8,-0.0008020398142330184
2015-10-09,US.HWM,SELL,246,10.089664947,-176.66,STOP_LOSS,atr_breakout,2015-10-06,5.14,10.79771161,,,,,,,,,,,3,-0.06650761821011562
2015-10-09,US.SMCI,SELL,779,2.69,-374.46,STOP_LOSS,atr_breakout,2015-10-07,4.56,3.168,,,,,,,,,,,2,-0.1517339635118839
2015-10-12,US.COPX,SELL,182,13.108468501199999,-127.95,STOP_LOSS,atr_breakout,2015-10-09,4.9,13.798387896,,,,,,,,,,,3,-0.05094957348066555
2015-10-13,US.QQQ,SELL,127,97.471462659,-62.92,MA200_BREAK,core_etf,2015-10-09,24.81,97.869457228,,,,Sideways,97.3372397826396,2.0,,,,,4,-0.005062182675765373
2015-10-14,US.CPRT,SELL,276,4.30125,27.79,STRAT_EXIT,boll_mr,2015-08-25,2.35,4.19625,,,,,,,,,,,50,0.023994853928412618
2015-10-19,US.GLD,SELL,20,112.02,-38.04,STRAT_EXIT,atr_breakout,2015-10-14,4.52,113.81,,,,,,,,,,,5,-0.016712063966259558
2015-10-21,US.URA,SELL,199,10.904755282,-118.65,STOP_LOSS,atr_breakout,2015-10-08,4.46,11.490063013,,,,,,,,,,,13,-0.05189102575889367
2015-10-26,US.COST,SELL,17,128.859863984,-2.19,ATR_TRAIL,atr_breakout,2015-10-09,4.38,128.859863984,,,,,,,,,,,17,-0.0009997180303384474
2015-10-26,US.BKNG,SELL,19,53.90024883,-1.02,ATR_TRAIL,atr_breakout,2015-10-19,2.05,53.90024883,,,,,,,,,,,7,-0.0009959918867097333
2015-10-27,US.CIEN,SELL,56,23.1,-85.29,STOP_LOSS,atr_breakout,2015-10-26,2.67,24.6,,,,,,,,,,,1,-0.06191202090592334
2015-10-28,US.VRSK,SELL,33,69.080913647,-228.8,STOP_LOSS,atr_breakout,2015-10-02,4.79,75.94527088,,,,,,,,,,,26,-0.09129381267582272
2015-11-09,US.BKNG,SELL,22,51.35511271,-91.75,STOP_LOSS,atr_breakout,2015-10-26,2.35,55.474410429,,,,,,,,,,,14,-0.07517798771006647
2015-11-13,US.LSCC,SELL,261,4.88,-79.57,STOP_LOSS,atr_breakout,2015-11-09,2.63,5.18,,,,,,,,,,,4,-0.058854420923386434
2015-11-16,US.AMAT,SELL,66,15.222252622,-1.0,ATR_TRAIL,atr_breakout,2015-11-13,2.01,15.222252622,,,,,,,,,,,3,-0.0009953530221681768
2015-11-23,US.REGN,SELL,2,566.173729237,4.94,STRAT_EXIT,atr_breakout,2015-10-27,2.26,563.138796047,,,,,,,,,,,27,0.004386130057702243
2015-12-02,US.XAR,SELL,27,49.619611549,5.17,STRAT_EXIT,atr_breakout,2015-10-28,2.67,49.378585115,,,,,,,,,,,35,0.0038778243855212067
2015-12-04,US.MELI,SELL,10,118.20641604865,-63.4,STOP_LOSS,atr_breakout,2015-11-23,2.43,124.427806367,,,,,,,,,,,11,-0.05095324096046635
2015-12-07,US.GDX,SELL,23,12.667751105599999,-15.63,STOP_LOSS,atr_breakout,2015-12-04,0.6,13.334474848,,,,,,,,,,,3,-0.05096302817603878
2015-12-09,US.COHR,SELL,53,17.88,-68.26,STOP_LOSS,atr_breakout,2015-12-02,1.96,19.15,,,,,,,,,,,7,-0.06725454455884528
2015-12-14,US.AVGO,SELL,27,10.73255322085,-15.54,STOP_LOSS,atr_breakout,2015-12-07,0.59,11.297424443,,,,,,,,,,,7,-0.050945731786874275
2015-12-14,US.AMD,SELL,442,2.3275,-55.17,STOP_LOSS,atr_breakout,2015-12-10,2.11,2.45,,,,,,,,,,,4,-0.0509465324591375
2015-12-22,US.WDAY,SELL,1,79.24,0.16,ACTIVE_REPLACEMENT,boll_mr,2015-12-14,0.16,79.0,,,,,,,US.AMD,54.64,OBSERVATION_EVICT,,8,0.0020253164556962027
2015-12-23,US.HON,SELL,1,81.433369096,5.0,ACTIVE_REPLACEMENT,boll_mr,2015-12-14,0.16,76.354735429,,,,,,,US.AA,51.16,OBSERVATION_EVICT,,9,0.06548382326135295
2015-12-24,US.MSFT,SELL,58,48.529131162,523.27,STRAT_EXIT,atr_breakout,2015-10-02,5.1,39.458683584,Bear,96.32896269434254,1.0,Bull,93.13200219671087,4.0,,,,,83,0.22864160008070833
2015-12-29,US.FAST,SELL,42,7.894596264,0.7,ACTIVE_REPLACEMENT,atr_breakout,2015-12-24,0.66,7.869949349,,,,,,,US.LSCC,52.25,OBSERVATION_EVICT,,5,0.0021177603473120734
2015-12-31,US.FN,SELL,38,23.82,119.55,STRAT_EXIT,atr_breakout,2015-10-12,1.69,20.65,,,,,,,,,,,80,0.15235121702561488
2015-12-31,US.LSCC,SELL,217,6.431499999999999,-74.85,STOP_LOSS,atr_breakout,2015-12-29,2.86,6.77,,,,,,,,,,,2,-0.05094990776603203
2016-01-04,US.AMD,SELL,527,2.6315,-74.38,STOP_LOSS,atr_breakout,2015-12-22,2.85,2.77,,,,,,,,,,,13,-0.050952534268627676
2016-01-04,US.AA,SELL,46,27.2732589694,-67.28,STOP_LOSS,atr_breakout,2015-12-23,2.58,28.708693652,,,,,,,,,,,12,-0.05094654300127936
2016-01-06,US.QQQ,SELL,126,99.777021741,96.58,MA200_BREAK,core_etf,2015-10-15,25.03,98.91072209,,,,Bull,97.65159650255178,2.0,,,,,83,0.007749492879148958
2016-01-06,US.AMAT,SELL,64,15.663733266,-1.0,ATR_TRAIL,atr_breakout,2015-11-16,2.0,15.663733266,,,,,,,,,,,51,-0.000997527200869535
2016-01-06,US.URA,SELL,34,9.7013389397,-17.69,STOP_LOSS,atr_breakout,2015-12-31,0.68,10.211935726,,,,,,,,,,,6,-0.050949607557984236
2016-01-07,US.EXC,SELL,29,13.414647801,-5.0,STRAT_EXIT,atr_breakout,2016-01-05,0.78,13.573511776,,,,,,,,,,,2,-0.012702224446314745
2016-01-11,US.PAYX,SELL,81,34.131771692,-2.76,ATR_TRAIL,atr_breakout,2015-09-30,5.53,34.131771692,,,,,,,,,,,103,-0.0009983095627602756
2016-01-11,US.GDX,SELL,197,12.623639253,-173.99,STOP_LOSS,atr_breakout,2016-01-07,5.15,13.494235063,,,,,,,,,,,4,-0.06545002109566017
2016-01-12,US.GLD,SELL,29,104.21,-16.36,ATR_TRAIL,atr_breakout,2016-01-06,6.06,104.67,,,,,,,,,,,6,-0.00538968119838046
2016-01-13,US.EQIX,SELL,8,249.200560283,-25.15,STRAT_EXIT,atr_breakout,2016-01-06,4.01,252.095586099,,,,,,,,,,,7,-0.01247046824042934
2016-01-13,US.SMCI,SELL,794,2.5,-182.22,STOP_LOSS,atr_breakout,2016-01-12,4.15,2.727,,,,,,,,,,,1,-0.08415703031260305
2016-01-20,US.MSFT,SELL,4,43.3366797561,-9.3,STOP_LOSS,boll_mr,2016-01-08,0.36,45.617557638,Bull,93.04029021399674,1.0,Correction,99.63650084665828,2.0,,,,,12,-0.050967217895577246
2016-01-20,US.DLR,SELL,53,50.589337604,-222.67,STOP_LOSS,atr_breakout,2016-01-11,5.58,54.740114753,,,,,,,,,,,9,-0.07675030959789374
2016-01-20,US.VOO,SELL,1,140.2677765013,-7.52,STOP_LOSS,boll_mr,2016-01-11,0.29,147.650291054,,,,,,,,,,,9,-0.050931155951800436
2016-01-20,US.SPY,SELL,1,154.661739773,-8.29,STOP_LOSS,boll_mr,2016-01-11,0.32,162.80183134,Bear,50.48394929099749,3.0,Sideways,98.59713864005671,2.0,,,,,9,-0.050920803112385914
2016-01-20,US.XEL,SELL,85,26.501232789,-38.55,STRAT_EXIT,atr_breakout,2016-01-19,4.54,26.928205136,,,,,,,,,,,1,-0.016842170113981633
2016-01-28,US.SLV,SELL,165,13.57,-43.49,STRAT_EXIT,atr_breakout,2016-01-26,4.52,13.82,,,,,,,,,,,2,-0.019072051922992588
2016-01-29,US.EA,SELL,9,62.63814913,-55.46,STOP_LOSS,atr_breakout,2016-01-26,1.18,68.737471576,,,,,,,,,,,3,-0.08964866005303852
2016-02-02,US.META,SELL,5,113.612310093,26.69,ACTIVE_REPLACEMENT,atr_breakout,2016-01-28,1.11,108.160188066,,,,,,,US.FN,45.01,OBSERVATION_EVICT,,5,0.04935272483755964
2016-02-03,US.COHR,SELL,31,20.36,25.1,ACTIVE_REPLACEMENT,atr_breakout,2016-01-26,1.24,19.53,,,,,,,US.CMCSA,59.86,OBSERVATION_EVICT,,8,0.04145813719174801
2016-02-04,US.EXC,SELL,43,15.603991961,74.9,ACTIVE_REPLACEMENT,atr_breakout,2016-01-28,1.27,13.846559234,,,,,,,US.GDX,41.03,OBSERVATION_EVICT,,7,0.1257973504955057
2016-02-05,US.GE,SELL,24,125.299165575,199.28,STRAT_EXIT,atr_breakout,2015-10-05,5.81,116.870421664,,,,,,,,,,,123,0.07104734641246731
2016-02-05,US.FANG,SELL,39,51.764413308,-167.31,STOP_LOSS,atr_breakout,2016-01-28,4.2,56.002639757,,,,,,,,,,,8,-0.07660353188018741
2016-02-05,US.GDX,SELL,143,14.645960771,-2.09,ATR_TRAIL,atr_breakout,2016-02-04,4.19,14.645960771,,,,,,,,,,,1,-0.0009979123147949482
2016-02-09,US.KLAC,SELL,226,5.248315313,-1.19,ATR_TRAIL,atr_breakout,2015-10-21,2.37,5.248315313,,,,,,,,,,,111,-0.0010032717951646661
2016-02-09,US.CMCSA,SELL,109,20.705128532,-2.26,ATR_TRAIL,atr_breakout,2016-02-03,4.51,20.705128532,,,,,,,,,,,6,-0.0010013917528733957
2016-02-10,US.GDX,SELL,168,14.68903712585,-132.35,STOP_LOSS,atr_breakout,2016-02-05,5.07,15.462144343,,,,,,,,,,,5,-0.05095008826536208
2016-02-10,US.EXC,SELL,110,15.130350190449999,-89.26,STOP_LOSS,atr_breakout,2016-02-05,3.42,15.926684411,,,,,,,,,,,5,-0.05094937053528244
2016-02-11,US.FN,SELL,87,27.59,-39.81,ATR_TRAIL,atr_breakout,2016-02-02,4.84,28.02,,,,,,,,,,,9,-0.0163306997464865
2016-02-12,US.AEP,SELL,65,40.120789692,-2.61,ATR_TRAIL,atr_breakout,2016-01-29,5.22,40.120789692,,,,,,,,,,,14,-0.0010008239235094801
2016-02-16,US.GDX,SELL,134,15.607243645,-143.06,STOP_LOSS,atr_breakout,2016-02-11,4.32,16.659213583,,,,,,,,,,,5,-0.06408537443735993
2016-02-17,US.COPX,SELL,73,9.740989685,45.48,ACTIVE_REPLACEMENT,atr_breakout,2016-02-16,1.38,9.108241637,,,,,,,US.BKNG,56.8,OBSERVATION_EVICT,,1,0.06840109468542165
2016-02-22,US.SLV,SELL,113,14.34,-1.62,ATR_TRAIL,atr_breakout,2016-02-05,3.24,14.34,,,,,,,,,,,17,-0.0009997408079386826
2016-02-24,US.ADP,SELL,10,66.500529406,-0.67,ATR_TRAIL,atr_breakout,2016-02-16,1.33,66.500529406,,,,,,,,,,,8,-0.0010075107762067671
2016-02-24,US.BKNG,SELL,61,48.394404195,-2.95,ATR_TRAIL,atr_breakout,2016-02-17,5.9,48.394404195,,,,,,,,,,,7,-0.0009993026371983196
2016-02-25,US.LSCC,SELL,335,6.14,-126.01,STOP_LOSS,atr_breakout,2016-02-24,4.24,6.51,,,,,,,,,,,1,-0.05778022330742601
2016-03-01,US.RTX,SELL,60,46.721719724,-2.8,ATR_TRAIL,atr_breakout,2016-02-22,5.61,46.721719724,,,,,,,,,,,8,-0.0009988216817005333
2016-03-01,US.CPRT,SELL,567,4.76125,-2.7,ATR_TRAIL,atr_breakout,2016-02-25,5.4,4.76125,,,,,,,,,,,5,-0.0010001375189088498
2016-03-02,US.HON,SELL,8,83.247321008,13.91,ACTIVE_REPLACEMENT,atr_breakout,2016-02-16,1.32,81.424876397,,,,,,,US.AMD,56.11,OBSERVATION_EVICT,,15,0.021354039170074345
2016-03-02,US.CSCO,SELL,36,19.703055263,46.49,ACTIVE_REPLACEMENT,atr_breakout,2016-02-12,1.37,18.391959764,,,,,,,US.COPX,54.59,OBSERVATION_EVICT,,19,0.07021486048575551
2016-03-03,US.CIEN,SELL,97,16.99,-357.64,STOP_LOSS,atr_breakout,2016-02-24,3.65,20.66,,,,,,,,,,,8,-0.17846129280146905
2016-03-03,US.AMD,SELL,823,2.32,-1.91,ATR_TRAIL,atr_breakout,2016-03-02,3.82,2.32,,,,,,,,,,,1,-0.00100033519084929
2016-03-04,US.PAYX,SELL,19,38.326762296,49.68,ACTIVE_REPLACEMENT,atr_breakout,2016-02-12,1.41,35.673483202,,,,,,,US.AVGO,51.63,OBSERVATION_EVICT,,21,0.07329637050857625
2016-03-08,US.ISRG,SELL,3,62.983184251,19.16,STRAT_EXIT,boll_mr,2016-02-09,0.36,56.534424392,,,,,,,,,,,28,0.1129695178707864
2016-03-08,US.AMD,SELL,774,2.3,-125.62,STOP_LOSS,atr_breakout,2016-03-03,3.68,2.46,,,,,,,,,,,5,-0.06597550471628748
2016-03-08,US.CAT,SELL,41,56.090121548,-2.95,ATR_TRAIL,atr_breakout,2016-03-03,4.6,56.106014988,,,,,,,,,,,5,-0.0012824154331328665
2016-03-14,US.EXC,SELL,29,16.96406544,5.61,ACTIVE_REPLACEMENT,atr_breakout,2016-03-08,0.98,16.753512913,,,,,,,US.AMD,52.15,OBSERVATION_EVICT,,6,0.011546729146695049
2016-03-15,US.AMD,SELL,599,2.49,-139.26,STOP_LOSS,atr_breakout,2016-03-14,3.12,2.72,,,,,,,,,,,1,-0.08547333791613472
2016-03-17,US.XEL,SELL,17,30.285551985,14.12,ACTIVE_REPLACEMENT,atr_breakout,2016-03-08,1.02,29.424907843,,,,,,,US.ROK,47.16,OBSERVATION_EVICT,,9,0.02822738612218659
2016-03-24,US.COPX,SELL,214,11.306208541,-2.42,ATR_TRAIL,atr_breakout,2016-03-02,4.84,11.306208541,,,,,,,,,,,22,-0.0010001948198589546
2016-03-28,US.QQQ,SELL,125,99.004154889,-30.07,MA200_BREAK,core_etf,2016-03-16,24.77,99.145710864,,,,Sideways,99.93084711924371,6.0,,,,,12,-0.002426327855271325
2016-03-29,US.FN,SELL,31,30.59,-0.95,ATR_TRAIL,atr_breakout,2016-03-24,1.9,30.59,,,,,,,,,,,5,-0.0010018032458425166
2016-04-06,US.FAST,SELL,308,8.924348331,-2.75,ATR_TRAIL,atr_breakout,2016-03-01,5.5,8.924348331,,,,,,,,,,,36,-0.0010004732107504993
2016-04-12,US.ON,SELL,224,9.386000000000001,-112.76,STOP_LOSS,atr_breakout,2016-03-29,4.32,9.88,,,,,,,,,,,14,-0.050950694042799304
2016-04-13,US.GLD,SELL,31,118.77,352.2,STRAT_EXIT,atr_breakout,2016-01-26,7.01,107.29,,,,,,,,,,,78,0.10589328290223361
2016-04-25,US.AAPL,SELL,68,23.663539355,-1.61,ATR_TRAIL,atr_breakout,2016-03-15,3.22,23.663539355,Sideways,68.22963832261503,5.0,Sideways,99.74421315743803,3.0,,,,,41,-0.0010005464623461986
2016-04-27,US.ROK,SELL,8,93.183948429,-0.75,ATR_TRAIL,atr_breakout,2016-03-17,1.49,93.183948429,,,,,,,,,,,41,-0.0010060745609146546
2016-04-28,US.QQQ,SELL,124,98.23129991,-306.61,MA200_BREAK,core_etf,2016-03-29,24.66,100.605733881,,,,Bull,97.6785862190144,1.0,,,,,30,-0.024577737221690876
2016-04-28,US.AMGN,SELL,8,117.718450787,-0.94,ATR_TRAIL,atr_breakout,2016-04-06,1.88,117.718450787,,,,,,,,,,,22,-0.0009981442944114575
2016-04-29,US.AVGO,SELL,197,11.116970955,-2.19,ATR_TRAIL,atr_breakout,2016-03-04,4.38,11.116970955,,,,,,,,,,,56,-0.0009999802386850378
2016-04-29,US.STM,SELL,247,5.520595608,-81.31,STOP_LOSS,atr_breakout,2016-04-27,2.81,5.844278739,,,,,,,,,,,2,-0.056326930679068986
2016-05-02,US.CAT,SELL,22,61.548709066,-10.64,STRAT_EXIT,atr_breakout,2016-04-13,2.72,61.970694245,,,,,,,,,,,19,-0.007804275384172981
2016-05-03,US.WDAY,SELL,31,71.74,-2.22,ATR_TRAIL,atr_breakout,2016-03-01,4.45,71.74,,,,,,,,,,,63,-0.0009982283694703995
2016-05-03,US.URA,SELL,99,10.620705133,-81.99,STOP_LOSS,atr_breakout,2016-04-12,2.18,11.438243947,,,,,,,,,,,21,-0.07240462976828117
2016-05-05,US.AMZN,SELL,82,32.9545,-4.75,ATR_TRAIL,atr_breakout,2016-04-29,5.41,32.9795,Bear,100.0,2.0,Bull,99.9960613905013,4.0,,,,,6,-0.0017564495904514223
2016-05-06,US.FN,SELL,69,34.2095,-126.59,STOP_LOSS,atr_breakout,2016-05-03,4.85,36.01,,,,,,,,,,,3,-0.05094800558620995
2016-05-11,US.QQQ,SELL,125,98.305791956,-125.19,MA200_BREAK,core_etf,2016-05-10,24.69,99.209008016,,,,Sideways,77.73005958543166,5.0,,,,,1,-0.010095051044543044
2016-05-13,US.MNST,SELL,71,24.65475345,-1.75,ATR_TRAIL,atr_breakout,2016-05-02,3.5,24.65475345,,,,,,,,,,,11,-0.0009997215090359647
2016-05-17,US.SBUX,SELL,9,44.184942914699995,-21.33,STOP_LOSS,boll_mr,2016-04-25,0.82,46.510466226,,,,,,,,,,,22,-0.05095627269105156
2016-05-18,US.SLV,SELL,155,15.931499999999998,-132.44,STOP_LOSS,atr_breakout,2016-04-28,5.07,16.77,,,,,,,,,,,20,-0.050951199338296116
2016-05-18,US.EQIX,SELL,6,279.698569614,-1.68,ATR_TRAIL,atr_breakout,2016-05-09,3.36,279.698569614,,,,,,,,,,,9,-0.0010010776972739473
2016-05-23,US.EA,SELL,7,70.63859690145,-26.52,STOP_LOSS,atr_breakout,2016-05-16,1.01,74.356417791,,,,,,,,,,,7,-0.05095150548027062
2016-05-24,US.QCOM,SELL,60,40.661761615,-2.44,ATR_TRAIL,atr_breakout,2016-05-20,4.88,40.661761615,,,,,,,,,,,4,-0.0010001206305745704
2016-05-24,US.CDNS,SELL,90,24.55,-2.21,ATR_TRAIL,atr_breakout,2016-05-20,4.42,24.55,,,,,,,,,,,4,-0.0010002262955419777
2016-06-14,US.SNPS,SELL,46,52.17,43.14,STRAT_EXIT,atr_breakout,2016-05-24,4.75,51.18,,,,,,,,,,,21,0.01832407360212039
2016-06-15,US.ANET,SELL,344,4.5675,30.46,STRAT_EXIT,atr_breakout,2016-05-23,3.11,4.474375,,,,,,,,,,,23,0.019789693896445196
2016-06-17,US.AMZN,SELL,68,35.1535,-2.39,ATR_TRAIL,atr_breakout,2016-05-10,4.78,35.1535,Correction,71.2777244093364,1.0,Sideways,54.52806865607281,20.0,,,,,38,-0.0009998167699810663
2016-06-17,US.QQQ,SELL,124,98.690626526,-206.99,MA200_BREAK,core_etf,2016-05-24,24.67,100.261208168,,,,Sideways,87.66218418406298,5.0,,,,,24,-0.016649252727448813
2016-06-22,US.AMD,SELL,457,4.997,-122.47,STOP_LOSS,atr_breakout,2016-06-17,4.69,5.26,,,,,,,,,,,5,-0.05094807431504855
2016-06-23,US.XEL,SELL,6,31.411333918,-0.59,ACTIVE_REPLACEMENT,atr_breakout,2016-06-14,0.38,31.477540476,,,,,,,US.MU,48.71,OBSERVATION_EVICT,,9,-0.003123920479375046
2016-06-24,US.CDNS,SELL,84,23.78,-122.12,STOP_LOSS,atr_breakout,2016-05-24,4.12,25.21,,,,,,,,,,,31,-0.05766797000434446
2016-06-24,US.QQQ,SELL,125,96.636645665,-347.02,MA200_BREAK,core_etf,2016-06-20,24.49,99.316157061,,,,Bear,99.99999999874944,1.0,,,,,4,-0.027952752927148418
2016-06-24,US.LRCX,SELL,118,6.964965421,-36.05,ATR_TRAIL,atr_breakout,2016-06-22,1.68,7.263503345,,,,,,,,,,,2,-0.0420607604987991
2016-06-24,US.MU,SELL,79,12.883544017,-65.74,STOP_LOSS,atr_breakout,2016-06-23,2.1,13.702785272,,,,,,,,,,,1,-0.06072866809309053
2016-06-27,US.AMAT,SELL,135,19.987104437,-35.51,ATR_TRAIL,atr_breakout,2016-05-20,5.43,20.230149074,,,,,,,,,,,38,-0.01300222930018321
2016-06-29,US.XEL,SELL,18,32.257306611,6.7,ACTIVE_REPLACEMENT,atr_breakout,2016-06-24,1.15,31.852710975,,,,,,,US.SLV,45.95,OBSERVATION_EVICT,,5,0.011685731318579619
2016-06-30,US.GLD,SELL,4,126.47,1.33,ACTIVE_REPLACEMENT,atr_breakout,2016-06-24,1.01,126.01,,,,,,,US.INTU,54.21,OBSERVATION_EVICT,,6,0.0026386794698833424
2016-06-30,US.ORLY,SELL,31,18.073333423,-1.24,ACTIVE_REPLACEMENT,atr_breakout,2016-06-28,1.12,18.095333423,,,,,,,US.ADP,43.25,OBSERVATION_EVICT,,2,-0.002210514670548052
2016-07-06,US.TEAM,SELL,40,25.99,-1.04,ATR_TRAIL,atr_breakout,2016-06-15,2.08,25.99,,,,,,,,,,,21,-0.0010003847633705272
2016-07-20,US.GDX,SELL,28,25.383309101,-66.22,STOP_LOSS,atr_breakout,2016-07-06,1.49,27.723035342,,,,,,,,,,,14,-0.08530811907226692
2016-07-27,US.AEP,SELL,44,46.260572916,-2.04,ATR_TRAIL,atr_breakout,2016-06-27,4.07,46.260572916,,,,,,,,,,,30,-0.0010022278895642626
2016-07-28,US.ADP,SELL,29,73.714806724,-5.4,ATR_TRAIL,atr_breakout,2016-06-30,4.28,73.827311607,,,,,,,,,,,28,-0.00252219527568533
2016-07-29,US.INTU,SELL,22,102.992089346,-8.94,ATR_TRAIL,atr_breakout,2016-06-30,4.54,103.295462822,,,,,,,,,,,29,-0.003933993084128846
2016-08-24,US.GLW,SELL,60,17.549944283,16.14,STRAT_EXIT,atr_breakout,2016-07-28,2.09,17.263382969,,,,,,,,,,,27,0.015582113916087338
2016-08-24,US.GOOGL,SELL,29,39.219232975,-1.14,ATR_TRAIL,atr_breakout,2016-07-29,2.27,39.219232975,Bear,99.99999999995453,2.0,Bull,99.83615644308355,13.0,,,,,26,-0.00100232314213397
2016-08-25,US.ON,SELL,26,10.71,-0.28,ATR_TRAIL,atr_breakout,2016-08-24,0.56,10.71,,,,,,,,,,,1,-0.001005530417295123
2016-08-29,US.CMCSA,SELL,4,23.709429413,-0.14,ACTIVE_REPLACEMENT,boll_mr,2016-08-24,0.19,23.720262232,,,,,,,US.TTWO,49.53,OBSERVATION_EVICT,,5,-0.0014755317482444603
2016-09-09,US.ON,SELL,85,10.26,-64.62,STOP_LOSS,atr_breakout,2016-08-25,1.81,11.01,,,,,,,,,,,15,-0.06904952716781536
2016-09-15,US.TTWO,SELL,26,44.17,-1.15,ATR_TRAIL,atr_breakout,2016-08-29,2.3,44.17,,,,,,,,,,,17,-0.0010013758032775464
2016-09-21,US.LSCC,SELL,142,6.137,-46.74,STOP_LOSS,atr_breakout,2016-09-15,1.79,6.46,,,,,,,,,,,6,-0.05095277547638774
2016-09-26,US.SLV,SELL,145,18.41,148.13,STRAT_EXIT,atr_breakout,2016-06-29,5.19,17.37,,,,,,,,,,,89,0.058813253131637974
2016-09-27,US.ADBE,SELL,11,107.78,-1.19,ATR_TRAIL,atr_breakout,2016-09-21,2.37,107.78,,,,,,,,,,,6,-0.0010037281330656726
2016-09-29,US.DLR,SELL,30,70.204206786,350.25,STRAT_EXIT,atr_breakout,2016-03-08,3.86,58.459099648,,,,,,,,,,,205,0.19971227867515445
2016-09-29,US.MSFT,SELL,15,51.065277681,23.74,STRAT_EXIT,atr_breakout,2016-07-20,1.51,49.431623708,Bear,100.0,2.0,Sideways,96.9518705751558,8.0,,,,,71,0.03201729071283831
2016-10-03,US.AAPL,SELL,39,25.753910434,89.37,STRAT_EXIT,atr_breakout,2016-07-27,1.92,23.436541865,Correction,94.55721792782839,2.0,Sideways,99.81454564069196,6.0,,,,,68,0.09777630482936701
2016-10-06,US.TSLA,SELL,69,13.399866,-59.34,STOP_LOSS,atr_breakout,2016-10-03,1.91,14.2465242,Bull,99.86158718808579,1.0,Bull,99.55605974855878,1.0,,,,,3,-0.06036560131628458
2016-10-07,US.LMT,SELL,9,174.418674269,-1.57,ATR_TRAIL,atr_breakout,2016-05-04,3.14,174.418674269,,,,,,,,,,,156,-0.0010001477489469087
2016-10-11,US.STX,SELL,57,23.559963242,-128.37,STOP_LOSS,atr_breakout,2016-09-27,2.81,25.788427002,,,,,,,,,,,14,-0.0873300749589432
2016-10-11,US.LRCX,SELL,153,8.527528128,-9.46,ATR_TRAIL,atr_breakout,2016-10-06,2.62,8.580855738,,,,,,,,,,,5,-0.0072055826653354615
2016-10-12,US.STM,SELL,132,7.19676363,-52.79,STOP_LOSS,atr_breakout,2016-10-07,1.95,7.589480427,,,,,,,,,,,5,-0.05269454823303709
2016-10-13,US.FAST,SELL,43,7.428563287,-20.06,STOP_LOSS,boll_mr,2016-09-12,0.66,7.887762426,,,,,,,,,,,31,-0.05914372197230991
2016-10-17,US.AMZN,SELL,32,40.6475,-6.36,ATR_TRAIL,atr_breakout,2016-09-27,2.61,40.8055,Sideways,98.85738616719543,6.0,Sideways,99.91238267916228,20.0,,,,,20,-0.004870666944407004
2016-10-24,US.GOOGL,SELL,9,41.419720685,5.98,ACTIVE_REPLACEMENT,atr_breakout,2016-10-18,0.74,40.713483075,Bull,80.86634675662559,51.0,Bull,99.93950579160096,55.0,US.COHR,56.42,OBSERVATION_EVICT,,6,0.01632000984097685
2016-10-24,US.GOOG,SELL,10,40.300183126,8.44,ACTIVE_REPLACEMENT,atr_breakout,2016-10-18,0.8,39.415483308,,,,,,,US.TMUS,46.87,OBSERVATION_EVICT,,6,0.02141290501006483
2016-10-25,US.COHR,SELL,46,25.8875,-63.87,STOP_LOSS,atr_breakout,2016-10-24,2.44,27.25,,,,,,,,,,,1,-0.050953330674112486
2016-10-26,US.META,SELL,10,129.89928553,-11.51,STRAT_EXIT,atr_breakout,2016-10-21,2.61,130.920319291,,,,,,,,,,,5,-0.008791607034211722
2016-10-27,US.AMD,SELL,158,7.11,-62.74,STOP_LOSS,atr_breakout,2016-10-25,2.31,7.5,,,,,,,,,,,2,-0.05294514767932489
2016-10-28,US.MSFT,SELL,28,53.075861785,-1.49,ATR_TRAIL,atr_breakout,2016-10-21,2.97,53.075861785,Bear,100.0,2.0,Bull,99.92151780294614,4.0,,,,,7,-0.0010026080392221692
2016-10-28,US.MDLZ,SELL,7,34.990253266,-0.24,ATR_TRAIL,atr_breakout,2016-10-26,0.49,34.990253266,,,,,,,,,,,2,-0.0009798647076107244
2016-11-01,US.SMCI,SELL,546,2.28,-88.6,STOP_LOSS,atr_breakout,2016-10-28,2.58,2.44,,,,,,,,,,,4,-0.06650453371764847
2016-11-02,US.QCOM,SELL,26,50.945772489,-8.43,ATR_TRAIL,atr_breakout,2016-09-29,2.66,51.219143753,,,,,,,,,,,34,-0.006330265316311119
2016-11-02,US.SCCO,SELL,96,17.109839447,-38.4,ATR_TRAIL,atr_breakout,2016-10-19,3.32,17.492732946,,,,,,,,,,,14,-0.02286663846265752
2016-11-02,US.HWM,SELL,49,17.642162685,-48.09,STOP_LOSS,atr_breakout,2016-11-01,1.78,18.605892865,,,,,,,,,,,1,-0.05274826521627246
2016-11-03,US.MDLZ,SELL,25,34.176158937,-38.94,STRAT_EXIT,atr_breakout,2016-10-28,1.75,35.699563176,,,,,,,,,,,6,-0.04363078596567083
2016-11-03,US.GLD,SELL,2,124.3,1.07,ACTIVE_REPLACEMENT,atr_breakout,2016-11-02,0.5,123.64,,,,,,,US.TTWO,40.89,OBSERVATION_EVICT,,1,0.004327078615334844
2016-11-09,US.TMUS,SELL,24,48.9526873,-1.17,ATR_TRAIL,atr_breakout,2016-10-24,2.35,48.9526873,,,,,,,,,,,16,-0.0009958595265923225
2016-11-10,US.NXPI,SELL,17,84.689795714,-1.44,ATR_TRAIL,atr_breakout,2016-09-29,2.88,84.689795714,,,,,,,,,,,42,-0.0010001899477830305
2016-11-10,US.TTWO,SELL,25,45.875499999999995,-61.51,STOP_LOSS,atr_breakout,2016-11-03,2.35,48.29,,,,,,,,,,,7,-0.05095050735141851
2016-11-17,US.LSCC,SELL,177,7.5,-10.18,ATR_TRAIL,atr_breakout,2016-11-03,2.66,7.55,,,,,,,,,,,14,-0.0076177648071238824
2016-11-17,US.GILD,SELL,22,53.361571903,-46.06,STRAT_EXIT,atr_breakout,2016-11-09,2.39,55.401991892,,,,,,,,,,,8,-0.03778991137570783
2016-12-01,US.PCAR,SELL,49,27.649636813,-1.35,ATR_TRAIL,atr_breakout,2016-11-10,2.71,27.649636813,,,,,,,,,,,21,-0.0009964333562316318
2016-12-01,US.AMD,SELL,120,8.39,-9.41,ATR_TRAIL,atr_breakout,2016-11-17,2.02,8.46,,,,,,,,,,,14,-0.009269109535066981
2016-12-01,US.MU,SELL,67,17.770708216550002,-63.86,STOP_LOSS,atr_breakout,2016-11-17,2.44,18.706008649,,,,,,,,,,,14,-0.0509533779355524
2016-12-06,US.FANG,SELL,3,80.54177526080001,-12.96,STOP_LOSS,atr_breakout,2016-12-01,0.5,84.780816064,,,,,,,,,,,5,-0.050954923537641875
2016-12-07,US.PCAR,SELL,10,31.27346482,21.75,ACTIVE_REPLACEMENT,atr_breakout,2016-12-01,0.6,29.067100016,,,,,,,US.WDC,47.21,OBSERVATION_EVICT,,6,0.07482686607204607
2016-12-12,US.WDC,SELL,26,43.95651324395,-61.29,STOP_LOSS,atr_breakout,2016-12-07,2.35,46.270013941,,,,,,,,,,,5,-0.05094676857702164
2016-12-13,US.NFLX,SELL,405,12.378,2261.85,STRAT_EXIT,atr_breakout,2015-04-13,7.76,6.7808038,,,,,,,,,,,610,0.823621355157749
2016-12-15,US.EMR,SELL,27,44.237426084,-1.19,ATR_TRAIL,atr_breakout,2016-11-10,2.39,44.237426084,,,,,,,,,,,35,-0.0009963073798729665
2016-12-15,US.EQIX,SELL,3,291.306329485,-19.39,STRAT_EXIT,atr_breakout,2016-12-12,1.77,297.477050452,,,,,,,,,,,3,-0.021727166258750562
2017-01-03,US.ON,SELL,120,12.378499999999999,-79.67,STOP_LOSS,atr_breakout,2016-12-15,3.05,13.03,,,,,,,,,,,19,-0.05095292913788693
2017-01-04,US.DLR,SELL,4,71.83373712,-0.29,ATR_TRAIL,atr_breakout,2017-01-03,0.57,71.83373712,,,,,,,,,,,1,-0.0010092750691626552
2017-01-12,US.ANET,SELL,245,6.04021875,-79.37,STOP_LOSS,atr_breakout,2017-01-04,3.04,6.358125,,,,,,,,,,,8,-0.05095199979136449
2017-01-17,US.IDXX,SELL,28,120.01,995.12,STRAT_EXIT,atr_breakout,2016-04-29,5.72,84.35,,,,,,,,,,,263,0.42133965619442804
2017-01-18,US.AMD,SELL,104,9.45,-0.98,ATR_TRAIL,atr_breakout,2016-12-06,1.97,9.45,,,,,,,,,,,43,-0.0009971509971509972
2017-02-02,US.MSFT,SELL,21,56.407975153,-1.18,ATR_TRAIL,atr_breakout,2016-12-13,2.37,56.407975153,Bear,35.194304670578504,1.0,Sideways,53.86654101057413,34.0,,,,,51,-0.0009961441806422963
2017-02-17,US.MDLZ,SELL,49,33.5393761959,-88.14,STOP_LOSS,atr_breakout,2016-12-15,3.37,35.304606522,,,,,,,,,,,64,-0.050950164508509053
2017-02-21,US.ANET,SELL,219,7.44125,-1.63,ATR_TRAIL,atr_breakout,2017-02-17,3.26,7.44125,,,,,,,,,,,4,-0.0010002247437499376
2017-02-24,US.ASML,SELL,15,104.655258033,-7.75,ATR_TRAIL,atr_breakout,2017-01-18,3.15,105.067385917,,,,,,,,,,,37,-0.004917479026981955
2017-03-07,US.GLD,SELL,14,115.78,-2.6,ATR_TRAIL,atr_breakout,2017-01-17,3.24,115.85,,,,,,,,,,,49,-0.0016030581416856774
2017-03-13,US.TXN,SELL,5,62.811103467,7.05,ACTIVE_REPLACEMENT,atr_breakout,2017-03-07,0.62,61.338120295,,,,,,,US.ALGN,42.35,OBSERVATION_EVICT,,6,0.022987336312536737
2017-03-15,US.ALGN,SELL,15,107.99,-1.62,ATR_TRAIL,atr_breakout,2017-03-13,3.24,107.99,,,,,,,,,,,2,-0.0010000926011667747
2017-03-21,US.INTU,SELL,13,113.009572837,-85.94,STOP_LOSS,atr_breakout,2017-02-24,3.02,119.507273184,,,,,,,,,,,25,-0.055316877832120935
2017-03-22,US.ALGN,SELL,14,110.31,-1.54,ATR_TRAIL,atr_breakout,2017-03-15,3.09,110.31,,,,,,,,,,,7,-0.0009971897380110597
2017-03-24,US.PEP,SELL,4,84.325744633,0.72,ACTIVE_REPLACEMENT,atr_breakout,2017-03-21,0.67,84.062508719,,,,,,,US.MU,49.39,OBSERVATION_EVICT,,3,0.002141263718427618
2017-03-24,US.AEP,SELL,8,47.199118447,1.71,ACTIVE_REPLACEMENT,atr_breakout,2017-03-22,0.75,46.937640758,,,,,,,US.ASML,48.63,OBSERVATION_EVICT,,2,0.004553914439416487
2017-03-27,US.NVDA,SELL,6861,2.665992907,14168.34,STRAT_EXIT,atr_breakout,2015-09-30,22.4,0.598272779,Correction,99.73995484834204,1.0,Correction,94.31500658230748,1.0,,,,,544,3.451694158987593
2017-03-30,US.STM,SELL,162,14.215590784,1016.38,STRAT_EXIT,atr_breakout,2016-10-27,3.59,7.927399532,,,,,,,,,,,154,0.7914260649987827
2017-03-30,US.COHR,SELL,166,37.35,-346.5,STOP_LOSS,atr_breakout,2017-03-27,12.74,39.4,,,,,,,,,,,3,-0.05297841110635435
2017-03-31,US.CCJ,SELL,133,10.480487175,356.94,STRAT_EXIT,atr_breakout,2016-11-02,2.43,7.786225601,,,,,,,,,,,149,0.3446804056321667
2017-04-05,US.ROK,SELL,12,131.042599989,187.66,STRAT_EXIT,atr_breakout,2016-12-01,2.96,115.273453141,,,,,,,,,,,125,0.1356629207091147
2017-04-07,US.SNPS,SELL,25,71.46,180.21,STRAT_EXIT,atr_breakout,2017-02-02,3.39,64.18,,,,,,,,,,,64,0.11231536304144592
2017-04-11,US.MU,SELL,62,26.341044556849997,-87.59,STOP_LOSS,atr_breakout,2017-03-24,3.35,27.727415323,,,,,,,,,,,18,-0.050951086461780516
2017-04-12,US.WDC,SELL,122,56.79391412,-6.93,ATR_TRAIL,atr_breakout,2017-03-30,13.86,56.79391412,,,,,,,,,,,13,-0.0010001648868310925
2017-04-13,US.AMZN,SELL,112,44.2335,-15.43,ATR_TRAIL,atr_breakout,2017-03-31,9.92,44.327,Sideways,99.83172810371076,34.0,Sideways,99.74804769339296,43.0,,,,,13,-0.0031079896483600772
2017-04-19,US.ASML,SELL,14,108.06266254689999,-81.14,STOP_LOSS,atr_breakout,2017-03-24,3.11,113.750171102,,,,,,,,,,,26,-0.05095125773935986
2017-04-19,US.DLR,SELL,12,82.447409845,36.83,ACTIVE_REPLACEMENT,atr_breakout,2017-04-07,1.94,79.295995843,,,,,,,US.ISRG,51.95,OBSERVATION_EVICT,,12,0.0387051910255769
2017-04-20,US.GLD,SELL,9,121.96,-6.86,ACTIVE_REPLACEMENT,atr_breakout,2017-04-13,2.2,122.6,,,,,,,US.TTWO,41.06,OBSERVATION_EVICT,,7,-0.006217147000181259
2017-04-24,US.VRTX,SELL,8,117.66,27.46,ACTIVE_REPLACEMENT,atr_breakout,2017-04-05,1.85,114.11,,,,,,,US.MSFT,40.68,OBSERVATION_EVICT,,19,0.030080623959337482
2017-04-26,US.STX,SELL,102,29.050383663,-502.34,STOP_LOSS,atr_breakout,2017-04-11,6.43,33.946282648,,,,,,,,,,,15,-0.1450792716201717
2017-05-01,US.ADP,SELL,20,85.013383624,243.82,STRAT_EXIT,atr_breakout,2016-11-02,3.16,72.737506196,,,,,,,,,,,180,0.16760266659610074
2017-05-04,US.TSLA,SELL,134,19.69713636,-247.14,STOP_LOSS,atr_breakout,2017-05-01,5.52,21.52178478,Bull,99.95616034105507,1.0,Bull,95.65801211092317,2.0,,,,,3,-0.08569588336014179
2017-05-17,US.COST,SELL,21,150.199289391,-8.56,ATR_TRAIL,atr_breakout,2017-04-26,6.31,150.45682758,,,,,,,,,,,21,-0.0027092093737142693
2017-05-18,US.MSFT,SELL,53,60.849856833,-3.23,ATR_TRAIL,atr_breakout,2017-04-24,6.45,60.849856833,Sideways,98.62755267678548,25.0,Bull,98.89330683670543,1.0,,,,,24,-0.0010015372163269308
2017-05-19,US.XLI,SELL,5,56.606873905,3.4,ACTIVE_REPLACEMENT,boll_mr,2017-05-18,0.56,55.871052993,,,,,,,US.QCOM,53.1,OBSERVATION_EVICT,,1,0.012170882121824269
2017-05-24,US.ROST,SELL,4,56.471600775,1.35,ACTIVE_REPLACEMENT,boll_mr,2017-05-17,0.45,56.077763546,,,,,,,US.INTU,40.84,OBSERVATION_EVICT,,7,0.006018428315586307
2017-05-31,US.QCOM,SELL,79,44.547714105,-3.52,ATR_TRAIL,atr_breakout,2017-05-19,7.04,44.547714105,,,,,,,,,,,12,-0.001000207595844192
2017-06-26,US.INTU,SELL,22,129.051474983,-2.84,ATR_TRAIL,atr_breakout,2017-05-24,5.68,129.051474983,,,,,,,,,,,33,-0.0010003055688275883
2017-06-27,US.FN,SELL,64,43.47,-179.42,STOP_LOSS,atr_breakout,2017-06-26,5.74,46.23,,,,,,,,,,,1,-0.060641088038070515
2017-07-05,US.SBUX,SELL,87,47.583801569,-4.14,ATR_TRAIL,atr_breakout,2017-03-30,8.28,47.583801569,,,,,,,,,,,97,-0.0010000505492935075
2017-07-11,US.PEP,SELL,62,85.446377522,-5.3,ATR_TRAIL,atr_breakout,2017-04-12,10.6,85.446377522,,,,,,,,,,,90,-0.001000438795029459
2017-07-14,US.GLW,SELL,27,24.614219691,11.53,ACTIVE_REPLACEMENT,atr_breakout,2017-06-28,1.32,24.162655313,,,,,,,US.ASML,49.14,OBSERVATION_EVICT,,16,0.017673431645042856
2017-07-18,US.TEAM,SELL,57,35.43,489.32,STRAT_EXIT,atr_breakout,2017-01-12,3.55,26.81,,,,,,,,,,,187,0.32019997775116643
2017-07-25,US.ISRG,SELL,49,104.989010448,741.93,STRAT_EXIT,atr_breakout,2017-04-19,9.54,89.742648837,,,,,,,,,,,97,0.16872054444180734
2017-07-27,US.NFLX,SELL,174,18.268,-19.19,ATR_TRAIL,atr_breakout,2017-07-18,6.37,18.36,,,,,,,,,,,9,-0.0060069366188365515
2017-08-02,US.ADP,SELL,36,94.770503614,-14.66,ATR_TRAIL,atr_breakout,2017-07-27,6.83,95.082979027,,,,,,,,,,,6,-0.004282808830659233
2017-08-10,US.AAPL,SELL,96,36.177179442,-30.42,ATR_TRAIL,atr_breakout,2017-08-02,6.97,36.457926002,Correction,99.0671872615103,2.0,Correction,76.40934496972355,1.0,,,,,8,-0.008691525677643235
2017-08-21,US.LRCX,SELL,449,13.909845998,906.25,STRAT_EXIT,atr_breakout,2017-04-19,11.58,11.877572284,,,,,,,,,,,124,0.16993154127376645
2017-08-23,US.AMAT,SELL,49,40.029667028,336.95,STRAT_EXIT,atr_breakout,2017-02-21,3.58,33.113090152,,,,,,,,,,,183,0.20766804247744186
2017-09-08,US.XAR,SELL,40,70.246526641,119.1,STRAT_EXIT,atr_breakout,2017-07-05,5.5,67.198853279,,,,,,,,,,,65,0.044308791812828215
2017-09-13,US.REGN,SELL,6,430.752233239,-2.58,ATR_TRAIL,atr_breakout,2017-05-04,5.17,430.752233239,,,,,,,,,,,132,-0.0009982536753591648
2017-09-13,US.EQIX,SELL,7,387.717114419,-20.04,ATR_TRAIL,atr_breakout,2017-08-23,5.45,390.192785405,,,,,,,,,,,21,-0.007337032487378373
2017-09-14,US.OKTA,SELL,120,28.785,-185.25,STOP_LOSS,atr_breakout,2017-09-08,7.09,30.3,,,,,,,,,,,6,-0.05094884488448845
2017-09-18,US.COST,SELL,27,143.339301086,-53.9,STRAT_EXIT,atr_breakout,2017-09-13,7.79,145.192173787,,,,,,,,,,,5,-0.01374933816491311
2017-09-18,US.AMZN,SELL,48,48.7095,-63.32,STRAT_EXIT,atr_breakout,2017-09-13,4.74,49.98,Sideways,98.52644380560976,16.0,Sideways,80.69902030192458,19.0,,,,,5,-0.02639389088968921
2017-09-20,US.NXPI,SELL,31,99.166006113,69.31,STRAT_EXIT,atr_breakout,2017-05-31,6.08,96.831133468,,,,,,,,,,,112,0.023089747806698712
2017-09-20,US.MNST,SELL,146,27.69,-4.04,ATR_TRAIL,atr_breakout,2017-08-22,8.09,27.69,,,,,,,,,,,29,-0.0009993222418458768
2017-09-21,US.TSLA,SELL,135,24.43175568,-103.74,STRAT_EXIT,atr_breakout,2017-09-14,6.7,25.17574824,Bull,88.7762274689522,1.0,Correction,95.60241071020269,5.0,,,,,7,-0.030523201817831826
2017-09-21,US.NVDA,SELL,858,4.3965409575,-202.31,STOP_LOSS,atr_breakout,2017-09-18,7.74,4.62793785,Correction,84.1351151744038,2.0,Correction,50.025907293803364,1.0,,,,,3,-0.05094980711388351
2017-09-27,US.GLD,SELL,28,121.98,-9.86,ATR_TRAIL,atr_breakout,2017-08-10,6.84,122.21,,,,,,,,,,,48,-0.002881456976866518
2017-09-27,US.KLAC,SELL,360,8.811615001,-3.17,ATR_TRAIL,atr_breakout,2017-09-18,6.34,8.811615001,,,,,,,,,,,9,-0.0009993123342947057
2017-09-27,US.HON,SELL,27,115.312203455,-33.81,STRAT_EXIT,atr_breakout,2017-09-21,6.26,116.449220539,,,,,,,,,,,6,-0.010753375732582433
2017-09-28,US.HWM,SELL,150,25.58801968,-117.42,STRAT_EXIT,atr_breakout,2017-09-21,7.79,26.34523625,,,,,,,,,,,7,-0.029713151651847496
2017-09-29,US.MU,SELL,82,37.021902415,-3.04,ATR_TRAIL,atr_breakout,2017-09-28,6.07,37.021902415,,,,,,,,,,,1,-0.001001384810432825
2017-10-02,US.XAR,SELL,47,75.577104452,-3.55,ATR_TRAIL,atr_breakout,2017-09-27,7.1,75.577104452,,,,,,,,,,,5,-0.0009994020734359877
2017-10-23,US.COPX,SELL,228,22.068022393,856.15,STRAT_EXIT,atr_breakout,2017-07-11,9.2,18.290914955,,,,,,,,,,,104,0.20529557263195544
2017-10-25,US.STM,SELL,184,19.183752153,-3.53,ATR_TRAIL,atr_breakout,2017-10-23,7.06,19.183752153,,,,,,,,,,,2,-0.0010000537150233924
2017-11-08,US.ROST,SELL,48,58.536980757,-45.68,STRAT_EXIT,atr_breakout,2017-09-27,5.66,59.430064449,,,,,,,,,,,42,-0.016013219495720734
2017-11-09,US.SNPS,SELL,30,85.69,-2.57,ATR_TRAIL,atr_breakout,2017-10-25,5.14,85.69,,,,,,,,,,,15,-0.0009997277006262885
2017-11-10,US.PPA,SELL,64,48.786215113,-3.12,ATR_TRAIL,atr_breakout,2017-10-02,6.24,48.786215113,,,,,,,,,,,39,-0.0009992576773394674
2017-11-14,US.URA,SELL,306,10.50247755825,-172.36,STOP_LOSS,atr_breakout,2017-11-09,6.6,11.055239535,,,,,,,,,,,5,-0.050950318360171935
2017-11-15,US.XLI,SELL,52,60.649189478,-8.99,ATR_TRAIL,atr_breakout,2017-09-20,6.31,60.761454816,,,,,,,,,,,56,-0.002845300789919378
2017-11-20,US.MNST,SELL,108,30.58,-3.3,ATR_TRAIL,atr_breakout,2017-11-10,6.61,30.58,,,,,,,,,,,10,-0.0009992006394884093
2017-11-24,US.CTAS,SELL,136,34.008988508,160.06,STRAT_EXIT,atr_breakout,2017-09-27,9.09,32.798064365,,,,,,,,,,,58,0.035883573847784976
2017-11-27,US.LSCC,SELL,560,6.08,-182.6,STOP_LOSS,atr_breakout,2017-11-08,6.99,6.4,,,,,,,,,,,19,-0.050948660714285714
2017-11-29,US.AMAT,SELL,64,47.368136199,-3.03,ATR_TRAIL,atr_breakout,2017-09-29,6.06,47.368136199,,,,,,,,,,,61,-0.0009994851771474066
2017-11-29,US.OKTA,SELL,113,29.41,-214.63,STOP_LOSS,atr_breakout,2017-11-24,6.86,31.28,,,,,,,,,,,5,-0.06072188398252721
2017-12-04,US.ISRG,SELL,19,123.3154335,-216.09,STOP_LOSS,atr_breakout,2017-11-27,4.9,134.565321,,,,,,,,,,,7,-0.08451774803656019
2017-12-04,US.ORLY,SELL,218,15.754666745,-3.43,ATR_TRAIL,atr_breakout,2017-11-29,6.87,15.754666745,,,,,,,,,,,5,-0.0009986847204573124
2017-12-07,US.CMCSA,SELL,105,27.930466638,-191.02,STOP_LOSS,atr_breakout,2017-12-04,6.05,29.721731719,,,,,,,,,,,3,-0.06120902080800103
2017-12-11,US.DXCM,SELL,45,14.6125,-35.31,STOP_LOSS,atr_breakout,2017-12-08,1.35,15.3825,,,,,,,,,,,3,-0.05101034725608105
2017-12-14,US.MRVL,SELL,160,20.468235955,-3.27,ATR_TRAIL,atr_breakout,2017-11-20,6.55,20.468235955,,,,,,,,,,,24,-0.0009984983583799028
2017-12-19,US.TXN,SELL,9,82.222374397,26.63,ACTIVE_REPLACEMENT,atr_breakout,2017-12-14,1.45,79.181489273,,,,,,,US.AA,46.76,OBSERVATION_EVICT,,5,0.037368441993902185
2017-12-29,US.TTWO,SELL,61,109.78,2906.05,STRAT_EXIT,atr_breakout,2017-04-20,10.48,62.03,,,,,,,,,,,253,0.7680181192072583
2017-12-29,US.ASML,SELL,28,154.068390143,892.25,STRAT_EXIT,atr_breakout,2017-07-14,7.73,122.04820362,,,,,,,,,,,168,0.2610941454557349
2018-01-02,US.SLV,SELL,54,16.21,11.0,ACTIVE_REPLACEMENT,atr_breakout,2017-12-29,1.74,15.99,,,,,,,US.ON,44.46,OBSERVATION_EVICT,,4,0.012739443633752576
2018-01-03,US.ON,SELL,178,21.81,-3.88,ATR_TRAIL,atr_breakout,2018-01-02,7.76,21.81,,,,,,,,,,,1,-0.000999438459834423
2018-01-31,US.CDNS,SELL,97,44.86,792.99,STRAT_EXIT,atr_breakout,2017-07-25,7.91,36.64,,,,,,,,,,,190,0.22312103272858236
2018-02-01,US.TTWO,SELL,31,120.3365,-200.07,STOP_LOSS,atr_breakout,2018-01-31,7.66,126.67,,,,,,,,,,,1,-0.05095027210659142
2018-02-05,US.PEP,SELL,37,87.889016035,-17.53,ATR_TRAIL,atr_breakout,2017-11-14,6.52,88.274819356,,,,,,,,,,,83,-0.005367145322303975
2018-02-05,US.ORLY,SELL,233,16.432666748,-64.41,ATR_TRAIL,atr_breakout,2017-12-04,7.72,16.69266675,,,,,,,,,,,63,-0.016560431738106993
2018-02-05,US.NVDA,SELL,743,5.24650025,-3.9,ATR_TRAIL,atr_breakout,2018-01-03,7.8,5.24650025,Correction,81.01781942025745,1.0,Bear,99.99999823266991,1.0,,,,,33,-0.0010004746647510135
2018-02-05,US.IDXX,SELL,20,180.39,-274.81,STOP_LOSS,atr_breakout,2018-02-01,7.49,193.95,,,,,,,,,,,4,-0.07084557875741171
2018-02-06,US.COST,SELL,27,158.613738048,-4.28,ATR_TRAIL,atr_breakout,2017-11-29,8.57,158.613738048,,,,,,,,,,,69,-0.0009993996766569323
2018-02-08,US.AA,SELL,75,43.777198528,-41.84,ATR_TRAIL,atr_breakout,2017-12-19,6.61,44.291328306,,,,,,,,,,,51,-0.012595392552069712
2018-03-01,US.GLD,SELL,39,123.65,-4.82,ATR_TRAIL,atr_breakout,2017-12-29,9.64,123.65,,,,,,,,,,,62,-0.0009995126857237655
2018-03-01,US.OKTA,SELL,35,36.4,-77.92,STOP_LOSS,atr_breakout,2018-02-28,2.62,38.59,,,,,,,,,,,1,-0.057690741494835815
2018-03-05,US.NFLX,SELL,52,30.105,-1.57,ATR_TRAIL,atr_breakout,2018-03-02,3.13,30.105,,,,,,,,,,,3,-0.0010029001060391195
2018-03-06,US.PANW,SELL,26,30.536361116,11.99,ACTIVE_REPLACEMENT,atr_breakout,2018-03-05,1.58,30.044699369,,,,,,,US.LRCX,51.61,OBSERVATION_EVICT,,1,0.01534892529594298
2018-03-13,US.NFLX,SELL,171,31.5,-5.39,ATR_TRAIL,atr_breakout,2018-03-05,10.77,31.5,,,,,,,,,,,8,-0.001000649772579597
2018-03-14,US.TEAM,SELL,25,59.98,43.75,ACTIVE_REPLACEMENT,atr_breakout,2018-03-02,2.95,58.17,,,,,,,US.COHR,47.16,OBSERVATION_EVICT,,12,0.030084235860409144
2018-03-19,US.WDAY,SELL,6,131.6,-8.71,ATR_TRAIL,atr_breakout,2018-03-05,1.59,132.92,,,,,,,,,,,14,-0.010921356204233124
2018-03-21,US.DXCM,SELL,54,16.2275,-0.88,ATR_TRAIL,atr_breakout,2018-03-13,1.75,16.2275,,,,,,,,,,,8,-0.0010042394882943334
2018-03-22,US.COHR,SELL,90,44.8,-4.03,ATR_TRAIL,atr_breakout,2018-03-14,8.06,44.8,,,,,,,,,,,8,-0.0009995039682539684
2018-03-23,US.VRTX,SELL,18,160.93,-223.04,STOP_LOSS,atr_breakout,2018-03-05,6.01,173.16,,,,,,,,,,,18,-0.07155873822540489
2018-03-23,US.LRCX,SELL,191,18.029517741,-95.31,ATR_TRAIL,atr_breakout,2018-03-06,6.98,18.510478117,,,,,,,,,,,17,-0.026957987386820034
2018-03-27,US.MU,SELL,132,50.744193432,-6.7,ATR_TRAIL,atr_breakout,2018-03-05,13.4,50.744193432,,,,,,,,,,,22,-0.0010002637213180595
2018-03-28,US.BKNG,SELL,95,79.669262447,-7.57,ATR_TRAIL,atr_breakout,2018-02-28,15.14,79.669262447,,,,,,,,,,,28,-0.0010001876266813156
2018-03-28,US.FANG,SELL,9,96.126579203,-60.45,STOP_LOSS,atr_breakout,2018-03-26,1.79,102.746874532,,,,,,,,,,,2,-0.06537100712075475
2018-04-02,US.GLD,SELL,29,127.26,-13.84,STRAT_EXIT,atr_breakout,2018-03-23,7.39,127.61,,,,,,,,,,,10,-0.0037398431103388826
2018-04-03,US.GDX,SELL,45,20.087752245,-22.77,STRAT_EXIT,atr_breakout,2018-03-26,1.83,20.573672313,,,,,,,,,,,8,-0.02459453967682138
2018-04-06,US.ROST,SELL,55,71.400605053,-122.0,STRAT_EXIT,atr_breakout,2018-04-05,7.97,73.547437564,,,,,,,,,,,1,-0.030159879006683078
2018-04-10,US.PANW,SELL,205,31.096355512849996,-341.89,STOP_LOSS,atr_breakout,2018-04-05,13.09,32.733005803,,,,,,,,,,,5,-0.05095028875741454
2018-04-13,US.VRSK,SELL,12,100.227221534,-13.18,STRAT_EXIT,atr_breakout,2018-04-10,2.42,101.225500633,,,,,,,,,,,3,-0.010850362077392102
2018-04-17,US.BKR,SELL,37,26.84144195,19.59,ACTIVE_REPLACEMENT,atr_breakout,2018-04-12,1.97,26.285142635,,,,,,,US.NFLX,45.81,OBSERVATION_EVICT,,5,0.02014291749569802
2018-04-18,US.AA,SELL,25,56.55427561,207.57,ACTIVE_REPLACEMENT,atr_breakout,2018-04-09,2.62,48.194906252,,,,,,,US.ISRG,41.07,OBSERVATION_EVICT,,9,0.17227546738210428
2018-04-20,US.GDX,SELL,186,20.821216499,-10.69,STRAT_EXIT,atr_breakout,2018-04-11,7.75,20.857889711,,,,,,,,,,,9,-0.0027554617977129207
2018-04-23,US.COST,SELL,25,173.210341878,-31.88,STRAT_EXIT,atr_breakout,2018-04-16,8.69,174.312223029,,,,,,,,,,,7,-0.007315608612184628
2018-04-23,US.NFLX,SELL,112,31.869,-198.11,STOP_LOSS,atr_breakout,2018-04-17,7.33,33.606,,,,,,,,,,,6,-0.05263462731995137
2018-04-23,US.ISRG,SELL,21,149.158008405,-167.99,STOP_LOSS,atr_breakout,2018-04-18,6.43,157.0084299,,,,,,,,,,,5,-0.0509496452809494
2018-04-24,US.CSCO,SELL,117,34.600815509,774.3,STRAT_EXIT,atr_breakout,2017-11-16,7.32,27.948304194,,,,,,,,,,,159,0.23679249631787938
2018-04-24,US.FTNT,SELL,427,11.214,-18.45,ATR_TRAIL,atr_breakout,2018-04-10,9.59,11.246,,,,,,,,,,,14,-0.003842115500031028
2018-04-24,US.LMT,SELL,13,265.756005224,-234.17,STOP_LOSS,atr_breakout,2018-04-23,7.14,283.503413954,,,,,,,,,,,1,-0.06353742507665056
2018-04-25,US.OKTA,SELL,72,41.153999999999996,-158.92,STOP_LOSS,atr_breakout,2018-04-23,6.08,43.32,,,,,,,,,,,2,-0.0509515748435416
2018-04-26,US.CIEN,SELL,39,25.5075,-53.35,STOP_LOSS,atr_breakout,2018-04-24,2.04,26.85,,,,,,,,,,,2,-0.05094781072434704
2018-05-02,US.PEP,SELL,13,75.210583351,-54.78,STOP_LOSS,boll_mr,2018-04-23,2.01,79.348983237,,,,,,,,,,,9,-0.05310523187499724
2018-05-04,US.GE,SELL,50,65.16297181925,-174.74,STOP_LOSS,atr_breakout,2018-04-20,6.69,68.592601915,,,,,,,,,,,14,-0.050950101066741256
2018-05-15,US.MELI,SELL,7,288.664200464,-2.02,ATR_TRAIL,atr_breakout,2017-12-11,4.04,288.664200464,,,,,,,,,,,155,-0.000999678616564083
2018-06-04,US.TTD,SELL,404,8.022,-3.24,ATR_TRAIL,atr_breakout,2018-05-15,6.48,8.022,,,,,,,,,,,20,-0.0009997260010219421
2018-06-06,US.GILD,SELL,62,51.706650042,-3.21,ATR_TRAIL,atr_breakout,2018-06-04,6.41,51.706650042,,,,,,,,,,,2,-0.00100130628277663
2018-06-14,US.URA,SELL,275,11.1759888353,-164.83,STOP_LOSS,atr_breakout,2018-06-06,6.31,11.764198774,,,,,,,,,,,8,-0.05094965068989731
2018-06-18,US.CMCSA,SELL,127,24.248486113,-120.29,STRAT_EXIT,atr_breakout,2018-06-14,6.28,25.171387365,,,,,,,,,,,4,-0.037628651158406606
2018-06-25,US.AAPL,SELL,82,42.922108061,-21.95,ATR_TRAIL,atr_breakout,2018-05-04,7.06,43.146851068,Bull,91.4698046956136,2.0,Correction,66.81173077737097,1.0,,,,,52,-0.006203996820240636
2018-06-25,US.GOOG,SELL,54,55.25220480195,-160.02,STOP_LOSS,atr_breakout,2018-06-18,6.12,58.160215581,,,,,,,,,,,7,-0.05095120958082223
2018-07-05,US.EQIX,SELL,8,368.280334422,-2.95,ATR_TRAIL,atr_breakout,2018-06-26,5.89,368.280334422,,,,,,,,,,,9,-0.001001275293666541
2018-07-09,US.AEP,SELL,57,50.327508637,-9.99,ATR_TRAIL,atr_breakout,2018-06-25,5.74,50.452434748,,,,,,,,,,,14,-0.0034738295340976484
2018-07-16,US.CPRT,SELL,468,14.6075,2867.85,STRAT_EXIT,atr_breakout,2017-09-20,10.8,8.465,,,,,,,,,,,299,0.7239084011086374
2018-07-17,US.MELI,SELL,11,343.25,-3.78,ATR_TRAIL,atr_breakout,2018-07-16,7.55,343.25,,,,,,,,,,,1,-0.0010011256041845991
2018-07-23,US.MELI,SELL,10,359.8,-3.6,ATR_TRAIL,atr_breakout,2018-07-17,7.2,359.8,,,,,,,,,,,6,-0.001000555864369094
2018-07-24,US.PEP,SELL,8,89.570981721,35.19,ACTIVE_REPLACEMENT,atr_breakout,2018-06-25,1.4,85.082284275,,,,,,,US.GOOGL,52.64,OBSERVATION_EVICT,,29,0.05169995184640921
2018-07-26,US.META,SELL,24,172.643922222,-4.14,ATR_TRAIL,atr_breakout,2018-04-26,8.29,172.643922222,,,,,,,,,,,91,-0.0009991663638073808
2018-07-27,US.GOOGL,SELL,61,62.093897443,-19.69,ATR_TRAIL,atr_breakout,2018-07-24,7.59,62.354585852,Bear,99.99992300357243,1.0,Bear,78.33991018446368,1.0,,,,,3,-0.005176634257695874
2018-07-27,US.CTAS,SELL,18,47.206437708,-1.22,ATR_TRAIL,atr_breakout,2018-07-23,1.7,47.227159453,,,,,,,,,,,4,-0.001435144068853634
2018-08-08,US.EQIX,SELL,8,384.161887305,47.4,STRAT_EXIT,atr_breakout,2018-07-05,6.1,377.852189267,,,,,,,,,,,34,0.015680734870145856
2018-08-09,US.AMGN,SELL,20,152.150979659,-6.18,ATR_TRAIL,atr_breakout,2018-07-09,6.09,152.307860599,,,,,,,,,,,31,-0.002028785637095534
2018-08-10,US.LRCX,SELL,238,15.894882462,-262.13,STOP_LOSS,atr_breakout,2018-07-27,7.82,16.980388801,,,,,,,,,,,14,-0.06486226949980005
2018-08-16,US.CDNS,SELL,145,45.37,759.02,STRAT_EXIT,atr_breakout,2018-04-24,12.39,40.09,,,,,,,,,,,114,0.1305717308469736
2018-08-24,US.ROST,SELL,34,84.930585186,-2.89,ATR_TRAIL,atr_breakout,2018-08-08,5.78,84.930585186,,,,,,,,,,,16,-0.0010008173123245059
2018-09-05,US.CCJ,SELL,630,9.42371603,-5.94,ATR_TRAIL,atr_breakout,2018-04-03,11.87,9.42371603,,,,,,,,,,,155,-0.001000515231842298
2018-09-07,US.TEAM,SELL,49,86.11,-4.22,ATR_TRAIL,atr_breakout,2018-08-24,8.44,86.11,,,,,,,,,,,14,-0.0010001445706606879
2018-09-07,US.XEL,SELL,118,38.215805772,-61.03,STRAT_EXIT,atr_breakout,2018-09-05,9.08,38.694779298,,,,,,,,,,,2,-0.013366231807329132
2018-09-10,US.AVGO,SELL,288,18.769254422,-5.41,ATR_TRAIL,atr_breakout,2018-09-07,10.81,18.769254422,,,,,,,,,,,3,-0.0010008241030716753
2018-09-12,US.AVGO,SELL,233,18.455550342149998,-230.62,STOP_LOSS,atr_breakout,2018-09-10,8.83,19.426895097,,,,,,,,,,,2,-0.05094923315245418
2018-09-18,US.OKTA,SELL,60,68.324,-219.86,STOP_LOSS,atr_breakout,2018-09-07,8.41,71.92,,,,,,,,,,,11,-0.050950129773822773
2018-09-19,US.EXC,SELL,125,23.183916092,-2.9,ATR_TRAIL,atr_breakout,2018-08-09,5.8,23.183916092,,,,,,,,,,,41,-0.00100069375285591
2018-09-27,US.CAT,SELL,31,129.495431448,-11.7,ATR_TRAIL,atr_breakout,2018-09-19,8.04,129.743467574,,,,,,,,,,,8,-0.002908966146009981
2018-10-10,US.TTD,SELL,317,11.865,-297.94,STOP_LOSS,atr_breakout,2018-08-10,7.82,12.793,,,,,,,,,,,61,-0.07346781966971784
2018-10-10,US.TMUS,SELL,69,63.717865888,-89.52,ATR_TRAIL,atr_breakout,2018-09-12,8.88,64.951485084,,,,,,,,,,,28,-0.019974775059722574
2018-10-10,US.XAR,SELL,46,88.780049292,-305.78,STOP_LOSS,atr_breakout,2018-09-18,8.47,95.338555595,,,,,,,,,,,22,-0.06972406140267186
2018-10-11,US.QQQ,SELL,125,160.825461412,7624.21,MA200_BREAK,core_etf,2016-06-30,32.56,99.670935573,,,,Bear,78.69568743158625,2.0,,,,,833,0.6119505114440068
2018-10-11,US.CSCO,SELL,126,35.411244793,-78.97,ATR_TRAIL,atr_breakout,2018-08-16,9.0,36.002551345,,,,,,,,,,,56,-0.01740837824908966
2018-10-11,US.CCJ,SELL,373,11.005658062,-4.11,ATR_TRAIL,atr_breakout,2018-09-27,8.21,11.005658062,,,,,,,,,,,14,-0.0010011910867990196
2018-10-22,US.GLD,SELL,81,115.71,-15.04,STRAT_EXIT,atr_breakout,2018-10-11,18.75,115.78,,,,,,,,,,,11,-0.0016037226839322766
2018-10-24,US.QCOM,SELL,75,51.219915031,-27.54,ATR_TRAIL,atr_breakout,2018-07-26,7.71,51.535880441,,,,,,,,,,,90,-0.007125132953154508
2018-10-24,US.XLI,SELL,35,60.948544595,-143.73,STOP_LOSS,boll_mr,2018-10-12,4.41,64.994191134,,,,,,,,,,,12,-0.06318366852361954
2018-10-24,US.PAYX,SELL,11,50.665662653,-36.17,STOP_LOSS,boll_mr,2018-10-12,1.15,53.90333748,,,,,,,,,,,12,-0.06100145133688332
2018-10-24,US.QQQ,SELL,55,156.767488777,-479.1,MA200_BREAK,core_etf,2018-10-12,17.71,165.321618886,,,,Correction,64.08993445949488,9.0,,,,,12,-0.05269068346660595
2018-10-29,US.GDX,SELL,548,17.306547478099997,-508.64,STOP_LOSS,atr_breakout,2018-10-11,19.47,18.217418398,,,,,,,,,,,18,-0.05094987457628198
2018-10-29,US.SPY,SELL,2,233.1531123277,-25.01,STOP_LOSS,boll_mr,2018-10-12,0.96,245.424328766,Bear,64.73192013992778,3.0,Sideways,96.06018719481948,1.0,,,,,17,-0.05095256881367658
2018-10-29,US.VOO,SELL,2,213.30502948954998,-22.88,STOP_LOSS,boll_mr,2018-10-12,0.88,224.531609989,,,,,,,,,,,17,-0.050950509821581266
2018-10-29,US.CDNS,SELL,146,44.2,-393.35,STOP_LOSS,atr_breakout,2018-10-23,13.29,46.85,,,,,,,,,,,6,-0.057506469203666616
2018-11-02,US.QQQ,SELL,76,160.61589475,-206.23,MA200_BREAK,core_etf,2018-11-01,24.61,163.168797723,,,,Correction,99.91815669967775,4.0,,,,,1,-0.016630340294506253
2018-11-08,US.KDP,SELL,275,22.856581988,-6.29,ATR_TRAIL,atr_breakout,2018-11-07,12.57,22.856581988,,,,,,,,,,,1,-0.0010007063735398298
2018-11-09,US.COHR,SELL,25,38.01,-207.2,STOP_LOSS,atr_breakout,2018-11-07,2.11,46.26,,,,,,,,,,,2,-0.17916126242974492
2018-11-09,US.QQQ,SELL,3,162.654406825,-12.09,MA200_BREAK,core_etf,2018-11-07,0.99,166.521864313,,,,Correction,99.43611971203008,9.0,,,,,2,-0.024201026193323653
2018-11-12,US.WDAY,SELL,31,133.1,-349.47,STOP_LOSS,atr_breakout,2018-11-07,8.6,144.24,,,,,,,,,,,5,-0.0781560302721271
2018-11-13,US.CSCO,SELL,29,36.213856869,-65.76,STOP_LOSS,atr_breakout,2018-11-07,2.17,38.44511844,,,,,,,,,,,6,-0.05898242218802101
2018-11-14,US.CIEN,SELL,213,32.94,-388.29,STOP_LOSS,atr_breakout,2018-11-07,14.41,34.73,,,,,,,,,,,7,-0.05248942546728688
2018-11-14,US.COST,SELL,24,210.63733106,-145.68,STRAT_EXIT,atr_breakout,2018-11-07,10.25,216.496652789,,,,,,,,,,,7,-0.0280373849747963
2018-11-20,US.KDP,SELL,250,21.764628017,-452.15,STOP_LOSS,atr_breakout,2018-11-08,11.33,23.551461788,,,,,,,,,,,12,-0.07679353478269117
2018-11-20,US.FAST,SELL,461,11.439171573,-50.98,ATR_TRAIL,atr_breakout,2018-11-14,10.59,11.538319322,,,,,,,,,,,6,-0.009584210681908187
2018-11-21,US.XEL,SELL,104,40.163124258,-33.81,STRAT_EXIT,atr_breakout,2018-11-12,8.38,40.448025238,,,,,,,,,,,9,-0.008037380117651169
2018-11-26,US.ORLY,SELL,306,23.39933345,1902.08,STRAT_EXIT,atr_breakout,2018-04-26,12.41,17.160000085,,,,,,,,,,,214,0.3622347133816055
2018-11-26,US.PDD,SELL,76,21.22,-147.53,STOP_LOSS,atr_breakout,2018-11-20,3.37,23.14,,,,,,,,,,,6,-0.08388868671245962
2018-11-28,US.CTAS,SELL,31,42.662388193,-1.32,ATR_TRAIL,atr_breakout,2018-11-16,2.65,42.662388193,,,,,,,,,,,12,-0.0009980839555596402
2018-11-29,US.GLD,SELL,13,115.74,25.02,STRAT_EXIT,boll_mr,2018-11-13,2.98,113.7,,,,,,,,,,,16,0.016927136188349907
2018-12-03,US.AMGN,SELL,25,160.180874618,-4.0,ATR_TRAIL,atr_breakout,2018-11-28,8.01,160.180874618,,,,,,,,,,,5,-0.000998870810148644
2018-12-04,US.PAYX,SELL,119,55.202918463,-153.5,STRAT_EXIT,atr_breakout,2018-11-28,13.29,56.437615773,,,,,,,,,,,6,-0.02285560700463991
2018-12-06,US.VRSK,SELL,9,111.4374204442,-53.79,STOP_LOSS,atr_breakout,2018-11-09,2.06,117.302547836,,,,,,,,,,,27,-0.050950868305287014
2018-12-06,US.CTAS,SELL,191,41.411858583,-470.93,STOP_LOSS,atr_breakout,2018-11-28,16.28,43.836069615,,,,,,,,,,,8,-0.05624596629888434
2018-12-06,US.TEAM,SELL,43,83.9,-3.61,ATR_TRAIL,atr_breakout,2018-11-29,7.22,83.9,,,,,,,,,,,7,-0.001000637525293123
2018-12-07,US.LSCC,SELL,1000,6.6405,-356.14,STOP_LOSS,atr_breakout,2018-12-06,13.63,6.99,,,,,,,,,,,1,-0.05094992846924177
2018-12-07,US.ZS,SELL,29,40.39,-76.28,STOP_LOSS,atr_breakout,2018-12-06,2.42,42.98,,,,,,,,,,,1,-0.061199274722806125
2018-12-07,US.OKTA,SELL,17,62.38,-78.75,STOP_LOSS,atr_breakout,2018-12-06,2.2,66.95,,,,,,,,,,,1,-0.06919123138426393
2018-12-14,US.SBUX,SELL,173,54.6702861637,-507.25,STOP_LOSS,atr_breakout,2018-11-07,19.41,57.547669646,,,,,,,,,,,37,-0.050950471893857006
2018-12-14,US.GDX,SELL,269,18.446625978,-24.69,STRAT_EXIT,atr_breakout,2018-12-07,9.94,18.519972403,,,,,,,,,,,7,-0.004955967785472103
2018-12-14,US.GLD,SELL,35,117.06,-40.15,STRAT_EXIT,atr_breakout,2018-12-07,8.23,118.09,,,,,,,,,,,7,-0.0097141405465565
2018-12-17,US.SMCI,SELL,756,1.5105,-61.24,STOP_LOSS,atr_breakout,2018-12-06,2.34,1.59,,,,,,,,,,,11,-0.05094672390269875
2018-12-18,US.GDX,SELL,47,18.895872833,-0.89,ATR_TRAIL,atr_breakout,2018-12-17,1.78,18.895872833,,,,,,,,,,,1,-0.0010021326021889597
2018-12-19,US.REGN,SELL,13,357.745229282,-287.15,STOP_LOSS,atr_breakout,2018-12-03,9.58,379.475747645,,,,,,,,,,,16,-0.058207834560023895
2018-12-19,US.GDX,SELL,207,18.290764824,-220.14,STOP_LOSS,atr_breakout,2018-12-18,7.79,19.335951385,,,,,,,,,,,1,-0.05500004833972461
2018-12-20,US.AVGO,SELL,174,19.72252876525,-184.05,STOP_LOSS,atr_breakout,2018-12-12,7.04,20.760556595,,,,,,,,,,,8,-0.05095039797460957
2018-12-21,US.EQIX,SELL,1,304.080703986,-18.24,STOP_LOSS,boll_mr,2018-12-18,0.63,322.014269526,,,,,,,,,,,3,-0.056643452561431495
2018-12-24,US.EXC,SELL,155,23.807522619,-270.86,STOP_LOSS,atr_breakout,2018-12-04,7.65,25.531177807,,,,,,,,,,,20,-0.06844509423645259
2019-01-08,US.VRT,SELL,999,9.748392504,-268.11,STRAT_EXIT,atr_breakout,2018-11-27,19.74,10.007023325,,,,,,,,,,,42,-0.026819001981128923
2019-01-09,US.NFLX,SELL,33,31.995999999,72.83,ACTIVE_REPLACEMENT,atr_breakout,2019-01-04,2.04,29.757,,,,,,,US.FN,59.1,OBSERVATION_EVICT,,5,0.0741664044416338
2019-01-09,US.GDX,SELL,50,19.650244697,-8.36,ACTIVE_REPLACEMENT,atr_breakout,2019-01-03,1.97,19.797713701,,,,,,,US.PDD,52.85,OBSERVATION_EVICT,,6,-0.008445419634063835
2019-01-14,US.FN,SELL,79,54.18,-10.6,ATR_TRAIL,atr_breakout,2019-01-09,8.57,54.26,,,,,,,,,,,5,-0.002472856896237991
2019-01-14,US.PDD,SELL,116,24.262999999999998,-150.95,STOP_LOSS,atr_breakout,2019-01-09,5.78,25.54,,,,,,,,,,,5,-0.05095117867847595
2019-01-16,US.EA,SELL,33,85.002331432,-2.81,ATR_TRAIL,atr_breakout,2019-01-07,5.61,85.002331432,,,,,,,,,,,9,-0.0010017550544438242
2019-01-17,US.SNPS,SELL,9,89.14,0.91,ACTIVE_REPLACEMENT,atr_breakout,2019-01-16,1.6,88.95,,,,,,,US.FAST,54.22,OBSERVATION_EVICT,,1,0.0011367185060271064
2019-01-18,US.NFLX,SELL,123,33.690799999999996,-222.25,STOP_LOSS,atr_breakout,2019-01-15,8.51,35.464,,,,,,,,,,,3,-0.05095055744150945
2019-01-23,US.CDNS,SELL,65,45.27,-2.94,ATR_TRAIL,atr_breakout,2019-01-15,5.89,45.27,,,,,,,,,,,8,-0.000999133404700005
2019-01-24,US.GE,SELL,26,42.225121296,90.29,ACTIVE_REPLACEMENT,atr_breakout,2019-01-02,2.1,38.710357364,,,,,,,US.ADI,52.35,OBSERVATION_EVICT,,22,0.08970964217762184
2019-01-24,US.GLD,SELL,8,121.09,13.83,ACTIVE_REPLACEMENT,atr_breakout,2018-12-20,1.92,119.24,,,,,,,US.LRCX,46.97,OBSERVATION_EVICT,,35,0.014498071117074808
2019-02-06,US.QQQ,SELL,62,162.166128231,-40.26,MA200_BREAK,core_etf,2019-02-05,20.14,162.653330501,,,,Bull,99.28352187262736,17.0,,,,,1,-0.003992262788038546
2019-03-05,US.SLV,SELL,359,14.11,-5.07,ATR_TRAIL,atr_breakout,2018-12-26,10.13,14.11,,,,,,,,,,,69,-0.001000890338348314
2019-03-07,US.QQQ,SELL,62,163.035449927,2.33,MA200_BREAK,core_etf,2019-02-14,20.2,162.834837228,,,,Sideways,97.40145833723558,14.0,,,,,21,0.00023078995748723115
2019-03-07,US.VRT,SELL,186,9.917497272,-7.4,STRAT_EXIT,atr_breakout,2019-03-05,3.69,9.94733929,,,,,,,,,,,2,-0.003999556572535402
2019-03-08,US.ROST,SELL,51,82.657179252,-4.22,ATR_TRAIL,atr_breakout,2019-01-07,8.43,82.657179252,,,,,,,,,,,60,-0.0010010636557890226
2019-03-13,US.XEL,SELL,17,45.178741582,14.55,ACTIVE_REPLACEMENT,atr_breakout,2019-03-07,1.52,44.277559269,,,,,,,US.MELI,51.47,OBSERVATION_EVICT,,6,0.01932993523291164
2019-03-15,US.MELI,SELL,4,482.5335,-103.52,STOP_LOSS,atr_breakout,2019-03-13,3.96,507.93,,,,,,,,,,,2,-0.0509519028212549
2019-03-20,US.FAST,SELL,332,13.030145132,389.47,STRAT_EXIT,atr_breakout,2019-01-17,8.26,11.844024882,,,,,,,,,,,62,0.09904592580022194
2019-03-21,US.RTX,SELL,65,64.317251429,321.93,STRAT_EXIT,atr_breakout,2019-01-23,8.04,59.300154008,,,,,,,,,,,57,0.08352034347332501
2019-03-26,US.AAPL,SELL,57,44.16259177639999,-135.01,STOP_LOSS,atr_breakout,2019-03-21,5.17,46.486938712,Correction,98.65695387611606,1.0,Bull,80.168711601847,3.0,,,,,5,-0.05095187071581996
2019-03-27,US.ASML,SELL,13,164.68480677005,-114.82,STOP_LOSS,atr_breakout,2019-03-15,4.39,173.352428179,,,,,,,,,,,12,-0.05095000851783651
2019-03-27,US.GOOG,SELL,40,57.63046129555,-123.63,STOP_LOSS,atr_breakout,2019-03-20,4.73,60.663643469,,,,,,,,,,,7,-0.05094896750768717
2019-03-29,US.LRCX,SELL,227,16.305407922,392.62,STRAT_EXIT,atr_breakout,2019-01-24,7.01,14.559512369,,,,,,,,,,,64,0.11879542943428059
2019-04-01,US.ADP,SELL,4,138.27700442,17.47,ACTIVE_REPLACEMENT,atr_breakout,2019-03-27,1.09,133.772144894,,,,,,,US.CDNS,49.06,OBSERVATION_EVICT,,5,0.032648799968489496
2019-04-04,US.SNPS,SELL,18,115.15,-2.07,ATR_TRAIL,atr_breakout,2019-03-29,4.15,115.15,,,,,,,,,,,6,-0.0009986973512809377
2019-04-09,US.CTAS,SELL,91,47.676150299,415.68,STRAT_EXIT,atr_breakout,2019-01-18,8.26,43.060601533,,,,,,,,,,,81,0.10608100967682521
2019-04-22,US.ROST,SELL,29,90.890382633,-2.64,ATR_TRAIL,atr_breakout,2019-04-04,5.27,90.890382633,,,,,,,,,,,18,-0.0010015854276486276
2019-04-26,US.FANG,SELL,25,82.977323666,-79.55,STRAT_EXIT,atr_breakout,2019-04-22,4.23,86.07637115,,,,,,,,,,,4,-0.03696717179741377
2019-05-02,US.BKR,SELL,179,18.987804561,-3.4,ATR_TRAIL,atr_breakout,2019-01-08,6.8,18.987804561,,,,,,,,,,,114,-0.0010003480574491904
2019-05-03,US.IDXX,SELL,2,250.47,15.76,ACTIVE_REPLACEMENT,atr_breakout,2019-05-02,0.99,242.34,,,,,,,US.MELI,48.11,OBSERVATION_EVICT,,1,0.03251629941404638
2019-05-07,US.MELI,SELL,5,539.41,-200.35,STOP_LOSS,atr_breakout,2019-05-03,5.59,578.94,,,,,,,,,,,4,-0.06921269907071544
2019-05-20,US.CDNS,SELL,41,64.62,-10.03,ATR_TRAIL,atr_breakout,2019-04-01,5.31,64.8,,,,,,,,,,,49,-0.003775218307738633
2019-05-20,US.TEAM,SELL,23,124.55,-16.2,ATR_TRAIL,atr_breakout,2019-05-09,5.74,125.13,,,,,,,,,,,11,-0.0056289285230317
2019-05-31,US.TMUS,SELL,31,70.230227688,-145.96,STOP_LOSS,atr_breakout,2019-05-20,4.5,74.868253345,,,,,,,,,,,11,-0.06288896677043473
2019-06-03,US.QQQ,SELL,75,162.079972353,-320.25,MA200_BREAK,core_etf,2019-03-11,24.62,166.187935198,,,,Bear,94.51098093848196,1.0,,,,,84,-0.025693802591100413
2019-07-09,US.MNST,SELL,96,32.38,242.17,STRAT_EXIT,atr_breakout,2019-04-26,5.97,29.825,,,,,,,,,,,74,0.08458018999720593
2019-07-18,US.AMZN,SELL,29,98.895,-17.95,ATR_TRAIL,atr_breakout,2019-07-09,5.75,99.415,Sideways,98.35362432139452,15.0,Sideways,99.84097882715314,22.0,,,,,9,-0.006226077727117429
2019-07-22,US.KLAC,SELL,240,12.238103548,-2.94,ATR_TRAIL,atr_breakout,2019-07-18,5.87,12.238103548,,,,,,,,,,,4,-0.0010009720829663958
2019-07-25,US.AMAT,SELL,61,47.436622553,-2.89,ATR_TRAIL,atr_breakout,2019-07-22,5.79,47.436622553,,,,,,,,,,,3,-0.0009987441480976945
2019-08-02,US.CIEN,SELL,48,42.81,-136.93,STOP_LOSS,atr_breakout,2019-07-25,4.24,45.62,,,,,,,,,,,8,-0.06253196697354962
2019-08-23,US.COST,SELL,18,248.720228417,760.23,STRAT_EXIT,atr_breakout,2019-03-08,8.19,206.236381953,,,,,,,,,,,168,0.20478927917589776
2019-09-09,US.VRSK,SELL,21,152.866978286,572.21,STRAT_EXIT,atr_breakout,2019-03-26,5.84,125.465832655,,,,,,,,,,,167,0.21717542267479914
2019-09-13,US.SLV,SELL,145,16.31,-8.16,ATR_TRAIL,atr_breakout,2019-08-23,4.74,16.35,,,,,,,,,,,21,-0.0034419487503954444
2019-09-19,US.ADI,SELL,43,102.947526403,858.94,STRAT_EXIT,atr_breakout,2019-01-24,7.99,82.86932384,,,,,,,,,,,238,0.24104635963697155
2019-09-20,US.COPX,SELL,355,15.6266555,-129.51,STRAT_EXIT,atr_breakout,2019-09-13,11.22,15.975854506,,,,,,,,,,,7,-0.02283551726584876
2019-09-23,US.TMUS,SELL,15,76.465264242,-16.07,STRAT_EXIT,atr_breakout,2019-09-19,2.31,77.45980995,,,,,,,,,,,4,-0.01383082832277635
2019-09-24,US.EMR,SELL,118,54.969952137,-6.49,ATR_TRAIL,atr_breakout,2019-09-09,12.97,54.969952137,,,,,,,,,,,15,-0.0010005466234157365
2019-09-26,US.ISRG,SELL,6,181.0948557,2.57,ACTIVE_REPLACEMENT,atr_breakout,2019-09-24,2.17,180.4848618,,,,,,,US.TSM,46.94,OBSERVATION_EVICT,,2,0.0023732368967763107
2019-09-30,US.AEP,SELL,67,72.826178843,-53.97,STRAT_EXIT,atr_breakout,2019-09-24,9.81,73.558854666,,,,,,,,,,,6,-0.010950719552625469
2019-10-02,US.CTAS,SELL,41,60.302540517,302.48,STRAT_EXIT,atr_breakout,2019-05-21,4.64,52.864567378,,,,,,,,,,,134,0.13955587535328978
2019-10-07,US.DLR,SELL,11,102.072391626,-14.69,STRAT_EXIT,atr_breakout,2019-09-30,2.26,103.305918892,,,,,,,,,,,7,-0.012927183260919264
2019-10-11,US.HON,SELL,3,142.410149111,5.11,ACTIVE_REPLACEMENT,boll_mr,2019-10-03,0.85,140.565023158,,,,,,,US.AAPL,55.17,OBSERVATION_EVICT,,8,0.012117760841676291
2019-10-11,US.WDAY,SELL,7,180.44,16.94,ACTIVE_REPLACEMENT,atr_breakout,2019-10-07,2.51,177.84,,,,,,,US.ASML,55.11,OBSERVATION_EVICT,,4,0.013607737291947818
2019-10-16,US.ASML,SELL,20,234.386007403,-110.95,ATR_TRAIL,atr_breakout,2019-10-11,9.48,239.699323163,,,,,,,,,,,5,-0.02314357807438445
2019-10-24,US.ALGN,SELL,5,249.47,188.3,ACTIVE_REPLACEMENT,atr_breakout,2019-10-16,2.31,211.56,,,,,,,US.AMAT,44.53,OBSERVATION_EVICT,,8,0.1780109661561732
2019-10-30,US.AMAT,SELL,93,51.727328483,-4.81,ATR_TRAIL,atr_breakout,2019-10-24,9.62,51.727328483,,,,,,,,,,,6,-0.000999866639633721
2019-11-04,US.GDX,SELL,148,25.364668577,805.15,STRAT_EXIT,atr_breakout,2019-05-31,6.7,19.89909864,,,,,,,,,,,157,0.2733894032650869
2019-11-04,US.EQIX,SELL,12,478.796952121,-413.08,STOP_LOSS,atr_breakout,2019-09-23,11.9,512.741117486,,,,,,,,,,,42,-0.06713589403969193
2019-11-05,US.AVGO,SELL,222,25.864593283,-5.74,ATR_TRAIL,atr_breakout,2019-11-04,11.48,25.864593283,,,,,,,,,,,1,-0.0009996621857901052
2019-11-07,US.GLD,SELL,15,137.79,-2.07,ATR_TRAIL,atr_breakout,2019-08-05,4.13,137.79,,,,,,,,,,,94,-0.0010015240583496625
2019-11-14,US.MRVL,SELL,177,26.011272462,-4.6,ATR_TRAIL,atr_breakout,2019-11-04,9.21,26.011272462,,,,,,,,,,,10,-0.000999132226342974
2019-11-15,US.HWM,SELL,174,29.762266454,-5.18,ATR_TRAIL,atr_breakout,2019-11-14,10.36,29.762266454,,,,,,,,,,,1,-0.0010002637060097846
2019-11-19,US.SBUX,SELL,43,72.347052154,394.19,STRAT_EXIT,atr_breakout,2019-03-28,5.82,63.107540564,,,,,,,,,,,236,0.14526329532726334
2019-11-21,US.AMAT,SELL,89,53.197490675,-458.24,STOP_LOSS,atr_breakout,2019-11-15,9.92,58.293045318,,,,,,,,,,,6,-0.08832552866051692
2019-12-02,US.CPRT,SELL,163,21.9625,-3.58,ATR_TRAIL,atr_breakout,2019-11-21,7.16,21.9625,,,,,,,,,,,11,-0.0010000314255685409
2019-12-03,US.VRT,SELL,464,10.295496165,-4.78,ATR_TRAIL,atr_breakout,2019-12-02,9.55,10.295496165,,,,,,,,,,,1,-0.0010006049220776952
2019-12-06,US.AVGO,SELL,181,26.811747403,26.33,STRAT_EXIT,atr_breakout,2019-11-05,9.67,26.63945964,,,,,,,,,,,31,0.005460681831595459
2020-01-03,US.VRTX,SELL,22,215.0,-4.73,ATR_TRAIL,atr_breakout,2019-11-19,9.46,215.0,,,,,,,,,,,45,-0.001
2020-01-23,US.GE,SELL,99,56.848766347,793.19,STRAT_EXIT,atr_breakout,2019-10-30,10.46,48.77992694,,,,,,,,,,,85,0.16424830262405068
2020-01-29,US.STX,SELL,99,47.43733965,-303.14,STOP_LOSS,atr_breakout,2020-01-23,9.69,50.451913853,,,,,,,,,,,6,-0.06069185424643958
2020-02-03,US.GE,SELL,79,59.217464945,-264.36,STOP_LOSS,atr_breakout,2020-01-29,9.62,62.504638509,,,,,,,,,,,5,-0.0535372924913759
2020-02-05,US.TSLA,SELL,94,48.9795102,-288.48,STOP_LOSS,atr_breakout,2020-02-03,9.49,51.99948,Bear,100.0,1.0,Bear,100.0,3.0,,,,,2,-0.05901859345925702
2020-02-14,US.TSM,SELL,140,50.947483941,1546.1,STRAT_EXIT,atr_breakout,2019-09-26,12.71,39.852941027,,,,,,,,,,,141,0.2771080664056766
2020-02-24,US.CTAS,SELL,53,67.756890327,-43.22,ATR_TRAIL,atr_breakout,2020-02-05,7.22,68.504623917,,,,,,,,,,,19,-0.011903892781036658
2020-02-24,US.NVDA,SELL,769,6.793331973,-320.83,STOP_LOSS,atr_breakout,2020-02-14,10.76,7.203745874,Correction,95.88668757071066,2.0,Sideways,96.95633401403379,4.0,,,,,10,-0.05791489157802771
2020-02-25,US.LMT,SELL,13,331.90339404,-150.4,ATR_TRAIL,atr_breakout,2020-01-03,8.78,343.140626431,,,,,,,,,,,53,-0.033715712678974066
2020-03-06,US.VRT,SELL,463,9.80907127385,-243.57,STOP_LOSS,atr_breakout,2019-12-03,9.32,10.325338183,,,,,,,,,,,94,-0.050949335038437876
2020-03-09,US.QQQ,SELL,74,185.709281728,1395.59,MA200_BREAK,core_etf,2019-06-04,26.08,166.664185814,,,,Bear,99.9999914112781,8.0,,,,,279,0.1131576303103994
2020-03-09,US.STM,SELL,198,22.251123161,-372.96,STOP_LOSS,atr_breakout,2019-12-06,9.18,24.112485855,,,,,,,,,,,94,-0.0781187130586028
2020-03-11,US.QQQ,SELL,63,187.298510934,-551.24,MA200_BREAK,core_etf,2020-03-10,24.14,195.861085264,,,,Bear,99.99999997849045,10.0,,,,,1,-0.04467370972670457
2020-03-12,US.AAPL,SELL,100,59.923591549,314.7,ATR_TRAIL,atr_breakout,2019-10-11,11.66,56.716630175,Correction,78.48533321114733,1.0,Bear,100.0,14.0,,,,,153,0.0554863712863385
2020-03-16,US.OKTA,SELL,22,92.65,-2.04,ATR_TRAIL,atr_breakout,2019-04-09,4.08,92.65,,,,,,,,,,,342,-0.001000834028356964
2020-04-13,US.EQIX,SELL,2,580.15921459215,-62.23,STOP_LOSS,atr_breakout,2020-04-09,2.38,610.693910097,,,,,,,,,,,4,-0.05095023789423056
2020-04-13,US.DLR,SELL,11,113.913590874,-68.75,STOP_LOSS,atr_breakout,2020-04-09,2.57,120.050077399,,,,,,,,,,,4,-0.0520616074176064
2020-04-15,US.SCCO,SELL,78,20.865845216,-128.47,STOP_LOSS,atr_breakout,2020-04-09,3.38,22.492036825,,,,,,,,,,,6,-0.07322819604405846
2020-04-15,US.EXC,SELL,75,21.093939686,-92.16,STOP_LOSS,atr_breakout,2020-04-09,3.25,22.301586246,,,,,,,,,,,6,-0.05509921968982798
2020-04-15,US.LIN,SELL,9,162.41317461135,-78.39,STOP_LOSS,atr_breakout,2020-04-09,3.0,170.961236433,,,,,,,,,,,6,-0.050947221614260275
2020-04-21,US.COPX,SELL,593,11.110106832149999,-353.34,STOP_LOSS,atr_breakout,2020-04-09,13.52,11.694849297,,,,,,,,,,,12,-0.050949917086700595
2020-04-21,US.ZS,SELL,57,65.18,-276.18,STOP_LOSS,atr_breakout,2020-04-15,7.7,69.96,,,,,,,,,,,6,-0.06925762089615119
2020-04-23,US.PDD,SELL,27,49.17,-81.79,STOP_LOSS,atr_breakout,2020-04-22,2.74,52.15,,,,,,,,,,,1,-0.058087425872660775
2020-04-28,US.META,SELL,7,181.317752719,3.1,ACTIVE_REPLACEMENT,atr_breakout,2020-04-22,2.53,180.693236923,,,,,,,US.ROK,58.2,OBSERVATION_EVICT,,6,0.002450878352718096
2020-04-29,US.SBUX,SELL,25,66.776363598,63.06,ACTIVE_REPLACEMENT,atr_breakout,2020-04-09,3.27,64.18732426,,,,,,,US.LSCC,47.85,OBSERVATION_EVICT,,20,0.03929747857665255
2020-04-30,US.BE,SELL,187,7.5525,-75.74,STOP_LOSS,atr_breakout,2020-04-22,2.9,7.95,,,,,,,,,,,8,-0.05094675949281942
2020-05-01,US.ROK,SELL,24,164.669870386,-282.47,STOP_LOSS,atr_breakout,2020-04-28,8.18,176.274696123,,,,,,,,,,,3,-0.06676842219668794
2020-05-01,US.LSCC,SELL,177,20.8,-270.95,STOP_LOSS,atr_breakout,2020-04-29,7.63,22.31,,,,,,,,,,,2,-0.06861456568587976
2020-05-04,US.COHR,SELL,42,30.97,-1.3,ATR_TRAIL,atr_breakout,2020-04-24,2.6,30.97,,,,,,,,,,,10,-0.0009994310930700986
2020-05-13,US.CCJ,SELL,526,10.073001034,-325.47,STOP_LOSS,atr_breakout,2020-05-04,10.92,10.681700902,,,,,,,,,,,9,-0.05792750276683727
2020-05-27,US.TEAM,SELL,20,163.13,-3.26,ATR_TRAIL,atr_breakout,2020-05-04,6.53,163.13,,,,,,,,,,,23,-0.0009992030895604731
2020-06-11,US.PCAR,SELL,118,39.337134486,-163.25,ATR_TRAIL,atr_breakout,2020-05-27,9.44,40.681252611,,,,,,,,,,,15,-0.03400766907302904
2020-06-26,US.SMCI,SELL,1471,2.812,-470.44,STOP_LOSS,atr_breakout,2020-06-15,8.74,3.129,,,,,,,,,,,11,-0.10220826247909134
2020-07-02,US.ASTS,SELL,444,10.15,-4.51,ATR_TRAIL,atr_breakout,2020-06-29,9.01,10.15,,,,,,,,,,,3,-0.001000754449030311
2020-07-24,US.ASTS,SELL,440,10.2,-13.29,ATR_TRAIL,atr_breakout,2020-07-02,8.98,10.22,,,,,,,,,,,22,-0.002955434975982921
2020-10-15,US.META,SELL,23,264.398179462,1407.73,STRAT_EXIT,atr_breakout,2020-04-30,10.75,202.927981844,,,,,,,,,,,168,0.30161267863475144
2020-10-16,US.MELI,SELL,1,1271.38,373.68,ACTIVE_REPLACEMENT,atr_breakout,2020-06-12,2.17,896.43,,,,,,,US.TEAM,57.41,OBSERVATION_EVICT,,126,0.41685351895853556
2020-10-21,US.GDX,SELL,252,37.053698092,2556.61,STRAT_EXIT,atr_breakout,2020-04-09,16.11,26.871356707,,,,,,,,,,,195,0.37754989033117664
2020-10-26,US.COPX,SELL,294,19.20756291,-124.21,STRAT_EXIT,atr_breakout,2020-10-21,11.41,19.610825299,,,,,,,,,,,5,-0.02154335611866484
2020-10-30,US.TEAM,SELL,23,191.62,-368.5,STOP_LOSS,atr_breakout,2020-10-16,9.18,207.45,,,,,,,,,,,14,-0.07723181070346968
2020-10-30,US.COHR,SELL,23,44.3365,-54.69,STOP_LOSS,atr_breakout,2020-10-15,2.09,46.67,,,,,,,,,,,15,-0.050949776879291225
2020-11-17,US.SLV,SELL,248,22.74,1961.0,STRAT_EXIT,atr_breakout,2020-05-14,9.31,14.81,,,,,,,,,,,187,0.5339134412232363
2020-12-04,US.AMZN,SELL,60,158.129,2971.64,STRAT_EXIT,atr_breakout,2020-04-13,15.99,108.4435,Bear,98.79092308437009,1.0,Sideways,88.7882808310105,1.0,,,,,235,0.45671094471621937
2020-12-10,US.MU,SELL,90,67.9511856423,-327.99,STOP_LOSS,atr_breakout,2020-12-04,12.55,71.527563834,,,,,,,,,,,6,-0.05095005530722453
2020-12-21,US.SBUX,SELL,68,88.36738253854999,-322.27,STOP_LOSS,atr_breakout,2020-12-10,12.33,93.018297409,,,,,,,,,,,11,-0.05094981135855325
2020-12-22,US.QUBT,SELL,270,13.6,-921.67,STOP_LOSS,atr_breakout,2020-12-21,8.26,17.0,,,,,,,,,,,1,-0.2007995642701525
2020-12-28,US.CRWD,SELL,108,53.1375,-339.19,STOP_LOSS,atr_breakout,2020-12-22,11.81,56.225,,,,,,,,,,,6,-0.05585857088747262
2021-01-04,US.ROST,SELL,52,109.71922429165,-305.99,STOP_LOSS,atr_breakout,2020-12-28,11.71,115.493920307,,,,,,,,,,,7,-0.050950067858822404
2021-01-07,US.GLD,SELL,32,179.48,-96.94,STRAT_EXIT,atr_breakout,2021-01-04,11.58,182.33,,,,,,,,,,,3,-0.016614791860911533
2021-01-11,US.AMAT,SELL,66,90.329832301,-5.96,ATR_TRAIL,atr_breakout,2021-01-07,11.92,90.329832301,,,,,,,,,,,4,-0.0009997032874158299
2021-01-12,US.BKR,SELL,105,20.132324444,772.16,ACTIVE_REPLACEMENT,atr_breakout,2020-10-30,3.45,12.758323548,,,,,,,US.ANET,56.99,OBSERVATION_EVICT,,74,0.5764005540569288
2021-01-15,US.CRWD,SELL,23,54.8775,-74.46,STOP_LOSS,atr_breakout,2021-01-11,2.6,58.06,,,,,,,,,,,4,-0.055759409306714185
2021-02-22,US.ANET,SELL,309,18.26,-471.46,STOP_LOSS,atr_breakout,2021-01-12,11.75,19.7675,,,,,,,,,,,41,-0.07718530506130532
2021-03-23,US.CAT,SELL,31,198.494897515,-6.15,ATR_TRAIL,atr_breakout,2021-02-22,12.31,198.494897515,,,,,,,,,,,29,-0.000999456909259855
2021-05-10,US.TTD,SELL,53,48.96,1246.24,ATR_TRAIL,atr_breakout,2020-04-23,3.94,25.397,,,,,,,,,,,382,0.9258558988916386
2021-06-01,US.PANW,SELL,116,60.057732389,1281.39,STRAT_EXIT,atr_breakout,2020-11-17,12.65,48.951176856,,,,,,,,,,,196,0.2256629202140909
2021-06-03,US.TSM,SELL,68,107.370527497,2792.98,STRAT_EXIT,atr_breakout,2020-07-24,11.8,66.189887164,,,,,,,,,,,314,0.6205364150621631
2021-06-03,US.AI,SELL,72,68.172,-263.24,STOP_LOSS,atr_breakout,2021-06-01,10.08,71.76,,,,,,,,,,,2,-0.050949151492629755
2021-06-09,US.AMD,SELL,305,79.96,20996.21,STRAT_EXIT,atr_breakout,2018-04-26,27.75,11.04,,,,,,,,,,,1140,6.235510216203374
2021-06-14,US.CIEN,SELL,116,58.2,-27.63,ATR_TRAIL,atr_breakout,2021-06-03,13.52,58.38,,,,,,,,,,,11,-0.004079987241733706
2021-06-22,US.TSEM,SELL,206,27.24,1304.55,STRAT_EXIT,atr_breakout,2020-10-26,9.91,20.88,,,,,,,,,,,239,0.3032934382323402
2021-06-24,US.EQIX,SELL,11,704.280450826,-7.75,ATR_TRAIL,atr_breakout,2021-06-03,15.49,704.280450826,,,,,,,,,,,21,-0.0010003762758417386
2021-07-07,US.TSEM,SELL,344,27.14,-666.38,STOP_LOSS,atr_breakout,2021-06-24,19.33,29.05,,,,,,,,,,,13,-0.06668334467437857
2021-07-20,US.XEL,SELL,113,58.115791016,296.98,STRAT_EXIT,atr_breakout,2021-03-23,12.83,55.429533195,,,,,,,,,,,119,0.04741410294174054
2021-07-23,US.QUBT,SELL,782,8.59,-405.54,STOP_LOSS,atr_breakout,2021-07-20,13.83,9.1,,,,,,,,,,,3,-0.05698828026193756
2021-08-02,US.META,SELL,27,348.24239893559997,-504.27,STOP_LOSS,atr_breakout,2021-07-23,19.3,366.570946248,,,,,,,,,,,10,-0.05094966433600319
2021-08-12,US.ON,SELL,229,43.4,-64.9,ATR_TRAIL,atr_breakout,2021-08-02,19.93,43.64,,,,,,,,,,,10,-0.0064941822533711715
2021-08-16,US.SCCO,SELL,143,49.514034265,1387.75,STRAT_EXIT,atr_breakout,2020-11-02,12.77,39.759978206,,,,,,,,,,,287,0.24407823878235893
2021-09-10,US.TSLA,SELL,90,245.4208791,18160.13,STRAT_EXIT,atr_breakout,2020-04-13,25.99,43.3962327,Bear,99.99584984497359,1.0,Correction,85.83251542868551,7.0,,,,,515,4.649694447375895
2021-09-17,US.CCJ,SELL,414,22.183482227,-814.72,STOP_LOSS,atr_breakout,2021-09-10,19.17,24.129228442,,,,,,,,,,,7,-0.08155763082289814
2021-09-20,US.FANG,SELL,50,64.21489525195,-172.2,STOP_LOSS,atr_breakout,2021-09-17,6.59,67.594626581,,,,,,,,,,,3,-0.05095079556172982
2021-09-28,US.ORLY,SELL,241,40.870666871,-125.53,STRAT_EXIT,atr_breakout,2021-09-22,19.82,41.350666873,,,,,,,,,,,6,-0.012596444233761796
2021-09-29,US.PLTR,SELL,401,24.52,-158.2,ATR_TRAIL,atr_breakout,2021-08-12,19.81,24.89,,,,,,,,,,,48,-0.015850289904006557
2021-09-29,US.ONDS,SELL,809,9.04,-476.53,STOP_LOSS,atr_breakout,2021-09-28,15.1,9.62,,,,,,,,,,,1,-0.061230337497333795
2021-10-04,US.ADBE,SELL,17,556.95,-9.47,ATR_TRAIL,atr_breakout,2021-06-14,18.94,556.95,,,,,,,,,,,112,-0.0010001953919192238
2021-10-04,US.IDXX,SELL,2,598.0724999999999,-64.15,STOP_LOSS,boll_mr,2021-09-29,2.46,629.55,,,,,,,,,,,5,-0.05094909062028434
2021-10-13,US.RTX,SELL,41,79.951082614,-3.28,ATR_TRAIL,atr_breakout,2021-10-05,6.56,79.951082614,,,,,,,,,,,8,-0.0010006118414460522
2021-10-21,US.NFLX,SELL,157,63.480999999,-9.97,ATR_TRAIL,atr_breakout,2021-10-05,19.93,63.480999999,,,,,,,,,,,16,-0.0010003494701465974
2021-10-27,US.DXCM,SELL,157,139.635,19243.15,STRAT_EXIT,atr_breakout,2018-03-21,24.58,16.927499999,,,,,,,,,,,1316,7.240752290778038
2021-10-27,US.DDOG,SELL,64,155.89,-9.98,ATR_TRAIL,atr_breakout,2021-10-13,19.95,155.89,,,,,,,,,,,14,-0.0010003047020334852
2021-10-28,US.ORLY,SELL,226,41.653333541,-588.73,STOP_LOSS,atr_breakout,2021-10-21,19.41,44.216666887,,,,,,,,,,,7,-0.05891443619342297
2021-11-24,US.STM,SELL,215,46.503076539,-10.0,ATR_TRAIL,atr_breakout,2021-10-28,20.0,46.503076539,,,,,,,,,,,27,-0.0010001838882201606
2021-12-01,US.TTWO,SELL,21,160.35,-38.44,ATR_TRAIL,atr_breakout,2021-10-05,6.77,162.02,,,,,,,,,,,57,-0.01129784094850136
2021-12-02,US.COST,SELL,19,496.5046397987,-505.94,STOP_LOSS,atr_breakout,2021-11-24,19.36,522.636462946,,,,,,,,,,,8,-0.05095017845202065
2021-12-03,US.MSFT,SELL,32,310.738936316,-9.94,ATR_TRAIL,atr_breakout,2021-10-27,19.89,310.738936316,Bear,99.9999999998181,1.0,Bear,99.51935714417445,1.0,,,,,37,-0.0009996333374975444
2021-12-16,US.MRVL,SELL,121,82.149664304,-9.94,ATR_TRAIL,atr_breakout,2021-12-03,19.88,82.149664304,,,,,,,,,,,13,-0.0009999889960180708
2021-12-17,US.PAYX,SELL,35,107.764640019,281.07,STRAT_EXIT,atr_breakout,2021-10-01,7.26,99.626339588,,,,,,,,,,,77,0.08060691039921246
2021-12-20,US.FANG,SELL,46,80.881200482,-3.72,ATR_TRAIL,atr_breakout,2021-10-01,7.44,80.881200482,,,,,,,,,,,80,-0.0009998561437696357
2022-01-19,US.TSEM,SELL,116,37.45,-18.26,ATR_TRAIL,atr_breakout,2021-12-02,8.7,37.57,,,,,,,,,,,48,-0.004189880040017256
2022-01-20,US.QQQ,SELL,64,351.389325632,10127.18,MA200_BREAK,core_etf,2020-04-08,34.83,192.800798083,,,,Correction,99.89127433560854,8.0,,,,,652,0.8207289029575464
2022-01-20,US.GILD,SELL,162,57.647714022,-629.09,STOP_LOSS,atr_breakout,2021-12-16,19.3,61.473325482,,,,,,,,,,,35,-0.0631700265845441
2022-01-21,US.AA,SELL,184,53.633976642,-111.7,ATR_TRAIL,atr_breakout,2021-12-21,19.84,54.187396077,,,,,,,,,,,31,-0.011203070480239868
2022-01-24,US.ADI,SELL,14,140.360652611,-105.39,STOP_LOSS,boll_mr,2022-01-21,4.03,147.74805538,,,,,,,,,,,3,-0.050950634331503736
2022-01-25,US.SLV,SELL,447,22.02,-166.29,STRAT_EXIT,atr_breakout,2022-01-19,19.84,22.37,,,,,,,,,,,6,-0.01663001443088028
2022-01-28,US.MDLZ,SELL,89,57.52575082115,-274.58,STOP_LOSS,atr_breakout,2022-01-21,10.51,60.553421917,,,,,,,,,,,7,-0.050949532522780526
2022-02-02,US.VRTX,SELL,21,245.66,-5.16,ATR_TRAIL,atr_breakout,2022-02-01,10.32,245.66,,,,,,,,,,,1,-0.0010002209790535119
2022-02-03,US.QQQ,SELL,35,343.452659729,-419.01,MA200_BREAK,core_etf,2022-02-01,24.45,355.080798145,,,,Correction,99.80302468732451,8.0,,,,,2,-0.03371546517935206
2022-02-04,US.VRTX,SELL,39,240.89149999999998,-503.86,STOP_LOSS,atr_breakout,2022-02-02,19.28,253.57,,,,,,,,,,,2,-0.05095037732968088
2022-02-10,US.LMT,SELL,29,342.068512937,-54.7,ATR_TRAIL,atr_breakout,2022-01-25,19.88,343.612760174,,,,,,,,,,,16,-0.00548933891627476
2022-02-11,US.DDOG,SELL,43,165.86999999999998,-382.52,STOP_LOSS,atr_breakout,2022-02-10,14.64,174.6,,,,,,,,,,,1,-0.050949679000506135
2022-02-14,US.PEP,SELL,29,143.991920257,-4.18,ATR_TRAIL,atr_breakout,2021-12-06,8.35,143.991920257,,,,,,,,,,,70,-0.0010010140206285333
2022-02-14,US.SYM,SELL,214,9.86,8.59,STRAT_EXIT,boll_mr,2022-01-25,4.21,9.81,,,,,,,,,,,20,0.004091762172873379
2022-02-14,US.EXC,SELL,268,35.4036236242,-508.87,STOP_LOSS,atr_breakout,2022-02-03,19.48,37.266972236,,,,,,,,,,,11,-0.05095044063929084
2022-02-15,US.BKR,SELL,378,25.12233778075,-509.3,STOP_LOSS,atr_breakout,2022-02-11,19.49,26.444566085,,,,,,,,,,,4,-0.050950145788882864
2022-02-16,US.TTWO,SELL,57,166.09,-517.34,STOP_LOSS,atr_breakout,2022-02-04,19.44,175.0,,,,,,,,,,,12,-0.051863659147869674
2022-02-16,US.BE,SELL,339,18.9335,-344.23,STOP_LOSS,atr_breakout,2022-02-15,13.17,19.93,,,,,,,,,,,1,-0.05094971041713846
2022-02-22,US.AA,SELL,134,70.55906964455,-507.08,STOP_LOSS,atr_breakout,2022-02-16,19.41,74.272704889,,,,,,,,,,,6,-0.050949795219294075
2022-02-22,US.COHR,SELL,135,70.091,-507.48,STOP_LOSS,atr_breakout,2022-02-16,19.42,73.78,,,,,,,,,,,6,-0.050950272582151145
2022-02-23,US.VRSK,SELL,56,172.168920708,-225.8,ATR_TRAIL,atr_breakout,2021-07-07,19.5,176.028817149,,,,,,,,,,,231,-0.02290615208605214
2022-02-23,US.TMUS,SELL,86,115.501183281,-9.93,ATR_TRAIL,atr_breakout,2022-02-03,19.87,115.501183281,,,,,,,,,,,20,-0.0009996877347841322
2022-02-24,US.SLV,SELL,216,22.31,-4.82,ATR_TRAIL,atr_breakout,2022-02-22,9.64,22.31,,,,,,,,,,,2,-0.0010002158142005744
2022-03-07,US.PANW,SELL,105,88.917443616,-643.53,STOP_LOSS,atr_breakout,2022-02-25,19.31,94.95738318,,,,,,,,,,,10,-0.06454323968931788
2022-03-07,US.RTX,SELL,111,89.435190098,-9.93,ATR_TRAIL,atr_breakout,2022-02-25,19.85,89.435190098,,,,,,,,,,,10,-0.001000271362552401
2022-03-07,US.PPA,SELL,138,74.521963014,325.01,STRAT_EXIT,atr_breakout,2022-02-25,20.23,72.092321549,,,,,,,,,,,10,0.03266845729105113
2022-03-09,US.BKR,SELL,316,29.9847257381,-508.17,STOP_LOSS,atr_breakout,2022-03-07,19.45,31.562869198,,,,,,,,,,,2,-0.05095014972511768
2022-03-10,US.ASTS,SELL,584,9.290999999999999,-291.0,STOP_LOSS,atr_breakout,2022-03-09,11.14,9.78,,,,,,,,,,,1,-0.050949659635263475
2022-03-14,US.GDX,SELL,274,34.59628820695,-508.39,STOP_LOSS,atr_breakout,2022-03-07,19.46,36.417145481,,,,,,,,,,,7,-0.05094957146414514
2022-03-15,US.BKR,SELL,292,31.644544248,-743.26,STOP_LOSS,atr_breakout,2022-03-11,19.21,34.158320777,,,,,,,,,,,4,-0.07451803545969461
2022-03-17,US.VRSK,SELL,10,189.755478494,-1.9,ATR_TRAIL,atr_breakout,2022-03-16,3.8,189.755478494,,,,,,,,,,,1,-0.001001288613682939
2022-03-18,US.VRSK,SELL,46,196.532806642,-9.04,ATR_TRAIL,atr_breakout,2022-03-17,18.08,196.532806642,,,,,,,,,,,1,-0.0009999436861877957
2022-03-21,US.ORLY,SELL,48,45.698000228,-35.38,STRAT_EXIT,atr_breakout,2022-03-15,4.42,46.389333565,,,,,,,,,,,6,-0.015889069246932463
2022-03-21,US.CTAS,SELL,78,93.529801879,-7.3,ATR_TRAIL,atr_breakout,2022-03-16,14.59,93.529801879,,,,,,,,,,,5,-0.0010006408835423507
2022-03-28,US.CCJ,SELL,149,27.535696388649995,-220.04,STOP_LOSS,atr_breakout,2022-03-21,8.42,28.984943567,,,,,,,,,,,7,-0.050949849878999864
2022-04-04,US.TSLA,SELL,14,363.9430272,-5.1,ATR_TRAIL,atr_breakout,2022-03-28,10.19,363.9430272,Bull,79.43111518787987,1.0,Sideways,94.6012835371548,1.0,,,,,7,-0.001000941595414949
2022-04-11,US.INTU,SELL,13,460.139852398,-405.52,STOP_LOSS,atr_breakout,2022-04-04,12.36,490.873570061,,,,,,,,,,,7,-0.06354761807601446
2022-04-19,US.GLD,SELL,26,181.82,179.35,STRAT_EXIT,atr_breakout,2022-02-14,9.27,174.74,,,,,,,,,,,64,0.03947623282063021
2022-04-26,US.VRSK,SELL,45,202.193526284,-9.1,ATR_TRAIL,atr_breakout,2022-03-18,18.2,202.193526284,,,,,,,,,,,39,-0.0010001419231305255
2022-04-29,US.REGN,SELL,6,651.032841567,-3.91,ATR_TRAIL,atr_breakout,2022-03-14,7.81,651.032841567,,,,,,,,,,,46,-0.0010009735685501536
2022-04-29,US.ROST,SELL,71,95.171181356,-6.76,ATR_TRAIL,atr_breakout,2022-04-11,13.51,95.171181356,,,,,,,,,,,18,-0.0010004212015555828
2022-05-02,US.AEP,SELL,119,83.358172925,-9.92,ATR_TRAIL,atr_breakout,2022-03-07,19.84,83.358172925,,,,,,,,,,,56,-0.0010000380480126162
2022-05-10,US.RSP,SELL,6,132.0650444109,-42.5,STOP_LOSS,boll_mr,2022-04-27,1.63,139.015836222,,,,,,,,,,,13,-0.05095342750750837
2022-05-27,US.AMGN,SELL,11,225.298114948,19.37,ACTIVE_REPLACEMENT,atr_breakout,2022-05-25,4.93,223.312215243,,,,,,,US.CEG,58.67,OBSERVATION_EVICT,,2,0.007885413204973744
2022-05-27,US.GILD,SELL,46,55.791002124,-10.88,ACTIVE_REPLACEMENT,atr_breakout,2022-05-25,5.14,55.971806297,,,,,,,US.KLAC,56.77,OBSERVATION_EVICT,,2,-0.004225729966179634
2022-05-31,US.LMT,SELL,27,395.745483402,862.06,STRAT_EXIT,atr_breakout,2022-02-25,20.5,363.421724729,,,,,,,,,,,95,0.0878542640012967
2022-05-31,US.CEG,SELL,85,60.196642971,-377.66,STOP_LOSS,atr_breakout,2022-05-27,10.61,64.579517105,,,,,,,,,,,4,-0.06879981490579176
2022-06-01,US.REGN,SELL,3,650.9594477577999,-104.74,STOP_LOSS,atr_breakout,2022-05-25,4.01,685.220471324,,,,,,,,,,,7,-0.0509519706349008
2022-06-01,US.NXPI,SELL,35,168.90611363074999,-317.05,STOP_LOSS,atr_breakout,2022-05-26,12.13,177.795909085,,,,,,,,,,,6,-0.05094926804103654
2022-06-01,US.KLAC,SELL,154,33.924441594,-280.19,STOP_LOSS,atr_breakout,2022-05-27,10.72,35.70993852,,,,,,,,,,,5,-0.05094983805129173
2022-06-02,US.AMGN,SELL,10,215.27417586085,-115.45,STOP_LOSS,atr_breakout,2022-05-31,4.42,226.604395643,,,,,,,,,,,2,-0.050947820174628795
2022-06-03,US.CMCSA,SELL,61,34.686207994,-61.26,STRAT_EXIT,atr_breakout,2022-05-26,4.29,35.655773557,,,,,,,,,,,8,-0.028165488920792427
2022-06-07,US.TSEM,SELL,208,47.88,158.52,STRAT_EXIT,atr_breakout,2022-02-15,19.75,47.07,,,,,,,,,,,112,0.016191106535274797
2022-06-07,US.AMD,SELL,40,103.1605,-221.31,STOP_LOSS,atr_breakout,2022-06-02,8.47,108.59,,,,,,,,,,,5,-0.05095082420112349
2022-06-08,US.LIN,SELL,25,307.986276629,-115.02,STRAT_EXIT,atr_breakout,2022-06-02,15.51,312.278964234,,,,,,,,,,,6,-0.014732980850264643
2022-06-09,US.PCAR,SELL,49,50.403399689,-16.78,STRAT_EXIT,atr_breakout,2022-06-01,4.95,50.695410751,,,,,,,,,,,8,-0.006755029193349257
2022-06-09,US.RTX,SELL,108,89.290977802,-319.6,STRAT_EXIT,atr_breakout,2022-06-07,19.6,92.160979451,,,,,,,,,,,2,-0.03210967675134826
2022-06-09,US.URA,SELL,276,19.4419314785,-287.79,STOP_LOSS,atr_breakout,2022-06-07,11.01,20.46519103,,,,,,,,,,,2,-0.050950777335810084
2022-06-09,US.SYM,SELL,244,11.62,-2064.64,STOP_LOSS,atr_breakout,2022-06-08,7.73,20.07,,,,,,,,,,,1,-0.42160634500559513
2022-06-10,US.BKR,SELL,66,31.98485695505,-113.22,STOP_LOSS,atr_breakout,2022-05-26,4.33,33.668270479,,,,,,,,,,,15,-0.050951668174476925
2022-06-10,US.CRDO,SELL,308,12.293,-203.06,STOP_LOSS,atr_breakout,2022-06-02,7.77,12.94,,,,,,,,,,,8,-0.05094943696180172
2022-06-13,US.FANG,SELL,44,123.07814955,-5.42,ATR_TRAIL,atr_breakout,2022-05-26,10.83,123.07814955,,,,,,,,,,,18,-0.0010008422992399317
2022-06-13,US.EA,SELL,15,126.08532968,-144.84,STOP_LOSS,atr_breakout,2022-05-26,3.93,135.615426755,,,,,,,,,,,18,-0.071201339191627
2022-06-15,US.QUBT,SELL,873,2.505,-2.19,ATR_TRAIL,atr_breakout,2022-06-03,4.37,2.505,,,,,,,,,,,12,-0.0010014335589988408
2022-06-24,US.VRTX,SELL,27,283.5,-7.65,ATR_TRAIL,atr_breakout,2022-06-23,15.31,283.5,,,,,,,,,,,1,-0.0009994121105232217
2022-06-27,US.PLTR,SELL,392,9.62,-227.21,STOP_LOSS,atr_breakout,2022-06-24,7.77,10.19,,,,,,,,,,,3,-0.05688099577416835
2022-06-28,US.VRTX,SELL,26,276.17,-433.06,STOP_LOSS,atr_breakout,2022-06-24,14.79,292.55,,,,,,,,,,,4,-0.056934383340125946
2022-06-28,US.CRWD,SELL,52,43.5475,-142.66,STOP_LOSS,atr_breakout,2022-06-24,4.67,46.2475,,,,,,,,,,,4,-0.059321293874512966
2022-06-28,US.TEAM,SELL,11,192.6,-142.04,STOP_LOSS,atr_breakout,2022-06-24,4.38,205.32,,,,,,,,,,,4,-0.06289074261020491
2022-07-05,US.SNOW,SELL,19,143.11,-2.72,ATR_TRAIL,atr_breakout,2022-06-23,5.44,143.11,,,,,,,,,,,12,-0.0010003346707905955
2022-07-11,US.MDLZ,SELL,46,55.792034809,-46.25,STRAT_EXIT,atr_breakout,2022-07-01,5.18,56.741610225,,,,,,,,,,,10,-0.01771953207922371
2022-07-11,US.DXCM,SELL,65,77.824,-271.3,STOP_LOSS,atr_breakout,2022-07-07,10.38,81.92,,,,,,,,,,,4,-0.05095027043269231
2022-07-12,US.PEP,SELL,17,148.6481778,-0.89,STRAT_EXIT,atr_breakout,2022-07-01,5.05,148.551709956,,,,,,,,,,,11,-0.0003524223396147858
2022-07-12,US.TEAM,SELL,9,192.67,-191.63,STOP_LOSS,atr_breakout,2022-07-07,3.66,213.77,,,,,,,,,,,5,-0.09960341592469579
2022-07-13,US.VRSK,SELL,50,169.963008051,-174.37,STRAT_EXIT,atr_breakout,2022-07-06,17.16,173.280355984,,,,,,,,,,,7,-0.020125766594812466
2022-07-13,US.COST,SELL,4,469.432622432,-3.52,STRAT_EXIT,atr_breakout,2022-07-06,3.76,469.842715536,,,,,,,,,,,7,-0.0018729672098802034
2022-07-18,US.CTAS,SELL,21,91.314438099,-43.41,STRAT_EXIT,atr_breakout,2022-07-14,3.88,93.290471648,,,,,,,,,,,4,-0.022158134915884236
2022-07-22,US.MNST,SELL,201,47.29,-9.51,ATR_TRAIL,atr_breakout,2022-06-24,19.01,47.29,,,,,,,,,,,28,-0.0010004955135508753
2022-07-22,US.QBTS,SELL,1002,9.98,-10.0,ATR_TRAIL,atr_breakout,2022-07-14,20.0,9.98,,,,,,,,,,,8,-0.0010000040000159999
2022-07-26,US.COST,SELL,14,488.230145873,-6.97,ATR_TRAIL,atr_breakout,2022-07-14,13.67,488.239682922,,,,,,,,,,,12,-0.0010196982348456083
2022-07-27,US.JEPI,SELL,50,40.187838568,17.28,ACTIVE_REPLACEMENT,atr_breakout,2022-07-22,4.0,39.802119225,,,,,,,US.SNPS,52.64,OBSERVATION_EVICT,,5,0.008682954745357534
2022-07-28,US.PDD,SELL,46,50.35,-2.32,ATR_TRAIL,atr_breakout,2022-05-31,4.63,50.35,,,,,,,,,,,58,-0.0010016838651180865
2022-07-28,US.QBTS,SELL,751,8.72,-967.83,STOP_LOSS,atr_breakout,2022-07-22,14.06,10.0,,,,,,,,,,,6,-0.12887217043941412
2022-07-28,US.CMCSA,SELL,58,32.056976114,-152.36,STOP_LOSS,atr_breakout,2022-07-22,3.87,34.651793515,,,,,,,,,,,6,-0.07580838638516682
2022-07-29,US.QCOM,SELL,48,129.672566538,-6.22,ATR_TRAIL,atr_breakout,2022-07-14,12.45,129.672566538,,,,,,,,,,,15,-0.0009993118574957755
2022-08-17,US.GLD,SELL,5,164.35,9.78,STRAT_EXIT,boll_mr,2022-07-07,1.63,162.23,,,,,,,,,,,41,0.012056956173334155
2022-08-26,US.SNPS,SELL,24,353.54,-8.48,ATR_TRAIL,atr_breakout,2022-07-27,16.97,353.54,,,,,,,,,,,30,-0.0009994154362542662
2022-08-29,US.ADI,SELL,54,145.809937426,-110.53,ATR_TRAIL,atr_breakout,2022-07-15,15.85,147.710993782,,,,,,,,,,,45,-0.013857139536091053
2022-08-29,US.AAPL,SELL,55,158.423937503,-57.55,ATR_TRAIL,atr_breakout,2022-07-29,17.48,159.311945396,Bear,51.10328669400283,1.0,Bull,94.6917388874241,1.0,,,,,31,-0.006568017443781138
2022-08-30,US.SCCO,SELL,159,38.938636148,-504.98,STOP_LOSS,atr_breakout,2022-08-26,12.88,42.075678143,,,,,,,,,,,4,-0.07548243980699032
2022-09-01,US.GE,SELL,171,43.614825927,-7.46,ATR_TRAIL,atr_breakout,2022-07-26,14.92,43.614825927,,,,,,,,,,,37,-0.001000250031197426
2022-09-01,US.ANET,SELL,252,28.8325,-7.27,ATR_TRAIL,atr_breakout,2022-07-28,14.53,28.8325,,,,,,,,,,,35,-0.0010005794277015989
2022-09-01,US.URA,SELL,309,19.40427960695,-321.57,STOP_LOSS,atr_breakout,2022-08-29,12.31,20.425557481,,,,,,,,,,,3,-0.05094987554775595
2022-09-07,US.PDD,SELL,32,66.04,-2.11,ATR_TRAIL,atr_breakout,2022-08-29,4.23,66.04,,,,,,,,,,,9,-0.0009984479103573591
2022-09-13,US.FTNT,SELL,138,51.87,-555.02,STOP_LOSS,atr_breakout,2022-09-12,14.86,55.84,,,,,,,,,,,1,-0.07202514430463851
2022-09-16,US.CCJ,SELL,175,27.41339913805,-257.29,STOP_LOSS,atr_breakout,2022-08-29,9.85,28.856209619,,,,,,,,,,,18,-0.050950162576463905
2022-09-19,US.CEG,SELL,97,83.336399394,-8.08,ATR_TRAIL,atr_breakout,2022-09-08,16.17,83.336399394,,,,,,,,,,,11,-0.0009995508526633352
2022-09-20,US.SBUX,SELL,105,82.916230713,-191.86,STRAT_EXIT,atr_breakout,2022-09-14,17.6,84.660585825,,,,,,,,,,,6,-0.02158310242519628
2022-09-21,US.GILD,SELL,168,55.982663561,-564.43,STOP_LOSS,atr_breakout,2022-09-12,19.37,59.286406539,,,,,,,,,,,9,-0.056669017015600176
2022-09-23,US.VRT,SELL,197,9.906707181,-131.41,STOP_LOSS,atr_breakout,2022-07-22,4.03,10.563835497,,,,,,,,,,,63,-0.06314523146000214
2022-10-03,US.REGN,SELL,10,703.043265253,-7.03,ATR_TRAIL,atr_breakout,2022-09-08,14.06,703.043265253,,,,,,,,,,,25,-0.0009999384600420226
2022-10-07,US.ORLY,SELL,184,47.384666903,641.66,STRAT_EXIT,atr_breakout,2022-07-06,16.79,43.850000219,,,,,,,,,,,93,0.07952753913977471
2022-10-07,US.SLV,SELL,456,18.5,-282.04,STRAT_EXIT,atr_breakout,2022-10-03,17.15,19.1,,,,,,,,,,,4,-0.03238265821622118
2022-10-07,US.VRTX,SELL,8,295.23,-19.96,STRAT_EXIT,atr_breakout,2022-10-03,4.74,297.43,,,,,,,,,,,4,-0.008388528393235383
2022-10-07,US.PCAR,SELL,46,50.384778642,-87.7,STRAT_EXIT,atr_breakout,2022-10-05,4.72,52.240878494,,,,,,,,,,,2,-0.03649482539520088
2022-10-11,US.FN,SELL,74,100.56,-509.9,STOP_LOSS,atr_breakout,2022-10-06,15.39,107.35,,,,,,,,,,,5,-0.06418761565477914
2022-10-13,US.DXCM,SELL,23,95.21,-2.19,ATR_TRAIL,atr_breakout,2022-10-06,4.38,95.21,,,,,,,,,,,7,-0.0010000776315969733
2022-10-13,US.AMGN,SELL,45,218.303723834,-9.82,ATR_TRAIL,atr_breakout,2022-10-11,19.65,218.303723834,,,,,,,,,,,2,-0.000999626659544114
2022-10-21,US.NFLX,SELL,168,27.238,-4.58,ATR_TRAIL,atr_breakout,2022-10-19,9.15,27.238,,,,,,,,,,,2,-0.0010008776254462428
2022-10-24,US.LMT,SELL,2,416.37296014,107.79,TAKE_PROFIT,boll_mr,2022-09-28,1.56,362.0634436,,,,,,,,,,,26,0.14885512733382178
2022-10-24,US.EMR,SELL,36,77.995499937,73.84,ACTIVE_REPLACEMENT,atr_breakout,2022-10-18,5.54,75.866405947,,,,,,,US.ORLY,53.89,OBSERVATION_EVICT,,6,0.027035828117968445
2022-10-31,US.TTWO,SELL,18,117.6955,-113.62,STOP_LOSS,atr_breakout,2022-10-20,4.35,123.89,,,,,,,,,,,11,-0.0509502156931328
2022-11-02,US.NFLX,SELL,162,27.3,-272.86,STOP_LOSS,atr_breakout,2022-10-21,9.11,28.957,,,,,,,,,,,12,-0.05816628061105504
2022-11-04,US.AMGN,SELL,37,232.428003228,-8.6,ATR_TRAIL,atr_breakout,2022-10-24,17.2,232.428003228,,,,,,,,,,,11,-0.0010000190562426683
2022-12-06,US.FANG,SELL,17,120.523602979,-34.58,ATR_TRAIL,atr_breakout,2022-10-06,4.13,122.437019537,,,,,,,,,,,61,-0.01661358349583249
2022-12-29,US.PPA,SELL,99,76.735865516,594.48,STRAT_EXIT,atr_breakout,2022-10-21,14.59,70.654299683,,,,,,,,,,,69,0.0849891444935417
2023-01-03,US.CAT,SELL,44,226.0051016,2015.7,STRAT_EXIT,atr_breakout,2022-10-21,17.86,179.967726165,,,,,,,,,,,74,0.2545532169160284
2023-01-05,US.ORLY,SELL,158,55.619333611,684.62,STRAT_EXIT,atr_breakout,2022-10-24,16.88,51.230666922,,,,,,,,,,,73,0.08457898823141821
2023-01-06,US.ALGN,SELL,27,213.39849999999998,-309.01,STOP_LOSS,atr_breakout,2023-01-04,11.83,224.63,,,,,,,,,,,2,-0.05094962745321112
2023-01-18,US.PDD,SELL,51,89.55,-304.45,STOP_LOSS,atr_breakout,2023-01-05,9.43,95.43,,,,,,,,,,,13,-0.06255483436170234
2023-01-20,US.GLW,SELL,274,32.446367599,-8.89,ATR_TRAIL,atr_breakout,2023-01-06,17.78,32.446367599,,,,,,,,,,,14,-0.0009999657242203137
2023-01-25,US.GOOGL,SELL,89,94.383081711,-255.41,STRAT_EXIT,atr_breakout,2023-01-20,17.05,97.158471637,Bear,99.99986831507644,1.0,Correction,54.33419581207013,1.0,,,,,5,-0.02953705665133173
2023-01-25,US.GOOG,SELL,84,95.884610463,-220.38,STRAT_EXIT,atr_breakout,2023-01-20,16.32,98.412324271,,,,,,,,,,,5,-0.026658972318821035
2023-02-03,US.GDX,SELL,271,29.271739545,-164.91,ATR_TRAIL,atr_breakout,2023-01-04,16.02,29.850995604,,,,,,,,,,,30,-0.02038538323185143
2023-02-03,US.STX,SELL,35,64.667289552,386.62,ACTIVE_REPLACEMENT,atr_breakout,2023-01-18,4.14,53.556447589,,,,,,,US.REGN,54.03,OBSERVATION_EVICT,,16,0.20625501151712908
2023-02-06,US.CCJ,SELL,232,27.108908692,-22.43,ATR_TRAIL,atr_breakout,2023-01-25,12.59,27.178495183,,,,,,,,,,,12,-0.003557262233680696
2023-02-07,US.AI,SELL,131,24.53,-180.06,STOP_LOSS,atr_breakout,2023-02-03,6.6,25.88,,,,,,,,,,,4,-0.05311065752681195
2023-02-08,US.REGN,SELL,10,743.518959201,-339.39,STRAT_EXIT,atr_breakout,2023-02-03,15.2,776.714780726,,,,,,,,,,,5,-0.043695576345640044
2023-02-09,US.MSFT,SELL,24,256.322820983,-98.09,STRAT_EXIT,atr_breakout,2023-02-07,12.4,260.153759132,Correction,86.63655085382484,3.0,Correction,99.99696507037508,5.0,,,,,2,-0.015710260528119368
2023-02-10,US.APP,SELL,240,15.29,-200.47,STOP_LOSS,atr_breakout,2023-02-09,7.54,16.11,,,,,,,,,,,1,-0.05184926546658391
2023-02-10,US.TSLA,SELL,8,196.89,-85.02,STOP_LOSS,atr_breakout,2023-02-09,3.23,207.32,Bull,60.350806174860026,1.0,Bull,87.5476959238432,2.0,,,,,1,-0.05126133513409222
2023-02-15,US.BKR,SELL,241,29.920217299,1523.87,STRAT_EXIT,atr_breakout,2022-10-19,12.89,23.56718904,,,,,,,,,,,119,0.2683014941859617
2023-02-15,US.GLD,SELL,12,170.89,-4.09,ATR_TRAIL,atr_breakout,2023-01-03,4.1,171.06,,,,,,,,,,,43,-0.0019924782727308156
2023-02-21,US.FTNT,SELL,111,59.64,-6.62,ATR_TRAIL,atr_breakout,2023-02-08,13.24,59.64,,,,,,,,,,,13,-0.0009999939577404367
2023-02-21,US.ADI,SELL,47,175.507368341,-461.12,STOP_LOSS,atr_breakout,2023-02-15,16.95,185.142955967,,,,,,,,,,,6,-0.05299182881975788
2023-02-22,US.DXCM,SELL,59,111.65,-374.75,STOP_LOSS,atr_breakout,2023-02-10,13.54,117.89,,,,,,,,,,,12,-0.05387814840320839
2023-02-24,US.KDP,SELL,60,32.410176432,-19.33,STRAT_EXIT,atr_breakout,2023-02-23,3.91,32.699957277,,,,,,,,,,,1,-0.009852204513223243
2023-03-02,US.NVDA,SELL,220,22.4309580429,-264.66,STOP_LOSS,atr_breakout,2023-02-23,10.13,23.611534782,Bear,99.39615970275158,1.0,Sideways,90.54304566740453,2.0,,,,,7,-0.05094967400920902
2023-03-02,US.SMCI,SELL,480,9.607349999999999,-247.32,STOP_LOSS,atr_breakout,2023-02-27,9.47,10.113,,,,,,,,,,,3,-0.05094927321269653
2023-03-09,US.LIN,SELL,6,329.213755202,-11.91,ATR_TRAIL,atr_breakout,2023-02-24,3.96,330.869721709,,,,,,,,,,,13,-0.00599934013226453
2023-03-10,US.QQQ,SELL,2,282.375009801,-30.0,MA200_BREAK,core_etf,2023-02-06,1.16,297.093152748,,,,Correction,95.16941964763198,2.0,,,,,32,-0.050489214784170004
2023-03-13,US.BKNG,SELL,20,95.526424008,-110.75,STOP_LOSS,atr_breakout,2023-03-02,3.93,100.968424817,,,,,,,,,,,11,-0.05484387827220668
2023-04-05,US.SCCO,SELL,132,62.207026664,2397.21,STRAT_EXIT,atr_breakout,2022-11-04,14.02,43.984113612,,,,,,,,,,,152,0.4128918449598383
2023-04-05,US.COPX,SELL,225,35.693874522,1391.84,STRAT_EXIT,atr_breakout,2022-11-04,14.66,29.472209525,,,,,,,,,,,152,0.20989113660814188
2023-04-06,US.RTX,SELL,8,91.608868963,15.76,STRAT_EXIT,boll_mr,2023-03-10,1.45,89.547412896,,,,,,,,,,,27,0.021999518872621703
2023-04-25,US.PANW,SELL,82,91.285,-219.87,ATR_TRAIL,atr_breakout,2023-02-22,15.18,93.875,,,,,,,,,,,62,-0.028562891754083986
2023-04-26,US.AMGN,SELL,40,215.746786016,-535.17,STOP_LOSS,atr_breakout,2023-04-05,17.79,228.910231042,,,,,,,,,,,21,-0.05844758418659409
2023-04-27,US.MSFT,SELL,23,287.913293671,-6.62,ATR_TRAIL,atr_breakout,2023-04-26,13.24,287.913293671,Bear,99.99999999249667,2.0,Correction,99.97806792162052,1.0,,,,,1,-0.000999697107718208
2023-05-08,US.AVGO,SELL,147,60.355777549,2.72,STRAT_EXIT,atr_breakout,2023-03-03,17.73,60.276933371,,,,,,,,,,,66,0.0003069731707593214
2023-05-10,US.ABNB,SELL,61,113.19,-766.96,STOP_LOSS,atr_breakout,2023-05-08,14.57,125.65,,,,,,,,,,,2,-0.10006458220531922
2023-05-22,US.PEP,SELL,53,166.927933531,-154.37,ATR_TRAIL,atr_breakout,2023-04-25,17.84,169.673694118,,,,,,,,,,,27,-0.01716613482469686
2023-05-23,US.RKLB,SELL,1160,4.52,-504.04,STOP_LOSS,atr_breakout,2023-05-22,10.99,4.95,,,,,,,,,,,1,-0.08778126088470917
2023-05-24,US.PLTR,SELL,155,12.008,-99.82,STOP_LOSS,atr_breakout,2023-05-23,3.82,12.64,,,,,,,,,,,1,-0.05094936708860759
2023-05-25,US.SNOW,SELL,37,147.91,-898.28,STOP_LOSS,atr_breakout,2023-05-10,11.84,172.04,,,,,,,,,,,15,-0.1411174019869672
2023-05-25,US.FN,SELL,19,98.34,-1.87,ATR_TRAIL,atr_breakout,2023-05-23,3.74,98.34,,,,,,,,,,,2,-0.0010008242081714354
2023-05-26,US.GE,SELL,65,80.553319911,2424.4,STRAT_EXIT,atr_breakout,2022-10-18,8.04,43.174305087,,,,,,,,,,,220,0.8639041546424865
2023-05-31,US.NVDA,SELL,172,37.756530723,-31.55,ATR_TRAIL,atr_breakout,2023-05-25,13.01,37.902231772,Bear,99.99999999745341,1.0,Bear,99.99999912270141,4.0,,,,,6,-0.004839562843200365
2023-06-01,US.TEAM,SELL,30,171.7505,-276.34,STOP_LOSS,atr_breakout,2023-05-31,10.58,180.79,,,,,,,,,,,1,-0.05095045817430905
2023-06-22,US.GLD,SELL,47,177.71,-15.4,ATR_TRAIL,atr_breakout,2023-03-13,16.71,177.86,,,,,,,,,,,101,-0.001842233073586445
2023-06-26,US.ASTS,SELL,681,6.4885,-236.98,STOP_LOSS,atr_breakout,2023-06-22,9.07,6.83,,,,,,,,,,,4,-0.05094996377302347
2023-07-20,US.AMZN,SELL,49,129.96,-15.68,ATR_TRAIL,atr_breakout,2023-06-22,12.75,130.15,Bear,83.02509662436975,1.0,Correction,53.35389204069474,10.0,,,,,28,-0.0024587014982712253
2023-07-26,US.UFO,SELL,456,18.753732858499998,-458.64,STOP_LOSS,atr_breakout,2023-07-20,17.55,19.74077143,,,,,,,,,,,6,-0.0509498566077167
2023-08-08,US.DDOG,SELL,60,86.0,-5.16,ATR_TRAIL,atr_breakout,2023-05-10,10.32,86.0,,,,,,,,,,,90,-0.001
2023-08-16,US.TTD,SELL,101,72.74,-59.87,ATR_TRAIL,atr_breakout,2023-06-01,14.75,73.26,,,,,,,,,,,76,-0.008091349675508092
2023-08-18,US.PANW,SELL,61,102.155,-6.23,ATR_TRAIL,atr_breakout,2023-05-24,12.46,102.155,,,,,,,,,,,86,-0.0009997665071801048
2023-08-23,US.ROST,SELL,54,115.182745672,-6.22,ATR_TRAIL,atr_breakout,2023-08-18,12.44,115.182745672,,,,,,,,,,,5,-0.0010000211795019379
2023-08-25,US.FN,SELL,40,154.8405,-332.17,STOP_LOSS,atr_breakout,2023-08-23,12.71,162.99,,,,,,,,,,,2,-0.05094944475121173
2023-08-29,US.INTU,SELL,12,509.173012083,-6.11,ATR_TRAIL,atr_breakout,2023-08-25,12.22,509.173012083,,,,,,,,,,,4,-0.000999987537799171
2023-08-30,US.CPRT,SELL,207,45.07,2496.41,STRAT_EXIT,atr_breakout,2023-01-25,16.15,32.965,,,,,,,,,,,217,0.3658410948224254
2023-09-11,US.ISRG,SELL,28,302.35,2545.41,STRAT_EXIT,atr_breakout,2022-10-19,14.38,211.14,,,,,,,,,,,327,0.4305555555555555
2023-09-15,US.META,SELL,34,297.695775623,2071.1,STRAT_EXIT,atr_breakout,2023-04-27,18.16,236.483314683,,,,,,,,,,,141,0.25758563966344766
2023-09-18,US.INTU,SELL,15,524.82930969,-29.65,ATR_TRAIL,atr_breakout,2023-08-29,15.77,526.281146811,,,,,,,,,,,20,-0.003755913884896459
2023-09-19,US.APP,SELL,52,39.73,-224.63,STOP_LOSS,atr_breakout,2023-09-18,4.35,44.01,,,,,,,,,,,1,-0.0981551395661825
2023-09-21,US.ADP,SELL,37,223.591574045,-475.01,STOP_LOSS,atr_breakout,2023-07-26,17.01,236.206112071,,,,,,,,,,,57,-0.05435129512757555
2023-09-21,US.CSCO,SELL,123,49.46455979,-164.63,ATR_TRAIL,atr_breakout,2023-08-17,12.33,50.753568753,,,,,,,,,,,35,-0.02637164868280776
2023-09-21,US.TSLA,SELL,21,255.7,-380.85,STOP_LOSS,atr_breakout,2023-09-11,11.11,273.58,Sideways,83.30666512655687,14.0,Correction,91.08764022674491,3.0,,,,,10,-0.0662903512161499
2023-09-21,US.CCJ,SELL,54,38.0588400911,-110.22,STOP_LOSS,atr_breakout,2023-09-15,4.22,40.061936938,,,,,,,,,,,6,-0.05094888732589096
2023-09-22,US.VRTX,SELL,21,349.53,-190.67,STRAT_EXIT,atr_breakout,2023-09-19,14.86,358.26,,,,,,,,,,,3,-0.025343392534817755
2023-09-27,US.PAYX,SELL,8,100.8104107575,-43.25,STOP_LOSS,boll_mr,2023-09-18,1.66,106.11622185,,,,,,,,,,,9,-0.05094649909079853
2023-09-27,US.XEL,SELL,173,51.90180197675,-481.56,STOP_LOSS,atr_breakout,2023-09-20,18.43,54.633475765,,,,,,,,,,,7,-0.05095015054510146
2023-09-27,US.URA,SELL,399,23.29542974715,-498.5,STOP_LOSS,atr_breakout,2023-09-25,19.08,24.521504997,,,,,,,,,,,2,-0.05095011230904507
2023-10-03,US.MNST,SELL,19,50.501999999999995,-51.46,STOP_LOSS,boll_mr,2023-09-28,1.97,53.16,,,,,,,,,,,5,-0.0509484772880282
2023-10-03,US.GDX,SELL,38,24.809054319,-50.56,STOP_LOSS,boll_mr,2023-09-28,1.94,26.11479402,,,,,,,,,,,5,-0.050949140734960076
2023-10-06,US.KDP,SELL,35,27.583462971,-51.78,STOP_LOSS,boll_mr,2023-09-28,1.98,29.03522418,,,,,,,,,,,8,-0.05095288957498834
2023-10-10,US.FAST,SELL,79,26.128655735,-12.04,ACTIVE_REPLACEMENT,atr_breakout,2023-10-06,4.14,26.254971528,,,,,,,US.SMCI,54.32,OBSERVATION_EVICT,,4,-0.005804807791492161
2023-10-10,US.PCAR,SELL,27,77.945069991,-19.32,ACTIVE_REPLACEMENT,atr_breakout,2023-10-06,4.23,78.582859547,,,,,,,US.EA,52.88,OBSERVATION_EVICT,,4,-0.009105745956312339
2023-10-12,US.PDD,SELL,68,105.64,-7.18,ATR_TRAIL,atr_breakout,2023-10-06,14.37,105.64,,,,,,,,,,,6,-0.0009995099895315945
2023-10-12,US.SMCI,SELL,157,29.320999999,-273.07,STOP_LOSS,atr_breakout,2023-10-10,9.48,31.031,,,,,,,,,,,2,-0.056050380685679635
2023-10-13,US.META,SELL,6,311.950596486,-6.27,ATR_TRAIL,atr_breakout,2023-10-06,3.75,312.684154723,,,,,,,,,,,7,-0.0033420305577228316
2023-10-18,US.FN,SELL,51,167.67,-20.28,ATR_TRAIL,atr_breakout,2023-09-28,17.11,167.9,,,,,,,,,,,20,-0.0023683565147321587
2023-10-18,US.VRTX,SELL,6,367.55,39.37,STRAT_EXIT,atr_breakout,2023-10-06,4.37,360.62,,,,,,,,,,,12,0.018195515131347862
2023-10-19,US.EA,SELL,71,126.393668749,-8.97,ATR_TRAIL,atr_breakout,2023-10-10,17.95,126.393668749,,,,,,,,,,,9,-0.0009995597834880766
2023-10-19,US.AVGO,SELL,106,84.164305618,-397.2,STRAT_EXIT,atr_breakout,2023-10-12,18.23,87.827333888,,,,,,,,,,,7,-0.042665189132340686
2023-10-19,US.GLD,SELL,12,180.87,-2.17,ATR_TRAIL,atr_breakout,2023-10-18,4.34,180.87,,,,,,,,,,,1,-0.0009997972761283426
2023-10-20,US.CRWD,SELL,170,44.1725,-7.51,ATR_TRAIL,atr_breakout,2023-10-06,15.02,44.1725,,,,,,,,,,,14,-0.0010000898882389561
2023-10-26,US.MSFT,SELL,21,320.989172302,-269.47,STRAT_EXIT,atr_breakout,2023-10-25,13.74,333.500202288,Bear,99.99457382261669,1.0,Bear,94.00645676026295,2.0,,,,,1,-0.03847645270938559
2023-10-31,US.AMGN,SELL,36,235.084381064,-107.89,ATR_TRAIL,atr_breakout,2023-08-08,17.03,237.846109192,,,,,,,,,,,84,-0.012600350935424286
2023-11-01,US.GLD,SELL,46,183.09,-8.42,ATR_TRAIL,atr_breakout,2023-10-19,16.84,183.09,,,,,,,,,,,13,-0.000999745907809654
2023-11-01,US.ANET,SELL,43,50.0925,-2.15,ATR_TRAIL,atr_breakout,2023-10-31,4.31,50.0925,,,,,,,,,,,1,-0.0009981534161800669
2023-11-06,US.CCJ,SELL,158,40.568924229,-22.12,ATR_TRAIL,atr_breakout,2023-10-31,12.84,40.668333502,,,,,,,,,,,6,-0.003442481851220066
2023-11-08,US.QCOM,SELL,8,114.60795404279999,118.67,TAKE_PROFIT,boll_mr,2023-10-26,1.71,99.659090472,,,,,,,,,,,13,0.14884492653650755
2023-12-04,US.ANET,SELL,119,52.71,-6.27,ATR_TRAIL,atr_breakout,2023-11-01,12.54,52.71,,,,,,,,,,,33,-0.0009996030284623808
2023-12-04,US.CEG,SELL,73,116.4150993632,-455.78,STOP_LOSS,atr_breakout,2023-11-06,17.44,122.542209856,,,,,,,,,,,28,-0.05095029419799479
2023-12-05,US.AMZN,SELL,53,146.88,515.86,STRAT_EXIT,atr_breakout,2023-11-01,15.05,137.0,Bull,99.99883222808151,3.0,Correction,58.385649509901185,1.0,,,,,34,0.0710453105632833
2023-12-05,US.LMT,SELL,5,417.456684192,-26.33,STRAT_EXIT,atr_breakout,2023-10-31,4.2,422.304280114,,,,,,,,,,,35,-0.01246968180994627
2023-12-11,US.RTX,SELL,134,77.962145331,510.5,STRAT_EXIT,atr_breakout,2023-10-24,20.37,74.07447624,,,,,,,,,,,48,0.05143069091968937
2023-12-12,US.LIN,SELL,2,414.10168536669994,107.2,TAKE_PROFIT,boll_mr,2023-09-22,1.55,360.088422058,,,,,,,,,,,81,0.14885232825221625
2023-12-12,US.AVGO,SELL,90,99.818247715,-8.98,ATR_TRAIL,atr_breakout,2023-12-11,17.97,99.818247715,,,,,,,,,,,1,-0.0009995945637381075
2024-01-03,US.AVGO,SELL,85,103.135783195,-81.58,ATR_TRAIL,atr_breakout,2023-12-12,17.61,103.992373654,,,,,,,,,,,22,-0.009229183565668483
2024-01-08,US.PPA,SELL,99,88.391686607,-8.75,ATR_TRAIL,atr_breakout,2023-12-04,17.5,88.391686607,,,,,,,,,,,35,-0.000999911210845014
2024-01-17,US.IDXX,SELL,17,515.48,-27.97,ATR_TRAIL,atr_breakout,2023-12-04,17.55,516.61,,,,,,,,,,,44,-0.0031847895272005163
2024-01-24,US.DDOG,SELL,16,122.58,-57.16,ATR_TRAIL,atr_breakout,2024-01-17,3.98,126.03,,,,,,,,,,,7,-0.028346425454256922
2024-01-31,US.TSM,SELL,84,109.375284209,-14.88,ATR_TRAIL,atr_breakout,2024-01-18,18.38,109.443062802,,,,,,,,,,,13,-0.0016185846101852695
2024-02-06,US.VRTX,SELL,4,416.13,-1.74,ATR_TRAIL,atr_breakout,2024-01-04,3.33,416.15,,,,,,,,,,,33,-0.0010452961672473868
2024-03-04,US.ADP,SELL,40,231.599638597,-9.26,ATR_TRAIL,atr_breakout,2024-01-31,18.53,231.599638597,,,,,,,,,,,33,-0.0009995697808614745
2024-03-07,US.COHR,SELL,92,63.5455,-313.54,STOP_LOSS,atr_breakout,2024-03-04,12.0,66.89,,,,,,,,,,,3,-0.05094996977516624
2024-03-15,US.GLW,SELL,279,31.157078762,-241.32,STRAT_EXIT,atr_breakout,2024-03-04,17.62,31.990873241,,,,,,,,,,,11,-0.027037281228403955
2024-04-11,US.REGN,SELL,7,910.043561353,-6.37,ATR_TRAIL,atr_breakout,2024-01-03,12.74,910.043561353,,,,,,,,,,,99,-0.0009999521326727093
2024-04-30,US.COST,SELL,11,715.155878086,1437.56,STRAT_EXIT,atr_breakout,2023-12-05,14.29,583.75307515,,,,,,,,,,,147,0.22387423431335518
2024-07-01,US.COPX,SELL,217,43.439820291,824.84,STRAT_EXIT,atr_breakout,2024-03-15,18.02,39.595293109,,,,,,,,,,,108,0.09599893553810868
2024-07-05,US.MELI,SELL,5,1658.96,1786.46,STRAT_EXIT,atr_breakout,2023-11-01,14.79,1300.01,,,,,,,,,,,247,0.2748378858624164
2024-07-11,US.SCCO,SELL,96,101.853846895,1069.64,STRAT_EXIT,atr_breakout,2024-03-15,18.48,90.609951913,,,,,,,,,,,118,0.12296754493404335
2024-07-11,US.META,SELL,17,509.281285125,-468.14,STOP_LOSS,atr_breakout,2024-07-05,17.78,536.309847185,,,,,,,,,,,6,-0.05134652515400192
2024-07-24,US.EMR,SELL,86,110.278445765,-15.3,ATR_TRAIL,atr_breakout,2024-07-11,18.97,110.346113114,,,,,,,,,,,13,-0.0016122631937238064
2024-07-31,US.EQIX,SELL,13,757.040894668,-103.99,STRAT_EXIT,atr_breakout,2024-07-11,19.78,764.283288326,,,,,,,,,,,20,-0.010466316471149567
2024-08-02,US.TSLA,SELL,31,207.67,-74.33,ATR_TRAIL,atr_breakout,2024-07-01,12.94,209.86,Bull,99.69039271138458,1.0,Sideways,99.17117115515572,7.0,,,,,32,-0.01142543569753107
2024-09-03,US.GLW,SELL,215,39.539448873,1614.44,STRAT_EXIT,atr_breakout,2024-04-30,15.38,31.990873241,,,,,,,,,,,126,0.23472392264023206
2024-09-16,US.PEP,SELL,56,165.724444676,17.72,STRAT_EXIT,atr_breakout,2024-08-02,18.53,165.242376551,,,,,,,,,,,45,0.0019149359748581785
2024-09-18,US.NFLX,SELL,172,69.047,4953.76,STRAT_EXIT,atr_breakout,2023-10-19,18.79,40.177,,,,,,,,,,,335,0.7168511893012953
2024-10-02,US.KDP,SELL,285,34.97794794,-9.97,ATR_TRAIL,atr_breakout,2024-09-03,19.94,34.97794794,,,,,,,,,,,29,-0.0010001288869306631
2024-10-07,US.MNST,SELL,191,49.24,-603.41,STOP_LOSS,atr_breakout,2024-09-18,19.4,52.35,,,,,,,,,,,19,-0.0603479400131015
2024-10-15,US.CIEN,SELL,151,65.87,-32.6,ATR_TRAIL,atr_breakout,2024-10-02,19.92,66.02,,,,,,,,,,,13,-0.003270130865421075
2024-10-15,US.FANG,SELL,52,171.964327096,-990.35,STOP_LOSS,atr_breakout,2024-10-07,18.87,190.837643965,,,,,,,,,,,8,-0.09979788008274317
2024-10-23,US.TMUS,SELL,21,210.765630887,-4.43,ATR_TRAIL,atr_breakout,2024-10-15,8.85,210.765630887,,,,,,,,,,,8,-0.00100088605558978
2024-10-23,US.AAPL,SELL,18,229.043017528,-59.33,STRAT_EXIT,atr_breakout,2024-10-15,8.3,232.110026213,Correction,97.89213210717894,1.0,Correction,99.94943999733812,1.0,,,,,8,-0.014200640811984461
2024-10-31,US.MRVL,SELL,126,79.065878432,-9.96,ATR_TRAIL,atr_breakout,2024-10-15,19.92,79.065878432,,,,,,,,,,,16,-0.0009997690611330315
2024-11-19,US.TMUS,SELL,44,226.468898876,-25.35,ATR_TRAIL,atr_breakout,2024-10-24,19.94,226.81850781,,,,,,,,,,,26,-0.0025400765096249473
2024-11-25,US.VRT,SELL,71,131.747102487,-640.61,STOP_LOSS,atr_breakout,2024-11-19,19.34,140.638011244,,,,,,,,,,,6,-0.06415531602394556
2024-12-09,US.LMT,SELL,19,488.778332246,-9.29,ATR_TRAIL,atr_breakout,2024-07-24,18.57,488.778332246,,,,,,,,,,,138,-0.0010003458340190243
2024-12-19,US.EQIX,SELL,10,891.615264759,-519.56,STOP_LOSS,atr_breakout,2024-11-25,18.34,942.679702266,,,,,,,,,,,24,-0.055115220869940126
2024-12-20,US.AAPL,SELL,40,245.183499235,-9.81,ATR_TRAIL,atr_breakout,2024-12-09,19.61,245.183499235,Sideways,76.72692625201623,9.0,Correction,96.92783101415876,1.0,,,,,11,-0.0010002712285500758
2024-12-24,US.ONDS,SELL,1894,1.8524999999999998,-188.17,STOP_LOSS,atr_breakout,2024-12-23,7.2,1.95,,,,,,,,,,,1,-0.05094901578534102
2025-01-02,US.TSM,SELL,21,193.41507875489998,-217.84,STOP_LOSS,atr_breakout,2024-12-23,8.34,203.594819742,,,,,,,,,,,10,-0.05095087068756788
2025-01-02,US.AAPL,SELL,38,242.301909984,-551.05,STOP_LOSS,atr_breakout,2024-12-24,18.96,256.560808521,Sideways,89.85871618469162,2.0,Correction,99.94052124302533,1.0,,,,,9,-0.05652194453653946
2025-01-03,US.RGTI,SELL,206,19.0,-209.91,STOP_LOSS,atr_breakout,2025-01-02,8.03,20.0,,,,,,,,,,,1,-0.05094902912621359
2025-01-10,US.UFO,SELL,183,22.696732916,-247.73,STOP_LOSS,atr_breakout,2025-01-03,8.55,24.027744825,,,,,,,,,,,7,-0.05633969633246825
2025-01-13,US.BKNG,SELL,54,184.477534083,-9.96,ATR_TRAIL,atr_breakout,2024-10-31,19.92,184.477534083,,,,,,,,,,,74,-0.0009998206305243615
2025-01-27,US.GEHC,SELL,74,88.80221988829999,850.56,TAKE_PROFIT,boll_mr,2024-12-19,12.29,77.219321642,,,,,,,,,,,39,0.14884945645265002
2025-01-27,US.KLAC,SELL,146,68.269019492,-9.97,ATR_TRAIL,atr_breakout,2025-01-06,19.93,68.269019492,,,,,,,,,,,21,-0.0010002732094442765
2025-01-27,US.BKR,SELL,229,42.336682846,-294.65,ATR_TRAIL,atr_breakout,2025-01-13,19.68,43.58102163,,,,,,,,,,,14,-0.029523888485939183
2025-01-29,US.AEP,SELL,102,92.80205565624999,-507.67,STOP_LOSS,atr_breakout,2025-01-27,19.43,97.686374375,,,,,,,,,,,2,-0.050950369430630214
2025-01-31,US.TTWO,SELL,28,185.51,680.81,STRAT_EXIT,atr_breakout,2024-10-23,9.7,161.01,,,,,,,,,,,100,0.1510132467371148
2025-03-06,US.QQQ,SELL,3,484.59229671,384.87,MA200_BREAK,core_etf,2023-08-16,2.52,355.81848846,,,,Correction,99.92314866210816,6.0,,,,,568,0.36054899944981905
2025-03-06,US.SBUX,SELL,95,102.039921429,-241.66,ATR_TRAIL,atr_breakout,2025-01-29,19.62,104.481700887,,,,,,,,,,,36,-0.024346746388014807
2025-03-12,US.EA,SELL,73,135.410755723,-58.54,ATR_TRAIL,atr_breakout,2025-03-06,19.82,136.077264733,,,,,,,,,,,6,-0.005893106462660295
2025-04-07,US.GLD,SELL,36,273.71,-60.97,ATR_TRAIL,atr_breakout,2025-03-13,19.76,275.13,,,,,,,,,,,25,-0.00615567590270458
2025-04-08,US.AMGN,SELL,37,269.698352854,-25.02,ATR_TRAIL,atr_breakout,2025-01-27,19.97,270.104796332,,,,,,,,,,,71,-0.0025035327968965177
2025-04-22,US.ORLY,SELL,116,92.902667131,847.7,STRAT_EXIT,atr_breakout,2025-01-27,20.69,85.502000427,,,,,,,,,,,85,0.08546886136224242
2025-04-24,US.CMCSA,SELL,60,28.1535175067,-90.6,STOP_LOSS,boll_mr,2025-04-07,3.47,29.635281586,,,,,,,,,,,17,-0.05095278057736893
2025-05-06,US.PLTR,SELL,48,107.14099999999999,-275.81,STOP_LOSS,atr_breakout,2025-04-25,10.56,112.78,,,,,,,,,,,11,-0.05094911922917775
2025-05-28,US.CDNS,SELL,34,288.61,-44.49,ATR_TRAIL,atr_breakout,2025-04-25,19.66,289.63,,,,,,,,,,,33,-0.004517934646841508
2025-06-09,US.APP,SELL,11,383.6,-77.48,ATR_TRAIL,atr_breakout,2025-05-28,8.51,390.26,,,,,,,,,,,12,-0.018048573678153962
2025-08-07,US.CRWD,SELL,90,106.22,-9.56,ATR_TRAIL,atr_breakout,2025-04-25,19.12,106.22,,,,,,,,,,,104,-0.0010000209209397688
2025-08-14,US.APP,SELL,22,433.34,-97.53,ATR_TRAIL,atr_breakout,2025-08-07,19.15,437.34,,,,,,,,,,,7,-0.010136694146846432
2025-08-15,US.KLAC,SELL,44,86.933702423,-355.63,STOP_LOSS,atr_breakout,2025-08-14,8.0,94.929170722,,,,,,,,,,,1,-0.08514242712252901
2025-08-25,US.LIN,SELL,9,471.503099296,-2.29,STRAT_EXIT,atr_breakout,2025-08-14,8.49,471.286021381,,,,,,,,,,,11,-0.0005398938922458403
2025-08-26,US.TSEM,SELL,173,57.57,-9.96,ATR_TRAIL,atr_breakout,2025-08-25,19.92,57.57,,,,,,,,,,,1,-0.0010000391581598074
2025-09-03,US.UFO,SELL,304,32.851623765,-19.29,ATR_TRAIL,atr_breakout,2025-08-26,19.98,32.882214189,,,,,,,,,,,8,-0.0019297346280789125
2025-09-08,US.PEP,SELL,29,137.43985385814997,-213.76,STOP_LOSS,atr_breakout,2025-08-15,8.18,144.673530377,,,,,,,,,,,24,-0.05094943396729647
2025-09-29,US.NVDA,SELL,181,181.618355833,23399.04,STRAT_EXIT,atr_breakout,2024-01-08,42.31,52.160284889,Correction,99.02363328430285,1.0,Bull,92.3596616612675,2.0,,,,,630,2.478446280795922
2025-09-29,US.DLR,SELL,64,166.507681065,769.36,STRAT_EXIT,atr_breakout,2025-04-25,20.53,154.319966275,,,,,,,,,,,157,0.0778982155722999
2025-10-02,US.APP,SELL,14,676.742,-508.13,STOP_LOSS,atr_breakout,2025-09-29,19.45,712.36,,,,,,,,,,,3,-0.05095036217642764
2025-10-08,US.ASML,SELL,9,973.5047387812,-469.9,STOP_LOSS,atr_breakout,2025-10-02,17.98,1024.741830296,,,,,,,,,,,6,-0.05095050242657681
2025-10-21,US.COPX,SELL,173,57.676645214,-9.98,ATR_TRAIL,atr_breakout,2025-09-29,19.96,57.676645214,,,,,,,,,,,22,-0.001000194464460176
2025-10-22,US.GLD,SELL,26,372.3,-9.68,ATR_TRAIL,atr_breakout,2025-10-08,19.36,372.3,,,,,,,,,,,14,-0.001000020661583917
2025-10-23,US.ISRG,SELL,18,527.03,-9.49,ATR_TRAIL,atr_breakout,2025-10-22,18.97,527.03,,,,,,,,,,,1,-0.0010003647272872934
2025-10-31,US.ADP,SELL,38,253.84037527916115,123.66,ATR_TRAIL,atr_breakout,2024-07-31,19.16,250.332301445,,,,,,,,,,,457,0.0129995630109715
2025-11-03,US.HON,SELL,44,212.1789083711,-500.7,STOP_LOSS,atr_breakout,2025-10-23,19.16,223.346219338,,,,,,,,,,,11,-0.05095024884806432
2025-11-06,US.AMZN,SELL,40,243.04,-56.92,ATR_TRAIL,atr_breakout,2025-10-31,19.49,244.22,Bear,100.0,2.0,Bull,99.99702894286101,4.0,,,,,6,-0.005826713618868234
2025-11-07,US.DDOG,SELL,52,181.279,-505.56,STOP_LOSS,atr_breakout,2025-11-06,19.35,190.82,,,,,,,,,,,1,-0.050950150363209795
2025-11-13,US.JEPI,SELL,184,53.810059405,-64.18,STRAT_EXIT,atr_breakout,2025-10-21,19.86,54.105046853,,,,,,,,,,,23,-0.006446798739011657
2025-11-13,US.SNDK,SELL,27,239.48,-6.47,ATR_TRAIL,atr_breakout,2025-11-07,12.93,239.48,,,,,,,,,,,6,-0.001000624810546307
2025-11-17,US.IDXX,SELL,13,669.0,-709.92,STOP_LOSS,atr_breakout,2025-11-03,18.1,722.94,,,,,,,,,,,14,-0.07553770820431953
2025-11-20,US.GILD,SELL,40,122.662546336,-125.81,STRAT_EXIT,atr_breakout,2025-11-19,9.93,125.685193289,,,,,,,,,,,1,-0.02502482526138004
2025-12-04,US.AEP,SELL,45,115.77119274614999,-279.4,STOP_LOSS,atr_breakout,2025-11-17,10.69,121.864413417,,,,,,,,,,,17,-0.050949155005925235
2025-12-09,US.REGN,SELL,7,690.716249212,-15.58,ATR_TRAIL,atr_breakout,2025-11-13,9.68,692.251822798,,,,,,,,,,,26,-0.003215180101250166
2025-12-12,US.SLV,SELL,181,55.17,-9.99,ATR_TRAIL,atr_breakout,2025-12-09,19.97,55.17,,,,,,,,,,,3,-0.0010004236027867654
2025-12-16,US.CSCO,SELL,130,76.553320829,-9.95,ATR_TRAIL,atr_breakout,2025-11-13,19.9,76.553320829,,,,,,,,,,,33,-0.000999805896199178
2025-12-22,US.ADP,SELL,38,255.671736795,-247.61,STRAT_EXIT,atr_breakout,2025-12-12,19.67,261.932121203,,,,,,,,,,,10,-0.02487687497681486
2025-12-23,US.RKLB,SELL,96,73.6725,-379.31,STOP_LOSS,atr_breakout,2025-12-22,14.52,77.55,,,,,,,,,,,1,-0.05094965613582635
2025-12-29,US.SLV,SELL,154,64.84,-9.99,ATR_TRAIL,atr_breakout,2025-12-23,19.97,64.84,,,,,,,,,,,6,-0.0010004646802919473
2026-03-20,US.QQQ,SELL,5,580.688654416,-106.77,MA200_BREAK,core_etf,2025-11-17,5.91,601.462745813,,,,Bull,99.43485897171517,9.0,,,,,123,-0.03550344580550155
2026-04-13,US.ROST,SELL,57,220.517659843,2701.79,STRAT_EXIT,atr_breakout,2025-11-21,22.42,172.89738897,,,,,,,,,,,143,0.2741500310894111
2026-04-14,US.SNDK,SELL,8,904.875,-388.24,STOP_LOSS,atr_breakout,2026-04-13,14.86,952.5,,,,,,,,,,,1,-0.050950131233595805
2026-04-29,US.CMCSA,SELL,372,26.400293257,-176.02,ATR_TRAIL,atr_breakout,2025-12-16,19.81,26.847052467,,,,,,,,,,,134,-0.017624729701421368
2026-05-07,US.NXPI,SELL,34,288.272139177,-9.8,ATR_TRAIL,atr_breakout,2026-04-29,19.6,288.272139177,,,,,,,,,,,8,-0.0009998721865406136
2026-05-08,US.PANW,SELL,50,196.53,-9.83,ATR_TRAIL,atr_breakout,2026-05-07,19.65,196.53,,,,,,,,,,,1,-0.0010003561797181093
2026-05-12,US.AMD,SELL,21,432.4305,-487.03,STOP_LOSS,atr_breakout,2026-05-08,18.64,455.19,,,,,,,,,,,4,-0.05094994345636934
2026-05-13,US.QUBT,SELL,515,11.03,-391.93,STOP_LOSS,atr_breakout,2026-05-12,11.75,11.78,,,,,,,,,,,1,-0.06460349118960886
2026-05-15,US.COPX,SELL,110,82.768754995,-855.43,STOP_LOSS,atr_breakout,2026-05-12,19.06,90.46261157,,,,,,,,,,,3,-0.08596519853529541
2026-05-18,US.CRWD,SELL,67,148.52,-9.95,ATR_TRAIL,atr_breakout,2026-05-15,19.9,148.52,,,,,,,,,,,3,-0.0009999155850159383
2026-05-27,US.ZS,SELL,57,126.41,-2759.17,STOP_LOSS,atr_breakout,2026-05-18,17.16,174.69,,,,,,,,,,,9,-0.2770993830675492
2026-05-28,US.RKLB,SELL,33,142.71849999999998,-252.59,STOP_LOSS,atr_breakout,2026-05-27,9.67,150.23,,,,,,,,,,,1,-0.050950159250764994
2026-06-03,US.APP,SELL,15,567.83,-8.52,ATR_TRAIL,atr_breakout,2026-05-27,17.03,567.83,,,,,,,,,,,7,-0.0010002993853794268
2026-06-05,US.SNOW,SELL,39,238.26,-45.95,ATR_TRAIL,atr_breakout,2026-05-28,18.62,239.2,,,,,,,,,,,8,-0.004925606723265587
2026-06-11,US.ROK,SELL,24,457.59,1214.55,STRAT_EXIT,atr_breakout,2026-04-13,20.74,406.525963137,,,,,,,,,,,59,0.12448466909589632
2026-06-18,US.LMT,SELL,18,510.95,-688.34,STOP_LOSS,atr_breakout,2026-06-11,19.07,548.68,,,,,,,,,,,7,-0.06969656468453582
2026-06-23,US.TMUS,SELL,11,184.57,69.14,STRAT_EXIT,boll_mr,2026-06-05,3.99,178.1,,,,,,,,,,,18,0.035291715583686385
2026-06-23,US.KDP,SELL,319,29.6944876908,-508.03,STOP_LOSS,atr_breakout,2026-06-09,19.44,31.257355464,,,,,,,,,,,14,-0.050950264642495746
2026-06-23,US.TSM,SELL,21,436.39,-549.49,STOP_LOSS,atr_breakout,2026-06-18,18.87,462.12,,,,,,,,,,,5,-0.05662206889160927
2026-07-01,US.AEP,SELL,74,135.05,86.95,STRAT_EXIT,atr_breakout,2026-06-23,19.89,133.74,,,,,,,,,,,8,0.008785703604007777
