date,code,side,qty,price,pnl,reason,strategy,entry_date,fee,regime_at_entry,replacement_to,replacement_score_delta,replacement_type,replacement_stability_score,holding_days
2015-03-17,US.REGN,SELL,12,448.06920497,-5.38,ATR_TRAIL,atr_breakout,2015-03-16,10.75,,,,,,1
2015-03-18,US.AMGN,SELL,17,117.642047435,-2.0,ATR_TRAIL,atr_breakout,2015-03-16,4.0,,,,,,2
2015-03-23,US.AMGN,SELL,23,120.174854811,-2.76,ATR_TRAIL,atr_breakout,2015-03-18,5.53,,,,,,5
2015-03-25,US.STM,SELL,879,8.037445751,-170.44,ATR_TRAIL,atr_breakout,2015-03-16,14.29,,,,,,9
2015-03-25,US.COHR,SELL,24,17.68,-9.3,ATR_TRAIL,atr_breakout,2015-03-16,0.86,,,,,,9
2015-03-25,US.REGN,SELL,6,450.271019245,-84.88,ATR_TRAIL,atr_breakout,2015-03-17,5.49,,,,,,8
2015-03-26,US.CTAS,SELL,148,18.028274734049997,-143.1,STOP_LOSS,atr_breakout,2015-03-16,5.48,,,,,,10
2015-03-30,US.RSP,SELL,10,67.443323609,17.33,STRAT_EXIT,boll_mr,2015-03-11,1.33,,,,,,19
2015-04-01,US.ORLY,SELL,167,14.337000071,-2.39,ATR_TRAIL,atr_breakout,2015-03-16,4.79,,,,,,16
2015-04-01,US.SLV,SELL,38,16.23,-3.28,STRAT_EXIT,atr_breakout,2015-03-23,1.24,,,,,,9
2015-04-06,US.ADI,SELL,88,49.21252560825,-232.26,STOP_LOSS,atr_breakout,2015-03-30,8.89,,,,,,7
2015-04-06,US.EA,SELL,64,55.432505667,-149.5,STRAT_EXIT,atr_breakout,2015-03-30,7.24,,,,,,7
2015-04-10,US.MDLZ,SELL,23,28.68980668,13.27,ACTIVE_REPLACEMENT,atr_breakout,2015-04-02,1.31,,US.ISRG,59.01,OBSERVATION_EVICT,,8
2015-04-10,US.WDAY,SELL,11,88.7,1.22,ACTIVE_REPLACEMENT,atr_breakout,2015-04-06,1.95,,US.DXCM,50.45,OBSERVATION_EVICT,,4
2015-04-10,US.GLD,SELL,6,115.966,23.28,ACTIVE_REPLACEMENT,boll_mr,2015-03-09,1.37,,US.GE,50.41,OBSERVATION_EVICT,,32
2015-04-13,US.ISRG,SELL,59,58.927709839,-3.48,ATR_TRAIL,atr_breakout,2015-04-10,6.95,,,,,,3
2015-04-14,US.CDNS,SELL,163,18.65,-71.5,STRAT_EXIT,atr_breakout,2015-04-08,6.15,,,,,,6
2015-04-15,US.CAT,SELL,10,62.396406984,-0.62,ATR_TRAIL,atr_breakout,2015-04-14,1.25,,,,,,1
2015-04-15,US.VRSK,SELL,9,69.071406227,2.63,ACTIVE_REPLACEMENT,atr_breakout,2015-04-02,1.24,,US.CCJ,48.86,OBSERVATION_EVICT,,13
2015-04-17,US.PAYX,SELL,131,34.020578861,-256.0,STOP_LOSS,atr_breakout,2015-03-16,9.16,,,,,,32
2015-04-17,US.GE,SELL,20,115.99158990279999,-124.42,STOP_LOSS,atr_breakout,2015-04-10,4.76,,,,,,7
2015-04-21,US.SNPS,SELL,16,47.29,-5.4,STRAT_EXIT,atr_breakout,2015-04-08,1.52,,,,,,13
2015-04-21,US.STX,SELL,21,35.308308854,11.7,ACTIVE_REPLACEMENT,atr_breakout,2015-04-17,1.47,,US.PCAR,52.62,OBSERVATION_EVICT,,4
2015-04-27,US.COHR,SELL,141,18.7,-32.25,STRAT_EXIT,atr_breakout,2015-04-02,5.3,,,,,,25
2015-04-27,US.DXCM,SELL,177,16.89,-17.59,ATR_TRAIL,atr_breakout,2015-04-10,5.99,,,,,,17
2015-04-29,US.PCAR,SELL,82,28.802905733,-19.46,STRAT_EXIT,atr_breakout,2015-04-21,4.74,,,,,,8
2015-04-30,US.INTU,SELL,19,91.775358035,19.2,STRAT_EXIT,atr_breakout,2015-03-16,3.47,,,,,,45
2015-05-06,US.CIEN,SELL,106,20.7575,-118.01,STOP_LOSS,atr_breakout,2015-04-20,4.52,,,,,,16
2015-05-06,US.VRSK,SELL,33,68.919287507,-139.07,STOP_LOSS,atr_breakout,2015-04-29,4.69,,,,,,7
2015-05-07,US.FANG,SELL,66,57.974807174,-80.9,ATR_TRAIL,atr_breakout,2015-03-26,7.73,,,,,,42
2015-05-07,US.CCJ,SELL,162,14.681739486,-2.38,ATR_TRAIL,atr_breakout,2015-04-15,4.76,,,,,,22
2015-05-07,US.COPX,SELL,125,19.327616677,-2.42,ATR_TRAIL,atr_breakout,2015-04-27,4.83,,,,,,10
2015-05-13,US.EA,SELL,10,59.129946959,-0.59,ATR_TRAIL,atr_breakout,2015-05-06,1.18,,,,,,7
2015-05-13,US.ADP,SELL,11,67.262764391,-9.66,STRAT_EXIT,atr_breakout,2015-05-08,1.49,,,,,,5
2015-05-14,US.NXPI,SELL,8,90.452085185,-10.03,ACTIVE_REPLACEMENT,atr_breakout,2015-05-08,1.46,,US.ADBE,48.3,OBSERVATION_EVICT,,6
2015-05-15,US.INTU,SELL,8,93.604827945,-3.82,STRAT_EXIT,atr_breakout,2015-05-08,1.5,,,,,,7
2015-05-19,US.SLV,SELL,215,16.35,-3.52,ATR_TRAIL,atr_breakout,2015-05-13,7.03,,,,,,6
2015-05-19,US.QCOM,SELL,10,50.164291868,-10.88,STRAT_EXIT,atr_breakout,2015-05-15,1.01,,,,,,4
2015-05-20,US.REGN,SELL,1,508.569507122,8.04,ACTIVE_REPLACEMENT,atr_breakout,2015-05-19,1.01,,US.ADI,48.0,OBSERVATION_EVICT,,1
2015-05-22,US.ROK,SELL,6,101.151128006,9.87,ACTIVE_REPLACEMENT,atr_breakout,2015-05-13,1.2,,US.INTU,42.51,OBSERVATION_EVICT,,9
2015-05-26,US.ADBE,SELL,35,79.365,-5.05,STRAT_EXIT,atr_breakout,2015-05-14,5.56,,,,,,12
2015-05-26,US.TTWO,SELL,109,27.189,-158.94,STOP_LOSS,atr_breakout,2015-05-19,6.08,,,,,,7
2015-05-27,US.PANW,SELL,18,26.774732089,-10.05,ACTIVE_REPLACEMENT,atr_breakout,2015-05-26,0.97,,US.AVGO,54.71,OBSERVATION_EVICT,,1
2015-06-04,US.AVGO,SELL,215,10.638795198,-7.11,ATR_TRAIL,atr_breakout,2015-05-27,4.58,,,,,,8
2015-06-08,US.ADI,SELL,47,52.897700074,-2.49,ATR_TRAIL,atr_breakout,2015-05-20,4.97,,,,,,19
2015-06-09,US.TMUS,SELL,77,36.865131772,-2.84,ATR_TRAIL,atr_breakout,2015-05-26,5.68,,,,,,14
2015-06-15,US.CAT,SELL,43,66.097359944,85.45,STRAT_EXIT,atr_breakout,2015-04-15,5.6,,,,,,61
2015-06-16,US.EQIX,SELL,11,197.029982134,-2.17,ATR_TRAIL,atr_breakout,2015-04-30,4.33,,,,,,47
2015-06-17,US.CIEN,SELL,24,26.03,2.5,ACTIVE_REPLACEMENT,atr_breakout,2015-06-15,1.25,,US.AMD,49.45,OBSERVATION_EVICT,,2
2015-06-18,US.TXN,SELL,6,40.136799061,5.56,ACTIVE_REPLACEMENT,boll_mr,2015-06-09,0.48,,US.DXCM,57.72,OBSERVATION_EVICT,,9
2015-06-19,US.AMD,SELL,1276,2.47,-3.15,ATR_TRAIL,atr_breakout,2015-06-17,6.3,,,,,,2
2015-06-22,US.DLR,SELL,15,45.843323553,5.01,ACTIVE_REPLACEMENT,atr_breakout,2015-06-16,1.37,,US.TSEM,44.76,OBSERVATION_EVICT,,6
2015-06-24,US.FN,SELL,100,19.82,-17.98,ATR_TRAIL,atr_breakout,2015-06-19,3.98,,,,,,5
2015-06-26,US.TSEM,SELL,142,15.81,-171.23,STOP_LOSS,atr_breakout,2015-06-22,4.66,,,,,,4
2015-06-29,US.INTU,SELL,21,92.406525154,-112.2,STOP_LOSS,atr_breakout,2015-05-22,3.99,,,,,,38
2015-06-29,US.GILD,SELL,35,79.525884523,-45.94,ATR_TRAIL,atr_breakout,2015-06-10,5.61,,,,,,19
2015-07-02,US.MNST,SELL,105,22.073029267499997,-124.3,STOP_LOSS,atr_breakout,2015-06-26,4.76,,,,,,6
2015-07-07,US.ANET,SELL,476,4.818125,-2.29,ATR_TRAIL,atr_breakout,2015-06-05,4.59,,,,,,32
2015-07-09,US.SOXX,SELL,29,26.1718711152,-40.71,STOP_LOSS,boll_mr,2015-06-30,1.56,,,,,,9
2015-07-13,US.GLW,SELL,58,14.1196888515,-43.92,STOP_LOSS,boll_mr,2015-06-30,1.68,,,,,,13
2015-07-14,US.AEP,SELL,78,35.234451879,-51.4,STRAT_EXIT,atr_breakout,2015-07-07,5.55,,,,,,7
2015-07-22,US.FTNT,SELL,367,8.459999999,306.64,STRAT_EXIT,atr_breakout,2015-04-21,5.9,,,,,,92
2015-07-22,US.TSLA,SELL,196,17.85782142,471.08,STRAT_EXIT,atr_breakout,2015-04-27,6.53,Bull,,,,,86
2015-07-23,US.IDXX,SELL,36,66.842,-129.05,STOP_LOSS,atr_breakout,2015-07-22,4.94,,,,,,1
2015-07-27,US.COST,SELL,15,120.394043331,17.35,STRAT_EXIT,atr_breakout,2015-07-10,3.59,,,,,,17
2015-07-28,US.EQIX,SELL,2,216.307507953,3.53,ACTIVE_REPLACEMENT,atr_breakout,2015-07-27,0.86,,US.CDNS,59.54,OBSERVATION_EVICT,,1
2015-08-03,US.ISRG,SELL,51,58.04172756635,-158.76,STOP_LOSS,atr_breakout,2015-07-22,6.08,,,,,,12
2015-08-06,US.FTNT,SELL,269,9.328,-12.73,ATR_TRAIL,atr_breakout,2015-07-23,5.03,,,,,,14
2015-08-06,US.MNST,SELL,72,24.14475855,-133.02,STOP_LOSS,atr_breakout,2015-08-03,3.61,,,,,,3
2015-08-11,US.SBUX,SELL,49,44.43108196,-2.18,ATR_TRAIL,atr_breakout,2015-07-13,4.35,,,,,,29
2015-08-13,US.CMCSA,SELL,12,21.164402547,3.24,ACTIVE_REPLACEMENT,boll_mr,2015-08-07,0.5,,US.ORLY,54.83,OBSERVATION_EVICT,,6
2015-08-17,US.XEL,SELL,26,25.560871173,13.0,ACTIVE_REPLACEMENT,atr_breakout,2015-08-07,1.32,,US.ADP,54.73,OBSERVATION_EVICT,,10
2015-08-18,US.SLV,SELL,48,14.078999999999999,-36.24,STOP_LOSS,atr_breakout,2015-08-12,1.39,,,,,,6
2015-08-20,US.EA,SELL,51,65.709645636,-111.25,ATR_TRAIL,atr_breakout,2015-07-07,6.81,,,,,,44
2015-08-20,US.CDNS,SELL,114,20.47,-38.81,ATR_TRAIL,atr_breakout,2015-07-28,4.7,,,,,,23
2015-08-20,US.ADP,SELL,39,64.839276339,-63.37,STRAT_EXIT,atr_breakout,2015-08-17,5.12,,,,,,3
2015-08-21,US.QQQ,SELL,133,93.816826455,-20.82,MA200_BREAK,core_etf,2015-01-02,24.96,,,,,,231
2015-08-21,US.META,SELL,19,85.310840298,-54.36,ATR_TRAIL,atr_breakout,2015-06-24,3.29,,,,,,58
2015-08-21,US.ORLY,SELL,185,15.878000079,-197.19,STOP_LOSS,atr_breakout,2015-08-13,6.07,,,,,,8
2015-08-21,US.FN,SELL,111,19.209,-114.35,STOP_LOSS,atr_breakout,2015-08-18,4.38,,,,,,3
2015-08-24,US.MDLZ,SELL,107,30.294696487,-3.24,ATR_TRAIL,atr_breakout,2015-05-08,6.48,,,,,,108
2015-08-24,US.DXCM,SELL,132,19.35,-2.55,ATR_TRAIL,atr_breakout,2015-06-18,5.11,,,,,,67
2015-08-24,US.GDX,SELL,145,12.750023827,-213.06,STOP_LOSS,atr_breakout,2015-08-20,3.91,,,,,,4
2015-08-27,US.GLD,SELL,31,107.73,-86.73,STRAT_EXIT,atr_breakout,2015-08-20,6.76,,,,,,7
2015-09-14,US.AMD,SELL,452,1.82,-86.7,STOP_LOSS,atr_breakout,2015-09-11,1.73,,,,,,3
2015-09-15,US.ISRG,SELL,6,57.084413387,12.53,STRAT_EXIT,boll_mr,2015-08-25,0.67,,,,,,21
2015-09-18,US.GOOG,SELL,83,31.187527188,277.76,STRAT_EXIT,atr_breakout,2015-07-14,4.9,,,,,,66
2015-09-18,US.BKNG,SELL,16,50.701790604,-16.06,STRAT_EXIT,atr_breakout,2015-09-15,1.64,,,,,,3
2015-09-18,US.AVGO,SELL,78,9.6337938447,-40.3,STOP_LOSS,atr_breakout,2015-09-15,1.54,,,,,,3
2015-09-18,US.KLAC,SELL,174,4.119174452,-40.85,STOP_LOSS,atr_breakout,2015-09-16,1.47,,,,,,2
2015-09-18,US.QQQ,SELL,127,96.777286085,-186.27,MA200_BREAK,core_etf,2015-09-16,24.76,,,,,,2
2015-09-22,US.GLW,SELL,55,12.884818852,-56.22,STOP_LOSS,atr_breakout,2015-09-16,1.47,,,,,,6
2015-09-24,US.SMCI,SELL,290,2.779,-6.9,ATR_TRAIL,atr_breakout,2015-09-15,1.62,,,,,,9
2015-09-28,US.EQIX,SELL,3,210.873055391,-45.37,STOP_LOSS,atr_breakout,2015-09-11,1.31,,,,,,17
2015-09-28,US.PANW,SELL,98,29.0047931077,-152.45,STOP_LOSS,atr_breakout,2015-09-15,5.83,,,,,,13
2015-09-28,US.ADBE,SELL,10,80.52,-50.61,STOP_LOSS,atr_breakout,2015-09-23,1.66,,,,,,5
2015-09-28,US.GLD,SELL,25,108.42,-54.46,STRAT_EXIT,atr_breakout,2015-09-24,5.47,,,,,,4
2015-09-28,US.ISRG,SELL,5,51.500080676,-15.62,STOP_LOSS,boll_mr,2015-09-24,0.53,,,,,,4
2015-09-29,US.SBUX,SELL,16,44.354815757749996,-38.06,STOP_LOSS,atr_breakout,2015-09-24,1.46,,,,,,5
2015-10-02,US.VRSK,SELL,44,74.309994641,-3.27,ATR_TRAIL,atr_breakout,2015-10-01,6.54,,,,,,1
2015-10-05,US.COST,SELL,6,123.922063129,12.51,ACTIVE_REPLACEMENT,atr_breakout,2015-09-23,1.47,,US.GE,56.83,OBSERVATION_EVICT,,12
2015-10-06,US.DLR,SELL,15,45.224081688,-0.68,ATR_TRAIL,atr_breakout,2015-10-02,1.36,,,,,,4
2015-10-07,US.XEL,SELL,31,25.121485415,13.23,ACTIVE_REPLACEMENT,atr_breakout,2015-09-24,1.54,,US.SMCI,48.91,OBSERVATION_EVICT,,13
2015-10-08,US.AEP,SELL,20,36.788291112,-0.59,ACTIVE_REPLACEMENT,atr_breakout,2015-09-30,1.47,,US.URA,42.53,OBSERVATION_EVICT,,8
2015-10-09,US.HWM,SELL,240,10.089664947,-172.35,STOP_LOSS,atr_breakout,2015-10-06,5.01,,,,,,3
2015-10-09,US.SMCI,SELL,763,2.69,-366.77,STOP_LOSS,atr_breakout,2015-10-07,4.47,,,,,,2
2015-10-12,US.COPX,SELL,179,13.108468501199999,-125.84,STOP_LOSS,atr_breakout,2015-10-09,4.82,,,,,,3
2015-10-13,US.QQQ,SELL,127,97.471462659,-62.92,MA200_BREAK,core_etf,2015-10-09,24.81,,,,,,4
2015-10-14,US.CPRT,SELL,275,4.30125,27.69,STRAT_EXIT,boll_mr,2015-08-25,2.34,,,,,,50
2015-10-19,US.GLD,SELL,20,112.02,-38.04,STRAT_EXIT,atr_breakout,2015-10-14,4.52,,,,,,5
2015-10-21,US.URA,SELL,195,10.904755282,-116.26,STOP_LOSS,atr_breakout,2015-10-08,4.37,,,,,,13
2015-10-26,US.COST,SELL,17,128.859863984,-2.19,ATR_TRAIL,atr_breakout,2015-10-09,4.38,,,,,,17
2015-10-26,US.BKNG,SELL,19,53.90024883,-1.02,ATR_TRAIL,atr_breakout,2015-10-19,2.05,,,,,,7
2015-10-27,US.CIEN,SELL,54,23.1,-82.25,STOP_LOSS,atr_breakout,2015-10-26,2.58,,,,,,1
2015-10-28,US.VRSK,SELL,32,69.080913647,-221.87,STOP_LOSS,atr_breakout,2015-10-02,4.64,,,,,,26
2015-11-09,US.BKNG,SELL,21,51.35511271,-87.58,STOP_LOSS,atr_breakout,2015-10-26,2.24,,,,,,14
2015-11-13,US.LSCC,SELL,252,4.88,-76.83,STOP_LOSS,atr_breakout,2015-11-09,2.54,,,,,,4
2015-11-16,US.AMAT,SELL,64,15.222252622,-0.97,ATR_TRAIL,atr_breakout,2015-11-13,1.95,,,,,,3
2015-11-23,US.REGN,SELL,2,566.173729237,4.94,STRAT_EXIT,atr_breakout,2015-10-27,2.26,,,,,,27
2015-12-02,US.XAR,SELL,26,49.619611549,4.98,STRAT_EXIT,atr_breakout,2015-10-28,2.57,,,,,,35
2015-12-04,US.MELI,SELL,10,118.20641604865,-63.4,STOP_LOSS,atr_breakout,2015-11-23,2.43,,,,,,11
2015-12-07,US.GDX,SELL,22,12.667751105599999,-14.95,STOP_LOSS,atr_breakout,2015-12-04,0.57,,,,,,3
2015-12-09,US.COHR,SELL,51,17.88,-65.68,STOP_LOSS,atr_breakout,2015-12-02,1.89,,,,,,7
2015-12-14,US.AVGO,SELL,26,10.73255322085,-14.97,STOP_LOSS,atr_breakout,2015-12-07,0.57,,,,,,7
2015-12-14,US.AMD,SELL,428,2.3275,-53.43,STOP_LOSS,atr_breakout,2015-12-10,2.04,,,,,,4
2015-12-22,US.WDAY,SELL,1,79.24,0.16,ACTIVE_REPLACEMENT,boll_mr,2015-12-14,0.16,,US.AMD,54.64,OBSERVATION_EVICT,,8
2015-12-23,US.HON,SELL,1,81.433369096,5.0,ACTIVE_REPLACEMENT,boll_mr,2015-12-14,0.16,,US.AA,51.16,OBSERVATION_EVICT,,9
2015-12-24,US.MSFT,SELL,74,48.529131162,599.7,STRAT_EXIT,atr_breakout,2015-10-05,6.58,Bull,,,,,80
2015-12-29,US.FAST,SELL,43,7.894596264,0.72,ACTIVE_REPLACEMENT,atr_breakout,2015-12-24,0.68,,US.LSCC,52.25,OBSERVATION_EVICT,,5
2015-12-31,US.FN,SELL,36,23.82,113.26,STRAT_EXIT,atr_breakout,2015-10-12,1.6,,,,,,80
2015-12-31,US.LSCC,SELL,223,6.431499999999999,-76.92,STOP_LOSS,atr_breakout,2015-12-29,2.94,,,,,,2
2016-01-04,US.AMD,SELL,510,2.6315,-71.98,STOP_LOSS,atr_breakout,2015-12-22,2.75,,,,,,13
2016-01-04,US.AA,SELL,44,27.2732589694,-64.36,STOP_LOSS,atr_breakout,2015-12-23,2.46,,,,,,12
2016-01-06,US.QQQ,SELL,126,99.777021741,96.58,MA200_BREAK,core_etf,2015-10-15,25.03,,,,,,83
2016-01-06,US.AMAT,SELL,62,15.663733266,-0.97,ATR_TRAIL,atr_breakout,2015-11-16,1.94,,,,,,51
2016-01-06,US.URA,SELL,35,9.7013389397,-18.21,STOP_LOSS,atr_breakout,2015-12-31,0.7,,,,,,6
2016-01-07,US.EXC,SELL,29,13.414647801,-5.0,STRAT_EXIT,atr_breakout,2016-01-05,0.78,,,,,,2
2016-01-11,US.PAYX,SELL,81,34.131771692,-2.76,ATR_TRAIL,atr_breakout,2015-09-30,5.53,,,,,,103
2016-01-11,US.GDX,SELL,198,12.623639253,-174.88,STOP_LOSS,atr_breakout,2016-01-07,5.17,,,,,,4
2016-01-12,US.GLD,SELL,30,104.21,-16.93,ATR_TRAIL,atr_breakout,2016-01-06,6.27,,,,,,6
2016-01-13,US.EQIX,SELL,8,249.200560283,-25.15,STRAT_EXIT,atr_breakout,2016-01-06,4.01,,,,,,7
2016-01-13,US.SMCI,SELL,804,2.5,-184.52,STOP_LOSS,atr_breakout,2016-01-12,4.2,,,,,,1
2016-01-13,US.ALGN,SELL,3,58.6815,-9.44,STOP_LOSS,boll_mr,2016-01-12,0.36,,,,,,1
2016-01-20,US.MSFT,SELL,4,43.3366797561,-9.3,STOP_LOSS,boll_mr,2016-01-08,0.36,Bull,,,,,12
2016-01-20,US.DLR,SELL,53,50.589337604,-222.67,STOP_LOSS,atr_breakout,2016-01-11,5.58,,,,,,9
2016-01-20,US.VOO,SELL,1,140.2677765013,-7.52,STOP_LOSS,boll_mr,2016-01-11,0.29,,,,,,9
2016-01-20,US.XEL,SELL,86,26.501232789,-39.0,STRAT_EXIT,atr_breakout,2016-01-19,4.59,,,,,,1
2016-01-28,US.SLV,SELL,166,13.57,-43.75,STRAT_EXIT,atr_breakout,2016-01-26,4.55,,,,,,2
2016-01-29,US.EA,SELL,9,62.63814913,-55.46,STOP_LOSS,atr_breakout,2016-01-26,1.18,,,,,,3
2016-02-02,US.META,SELL,5,113.612310093,26.69,ACTIVE_REPLACEMENT,atr_breakout,2016-01-28,1.11,,US.FN,45.01,OBSERVATION_EVICT,,5
2016-02-03,US.COHR,SELL,31,20.36,25.1,ACTIVE_REPLACEMENT,atr_breakout,2016-01-26,1.24,,US.CMCSA,59.86,OBSERVATION_EVICT,,8
2016-02-04,US.EXC,SELL,44,15.603991961,76.64,ACTIVE_REPLACEMENT,atr_breakout,2016-01-28,1.3,,US.GDX,41.03,OBSERVATION_EVICT,,7
2016-02-05,US.GE,SELL,23,125.299165575,190.98,STRAT_EXIT,atr_breakout,2015-10-05,5.57,,,,,,123
2016-02-05,US.FANG,SELL,39,51.764413308,-167.31,STOP_LOSS,atr_breakout,2016-01-28,4.2,,,,,,8
2016-02-05,US.GDX,SELL,144,14.645960771,-2.11,ATR_TRAIL,atr_breakout,2016-02-04,4.22,,,,,,1
2016-02-09,US.KLAC,SELL,216,5.248315313,-1.13,ATR_TRAIL,atr_breakout,2015-10-21,2.27,,,,,,111
2016-02-09,US.CMCSA,SELL,109,20.705128532,-2.26,ATR_TRAIL,atr_breakout,2016-02-03,4.51,,,,,,6
2016-02-10,US.GDX,SELL,168,14.68903712585,-132.35,STOP_LOSS,atr_breakout,2016-02-05,5.07,,,,,,5
2016-02-10,US.EXC,SELL,110,15.130350190449999,-89.26,STOP_LOSS,atr_breakout,2016-02-05,3.42,,,,,,5
2016-02-11,US.FN,SELL,87,27.59,-39.81,ATR_TRAIL,atr_breakout,2016-02-02,4.84,,,,,,9
2016-02-12,US.AEP,SELL,66,40.120789692,-2.65,ATR_TRAIL,atr_breakout,2016-01-29,5.3,,,,,,14
2016-02-16,US.GDX,SELL,134,15.607243645,-143.06,STOP_LOSS,atr_breakout,2016-02-11,4.32,,,,,,5
2016-02-17,US.COPX,SELL,73,9.740989685,45.48,ACTIVE_REPLACEMENT,atr_breakout,2016-02-16,1.38,,US.BKNG,56.8,OBSERVATION_EVICT,,1
2016-02-22,US.SLV,SELL,113,14.34,-1.62,ATR_TRAIL,atr_breakout,2016-02-05,3.24,,,,,,17
2016-02-24,US.ADP,SELL,10,66.500529406,-0.67,ATR_TRAIL,atr_breakout,2016-02-16,1.33,,,,,,8
2016-02-24,US.BKNG,SELL,61,48.394404195,-2.95,ATR_TRAIL,atr_breakout,2016-02-17,5.9,,,,,,7
2016-02-25,US.LSCC,SELL,336,6.14,-126.38,STOP_LOSS,atr_breakout,2016-02-24,4.25,,,,,,1
2016-03-01,US.RTX,SELL,60,46.721719724,-2.8,ATR_TRAIL,atr_breakout,2016-02-22,5.61,,,,,,8
2016-03-01,US.CPRT,SELL,567,4.76125,-2.7,ATR_TRAIL,atr_breakout,2016-02-25,5.4,,,,,,5
2016-03-02,US.HON,SELL,8,83.247321008,13.91,ACTIVE_REPLACEMENT,atr_breakout,2016-02-16,1.32,,US.AMD,56.11,OBSERVATION_EVICT,,15
2016-03-02,US.CSCO,SELL,36,19.703055263,46.49,ACTIVE_REPLACEMENT,atr_breakout,2016-02-12,1.37,,US.COPX,54.59,OBSERVATION_EVICT,,19
2016-03-03,US.CIEN,SELL,98,16.99,-361.33,STOP_LOSS,atr_breakout,2016-02-24,3.69,,,,,,8
2016-03-03,US.AMD,SELL,824,2.32,-1.91,ATR_TRAIL,atr_breakout,2016-03-02,3.82,,,,,,1
2016-03-04,US.PAYX,SELL,19,38.326762296,49.68,ACTIVE_REPLACEMENT,atr_breakout,2016-02-12,1.41,,US.AVGO,51.63,OBSERVATION_EVICT,,21
2016-03-08,US.ISRG,SELL,3,62.983184251,19.16,STRAT_EXIT,boll_mr,2016-02-09,0.36,,,,,,28
2016-03-08,US.AMD,SELL,776,2.3,-125.94,STOP_LOSS,atr_breakout,2016-03-03,3.69,,,,,,5
2016-03-08,US.CAT,SELL,41,56.090121548,-2.95,ATR_TRAIL,atr_breakout,2016-03-03,4.6,,,,,,5
2016-03-14,US.EXC,SELL,29,16.96406544,5.61,ACTIVE_REPLACEMENT,atr_breakout,2016-03-08,0.98,,US.AMD,52.15,OBSERVATION_EVICT,,6
2016-03-15,US.AMD,SELL,600,2.49,-139.49,STOP_LOSS,atr_breakout,2016-03-14,3.13,,,,,,1
2016-03-17,US.XEL,SELL,17,30.285551985,14.12,ACTIVE_REPLACEMENT,atr_breakout,2016-03-08,1.02,,US.ROK,47.16,OBSERVATION_EVICT,,9
2016-03-24,US.COPX,SELL,214,11.306208541,-2.42,ATR_TRAIL,atr_breakout,2016-03-02,4.84,,,,,,22
2016-03-28,US.QQQ,SELL,125,99.004154889,-30.07,MA200_BREAK,core_etf,2016-03-16,24.77,,,,,,12
2016-03-29,US.FN,SELL,32,30.59,-0.98,ATR_TRAIL,atr_breakout,2016-03-24,1.96,,,,,,5
2016-04-06,US.FAST,SELL,309,8.924348331,-2.76,ATR_TRAIL,atr_breakout,2016-03-01,5.52,,,,,,36
2016-04-12,US.ON,SELL,224,9.386000000000001,-112.76,STOP_LOSS,atr_breakout,2016-03-29,4.32,,,,,,14
2016-04-13,US.GLD,SELL,31,118.77,352.2,STRAT_EXIT,atr_breakout,2016-01-26,7.01,,,,,,78
2016-04-25,US.AAPL,SELL,68,23.663539355,-1.61,ATR_TRAIL,atr_breakout,2016-03-15,3.22,Sideways,,,,,41
2016-04-27,US.ROK,SELL,8,93.183948429,-0.75,ATR_TRAIL,atr_breakout,2016-03-17,1.49,,,,,,41
2016-04-28,US.QQQ,SELL,124,98.23129991,-306.61,MA200_BREAK,core_etf,2016-03-29,24.66,,,,,,30
2016-04-28,US.AMGN,SELL,8,117.718450787,-0.94,ATR_TRAIL,atr_breakout,2016-04-06,1.88,,,,,,22
2016-04-29,US.AVGO,SELL,197,11.116970955,-2.19,ATR_TRAIL,atr_breakout,2016-03-04,4.38,,,,,,56
2016-04-29,US.STM,SELL,248,5.520595608,-81.64,STOP_LOSS,atr_breakout,2016-04-27,2.82,,,,,,2
2016-05-02,US.CAT,SELL,22,61.548709066,-10.64,STRAT_EXIT,atr_breakout,2016-04-13,2.72,,,,,,19
2016-05-03,US.WDAY,SELL,31,71.74,-2.22,ATR_TRAIL,atr_breakout,2016-03-01,4.45,,,,,,63
2016-05-03,US.URA,SELL,99,10.620705133,-81.99,STOP_LOSS,atr_breakout,2016-04-12,2.18,,,,,,21
2016-05-06,US.FN,SELL,67,34.2095,-122.93,STOP_LOSS,atr_breakout,2016-05-03,4.7,,,,,,3
2016-05-11,US.QQQ,SELL,125,98.305791956,-125.19,MA200_BREAK,core_etf,2016-05-10,24.69,,,,,,1
2016-05-17,US.SBUX,SELL,9,44.184942914699995,-21.33,STOP_LOSS,boll_mr,2016-04-25,0.82,,,,,,22
2016-05-18,US.SLV,SELL,156,15.931499999999998,-133.29,STOP_LOSS,atr_breakout,2016-04-28,5.1,,,,,,20
2016-05-18,US.EQIX,SELL,6,279.698569614,-1.68,ATR_TRAIL,atr_breakout,2016-05-09,3.36,,,,,,9
2016-05-24,US.QCOM,SELL,56,40.661761615,-2.28,ATR_TRAIL,atr_breakout,2016-05-20,4.55,,,,,,4
2016-05-24,US.CDNS,SELL,83,24.55,-2.04,ATR_TRAIL,atr_breakout,2016-05-20,4.08,,,,,,4
2016-06-14,US.SNPS,SELL,44,52.17,41.26,STRAT_EXIT,atr_breakout,2016-05-24,4.55,,,,,,21
2016-06-15,US.XEL,SELL,5,31.146507683,-1.81,ACTIVE_REPLACEMENT,atr_breakout,2016-06-14,0.31,,US.TEAM,48.44,OBSERVATION_EVICT,,1
2016-06-17,US.QQQ,SELL,124,98.690626526,-206.99,MA200_BREAK,core_etf,2016-05-24,24.67,,,,,,24
2016-06-24,US.CDNS,SELL,81,23.78,-117.76,STOP_LOSS,atr_breakout,2016-05-24,3.97,,,,,,31
2016-06-24,US.QQQ,SELL,125,96.636645665,-347.02,MA200_BREAK,core_etf,2016-06-20,24.49,,,,,,4
2016-06-27,US.AMZN,SELL,68,34.1925,-2.33,ATR_TRAIL,atr_breakout,2016-05-02,4.65,Bull,,,,,56
2016-06-27,US.AMAT,SELL,125,19.987104437,-32.88,ATR_TRAIL,atr_breakout,2016-05-20,5.03,,,,,,38
2016-06-29,US.XEL,SELL,15,32.257306611,5.59,ACTIVE_REPLACEMENT,atr_breakout,2016-06-24,0.96,,US.SLV,45.95,OBSERVATION_EVICT,,5
2016-06-30,US.ORLY,SELL,29,18.073333423,-1.16,ACTIVE_REPLACEMENT,atr_breakout,2016-06-28,1.05,,US.INTU,43.25,OBSERVATION_EVICT,,2
2016-07-06,US.TEAM,SELL,32,25.99,-0.83,ATR_TRAIL,atr_breakout,2016-06-15,1.66,,,,,,21
2016-07-20,US.GDX,SELL,28,25.383309101,-66.22,STOP_LOSS,atr_breakout,2016-07-06,1.49,,,,,,14
2016-07-22,US.MRVL,SELL,76,10.444340189,-0.79,ATR_TRAIL,atr_breakout,2016-07-20,1.59,,,,,,2
2016-07-27,US.AEP,SELL,41,46.260572916,-1.9,ATR_TRAIL,atr_breakout,2016-06-27,3.79,,,,,,30
2016-07-29,US.INTU,SELL,21,102.992089346,-8.53,ATR_TRAIL,atr_breakout,2016-06-30,4.33,,,,,,29
2016-08-10,US.EXC,SELL,42,17.567602962,-40.68,STOP_LOSS,atr_breakout,2016-07-22,1.52,,,,,,19
2016-08-12,US.MNST,SELL,101,26.8630647,282.78,STRAT_EXIT,atr_breakout,2016-04-29,5.14,,,,,,105
2016-08-17,US.ADBE,SELL,9,99.7,-9.18,STRAT_EXIT,atr_breakout,2016-08-10,1.8,,,,,,7
2016-08-24,US.GOOG,SELL,27,38.103550301,-1.03,ATR_TRAIL,atr_breakout,2016-07-29,2.06,,,,,,26
2016-08-25,US.ROST,SELL,20,57.164568094,-1.14,ATR_TRAIL,atr_breakout,2016-08-12,2.29,,,,,,13
2016-08-25,US.ON,SELL,24,10.71,-0.26,ATR_TRAIL,atr_breakout,2016-08-24,0.51,,,,,,1
2016-08-29,US.CDNS,SELL,10,25.57,1.14,ACTIVE_REPLACEMENT,atr_breakout,2016-08-25,0.51,,US.TTWO,45.68,OBSERVATION_EVICT,,4
2016-09-09,US.SNPS,SELL,19,58.32,-4.53,ATR_TRAIL,atr_breakout,2016-08-18,2.22,,,,,,22
2016-09-09,US.ON,SELL,86,10.26,-65.38,STOP_LOSS,atr_breakout,2016-08-25,1.83,,,,,,15
2016-09-15,US.TTWO,SELL,26,44.17,-1.15,ATR_TRAIL,atr_breakout,2016-08-29,2.3,,,,,,17
2016-09-21,US.LSCC,SELL,153,6.137,-50.36,STOP_LOSS,atr_breakout,2016-09-15,1.93,,,,,,6
2016-09-21,US.NXPI,SELL,1,73.464785337,0.34,ACTIVE_REPLACEMENT,boll_mr,2016-09-12,0.15,,US.COHR,42.21,OBSERVATION_EVICT,,9
2016-09-26,US.SLV,SELL,136,18.41,138.94,STRAT_EXIT,atr_breakout,2016-06-29,4.87,,,,,,89
2016-09-27,US.ADBE,SELL,12,107.78,-1.29,ATR_TRAIL,atr_breakout,2016-09-21,2.59,,,,,,6
2016-09-29,US.DLR,SELL,30,70.204206786,350.25,STRAT_EXIT,atr_breakout,2016-03-08,3.86,,,,,,205
2016-09-30,US.COHR,SELL,51,23.47,-1.2,ATR_TRAIL,atr_breakout,2016-09-21,2.39,,,,,,9
2016-10-03,US.AAPL,SELL,38,25.753910434,87.08,STRAT_EXIT,atr_breakout,2016-07-27,1.87,Correction,,,,,68
2016-10-06,US.TSLA,SELL,70,13.399866,-60.2,STOP_LOSS,atr_breakout,2016-10-03,1.94,Bull,,,,,3
2016-10-07,US.LMT,SELL,9,174.418674269,-1.57,ATR_TRAIL,atr_breakout,2016-05-04,3.14,,,,,,156
2016-10-07,US.ROK,SELL,13,99.966172534,-29.96,STRAT_EXIT,atr_breakout,2016-09-30,2.63,,,,,,7
2016-10-11,US.STX,SELL,56,23.559963242,-126.11,STOP_LOSS,atr_breakout,2016-09-27,2.76,,,,,,14
2016-10-11,US.LRCX,SELL,155,8.527528128,-9.59,ATR_TRAIL,atr_breakout,2016-10-06,2.65,,,,,,5
2016-10-12,US.STM,SELL,147,7.19676363,-58.79,STOP_LOSS,atr_breakout,2016-10-07,2.17,,,,,,5
2016-10-13,US.FAST,SELL,47,7.428563287,-21.93,STOP_LOSS,boll_mr,2016-09-12,0.72,,,,,,31
2016-10-13,US.TSM,SELL,43,22.30356618075,-51.44,STOP_LOSS,atr_breakout,2016-10-07,1.97,,,,,,6
2016-10-17,US.AMZN,SELL,32,40.6475,-6.36,ATR_TRAIL,atr_breakout,2016-09-27,2.61,Sideways,,,,,20
2016-10-25,US.COHR,SELL,12,25.95,-2.71,ATR_TRAIL,atr_breakout,2016-10-21,0.63,,,,,,4
2016-10-26,US.GOOGL,SELL,10,40.713483075,-0.41,ATR_TRAIL,atr_breakout,2016-10-18,0.81,Bull,,,,,8
2016-10-26,US.META,SELL,12,129.89928553,-13.81,STRAT_EXIT,atr_breakout,2016-10-21,3.13,,,,,,5
2016-10-27,US.GOOG,SELL,10,39.415483308,-0.39,ATR_TRAIL,atr_breakout,2016-10-18,0.79,,,,,,9
2016-10-27,US.AMD,SELL,179,7.11,-71.08,STOP_LOSS,atr_breakout,2016-10-25,2.62,,,,,,2
2016-10-28,US.MDLZ,SELL,9,34.990253266,-0.31,ATR_TRAIL,atr_breakout,2016-10-26,0.63,,,,,,2
2016-11-01,US.SMCI,SELL,570,2.28,-92.5,STOP_LOSS,atr_breakout,2016-10-28,2.69,,,,,,4
2016-11-02,US.SCCO,SELL,104,17.109839447,-41.6,ATR_TRAIL,atr_breakout,2016-10-19,3.6,,,,,,14
2016-11-02,US.HWM,SELL,51,17.642162685,-50.05,STOP_LOSS,atr_breakout,2016-11-01,1.85,,,,,,1
2016-11-03,US.MDLZ,SELL,26,34.176158937,-40.5,STRAT_EXIT,atr_breakout,2016-10-28,1.82,,,,,,6
2016-11-03,US.KLAC,SELL,48,6.334757736,-2.82,ACTIVE_REPLACEMENT,atr_breakout,2016-10-26,0.61,,US.TTWO,51.52,OBSERVATION_EVICT,,8
2016-11-09,US.TMUS,SELL,29,48.9526873,-1.42,ATR_TRAIL,atr_breakout,2016-10-24,2.84,,,,,,16
2016-11-10,US.NXPI,SELL,16,84.689795714,-1.36,ATR_TRAIL,atr_breakout,2016-09-29,2.71,,,,,,42
2016-11-10,US.TTWO,SELL,24,45.875499999999995,-59.05,STOP_LOSS,atr_breakout,2016-11-03,2.26,,,,,,7
2016-11-17,US.LSCC,SELL,173,7.5,-9.95,ATR_TRAIL,atr_breakout,2016-11-03,2.6,,,,,,14
2016-11-17,US.GILD,SELL,22,53.361571903,-46.06,STRAT_EXIT,atr_breakout,2016-11-09,2.39,,,,,,8
2016-12-01,US.PCAR,SELL,49,27.649636813,-1.35,ATR_TRAIL,atr_breakout,2016-11-10,2.71,,,,,,21
2016-12-01,US.AMD,SELL,119,8.39,-9.33,ATR_TRAIL,atr_breakout,2016-11-17,2.01,,,,,,14
2016-12-01,US.MU,SELL,66,17.770708216550002,-62.9,STOP_LOSS,atr_breakout,2016-11-17,2.41,,,,,,14
2016-12-06,US.FANG,SELL,3,80.54177526080001,-12.96,STOP_LOSS,atr_breakout,2016-12-01,0.5,,,,,,5
2016-12-07,US.PCAR,SELL,10,31.27346482,21.75,ACTIVE_REPLACEMENT,atr_breakout,2016-12-01,0.6,,US.WDC,47.21,OBSERVATION_EVICT,,6
2016-12-12,US.WDC,SELL,26,43.95651324395,-61.29,STOP_LOSS,atr_breakout,2016-12-07,2.35,,,,,,5
2016-12-13,US.NFLX,SELL,405,12.378,2261.85,STRAT_EXIT,atr_breakout,2015-04-13,7.76,,,,,,610
2016-12-15,US.EMR,SELL,27,44.237426084,-1.19,ATR_TRAIL,atr_breakout,2016-11-10,2.39,,,,,,35
2016-12-15,US.EQIX,SELL,3,291.306329485,-19.39,STRAT_EXIT,atr_breakout,2016-12-12,1.77,,,,,,3
2017-01-03,US.ON,SELL,119,12.378499999999999,-79.0,STOP_LOSS,atr_breakout,2016-12-15,3.02,,,,,,19
2017-01-04,US.AEP,SELL,28,43.075217199,1.7,STRAT_EXIT,atr_breakout,2016-12-13,2.41,,,,,,22
2017-01-04,US.DLR,SELL,4,71.83373712,-0.29,ATR_TRAIL,atr_breakout,2017-01-03,0.57,,,,,,1
2017-01-05,US.DLR,SELL,20,74.1110748,-1.48,ATR_TRAIL,atr_breakout,2017-01-04,2.96,,,,,,1
2017-01-06,US.GDX,SELL,71,20.04521112895,-76.33,STOP_LOSS,atr_breakout,2017-01-05,2.92,,,,,,1
2017-01-12,US.ANET,SELL,262,6.04021875,-84.87,STOP_LOSS,atr_breakout,2017-01-04,3.25,,,,,,8
2017-01-17,US.IDXX,SELL,32,120.01,1137.28,STRAT_EXIT,atr_breakout,2016-04-29,6.54,,,,,,263
2017-01-18,US.AMD,SELL,103,9.45,-0.97,ATR_TRAIL,atr_breakout,2016-12-06,1.95,,,,,,43
2017-01-25,US.AMGN,SELL,12,115.808888665,-25.56,STRAT_EXIT,atr_breakout,2017-01-06,2.8,,,,,,19
2017-01-31,US.KLAC,SELL,227,7.24516457,-1.64,ATR_TRAIL,atr_breakout,2017-01-25,3.29,,,,,,6
2017-02-17,US.MDLZ,SELL,49,33.5393761959,-88.14,STOP_LOSS,atr_breakout,2016-12-15,3.37,,,,,,64
2017-02-21,US.ANET,SELL,227,7.44125,-1.69,ATR_TRAIL,atr_breakout,2017-02-17,3.38,,,,,,4
2017-02-24,US.ASML,SELL,15,104.655258033,-7.75,ATR_TRAIL,atr_breakout,2017-01-18,3.15,,,,,,37
2017-03-07,US.GLD,SELL,15,115.78,-2.79,ATR_TRAIL,atr_breakout,2017-01-17,3.47,,,,,,49
2017-03-07,US.SLV,SELL,74,16.55,-7.14,ATR_TRAIL,atr_breakout,2017-01-31,2.46,,,,,,35
2017-03-13,US.TXN,SELL,6,62.811103467,8.46,ACTIVE_REPLACEMENT,atr_breakout,2017-03-07,0.74,,US.ALGN,42.35,OBSERVATION_EVICT,,6
2017-03-15,US.ALGN,SELL,15,107.99,-1.62,ATR_TRAIL,atr_breakout,2017-03-13,3.24,,,,,,2
2017-03-21,US.INTU,SELL,14,113.009572837,-92.55,STOP_LOSS,atr_breakout,2017-02-24,3.26,,,,,,25
2017-03-22,US.ALGN,SELL,15,110.31,-1.65,ATR_TRAIL,atr_breakout,2017-03-15,3.31,,,,,,7
2017-03-24,US.PEP,SELL,4,84.325744633,0.72,ACTIVE_REPLACEMENT,atr_breakout,2017-03-21,0.67,,US.MU,49.39,OBSERVATION_EVICT,,3
2017-03-24,US.AEP,SELL,8,47.199118447,1.71,ACTIVE_REPLACEMENT,atr_breakout,2017-03-22,0.75,,US.ASML,48.63,OBSERVATION_EVICT,,2
2017-03-27,US.NVDA,SELL,6854,2.665992907,14153.88,STRAT_EXIT,atr_breakout,2015-09-30,22.37,Correction,,,,,544
2017-03-30,US.STM,SELL,190,14.215590784,1192.06,STRAT_EXIT,atr_breakout,2016-10-27,4.21,,,,,,154
2017-03-30,US.COHR,SELL,168,37.35,-350.67,STOP_LOSS,atr_breakout,2017-03-27,12.89,,,,,,3
2017-03-31,US.CCJ,SELL,126,10.480487175,338.16,STRAT_EXIT,atr_breakout,2016-11-02,2.3,,,,,,149
2017-04-05,US.ROK,SELL,12,131.042599989,187.66,STRAT_EXIT,atr_breakout,2016-12-01,2.96,,,,,,125
2017-04-11,US.QCOM,SELL,29,42.393712010449995,-65.94,STOP_LOSS,atr_breakout,2017-03-08,2.52,,,,,,34
2017-04-11,US.MU,SELL,64,26.341044556849997,-90.41,STOP_LOSS,atr_breakout,2017-03-24,3.46,,,,,,18
2017-04-12,US.WDC,SELL,125,56.79391412,-7.1,ATR_TRAIL,atr_breakout,2017-03-30,14.2,,,,,,13
2017-04-13,US.AMZN,SELL,115,44.2335,-15.84,ATR_TRAIL,atr_breakout,2017-03-31,10.18,Sideways,,,,,13
2017-04-19,US.ASML,SELL,14,108.06266254689999,-81.14,STOP_LOSS,atr_breakout,2017-03-24,3.11,,,,,,26
2017-04-19,US.GLD,SELL,9,121.73,-8.93,ACTIVE_REPLACEMENT,atr_breakout,2017-04-13,2.2,,US.ISRG,41.06,OBSERVATION_EVICT,,6
2017-04-20,US.GDX,SELL,138,21.44582933,-100.86,STRAT_EXIT,atr_breakout,2017-04-11,6.02,,,,,,9
2017-04-24,US.VRTX,SELL,8,117.66,27.46,ACTIVE_REPLACEMENT,atr_breakout,2017-04-05,1.85,,US.MSFT,40.68,OBSERVATION_EVICT,,19
2017-04-26,US.STX,SELL,106,29.050383663,-522.04,STOP_LOSS,atr_breakout,2017-04-11,6.68,,,,,,15
2017-05-01,US.ADP,SELL,20,85.013383624,243.82,STRAT_EXIT,atr_breakout,2016-11-02,3.16,,,,,,180
2017-05-04,US.TSLA,SELL,138,19.69713636,-254.52,STOP_LOSS,atr_breakout,2017-05-01,5.69,Bull,,,,,3
2017-05-17,US.COST,SELL,22,150.199289391,-8.97,ATR_TRAIL,atr_breakout,2017-04-26,6.61,,,,,,21
2017-05-18,US.MSFT,SELL,55,60.849856833,-3.35,ATR_TRAIL,atr_breakout,2017-04-24,6.69,Sideways,,,,,24
2017-05-19,US.XLI,SELL,5,56.606873905,3.4,ACTIVE_REPLACEMENT,boll_mr,2017-05-18,0.56,,US.QCOM,53.1,OBSERVATION_EVICT,,1
2017-05-24,US.ROST,SELL,4,56.471600775,1.35,ACTIVE_REPLACEMENT,boll_mr,2017-05-17,0.45,,US.INTU,40.84,OBSERVATION_EVICT,,7
2017-05-31,US.QCOM,SELL,83,44.547714105,-3.7,ATR_TRAIL,atr_breakout,2017-05-19,7.39,,,,,,12
2017-06-26,US.INTU,SELL,23,129.051474983,-2.97,ATR_TRAIL,atr_breakout,2017-05-24,5.94,,,,,,33
2017-06-27,US.FN,SELL,67,43.47,-187.83,STOP_LOSS,atr_breakout,2017-06-26,6.01,,,,,,1
2017-07-05,US.SBUX,SELL,89,47.583801569,-4.23,ATR_TRAIL,atr_breakout,2017-03-30,8.47,,,,,,97
2017-07-11,US.PEP,SELL,57,85.446377522,-4.87,ATR_TRAIL,atr_breakout,2017-04-12,9.74,,,,,,90
2017-07-14,US.GLW,SELL,28,24.614219691,11.95,ACTIVE_REPLACEMENT,atr_breakout,2017-06-28,1.37,,US.ASML,49.14,OBSERVATION_EVICT,,16
2017-07-18,US.TEAM,SELL,56,35.43,480.74,STRAT_EXIT,atr_breakout,2017-01-12,3.49,,,,,,187
2017-07-25,US.ISRG,SELL,47,104.989010448,711.64,STRAT_EXIT,atr_breakout,2017-04-19,9.15,,,,,,97
2017-07-27,US.NFLX,SELL,175,18.268,-19.3,ATR_TRAIL,atr_breakout,2017-07-18,6.41,,,,,,9
2017-08-02,US.ADP,SELL,36,94.770503614,-14.66,ATR_TRAIL,atr_breakout,2017-07-27,6.83,,,,,,6
2017-08-10,US.AAPL,SELL,95,36.177179442,-30.11,ATR_TRAIL,atr_breakout,2017-08-02,6.9,Correction,,,,,8
2017-08-21,US.LRCX,SELL,422,13.909845998,851.75,STRAT_EXIT,atr_breakout,2017-04-19,10.88,,,,,,124
2017-08-23,US.AMAT,SELL,51,40.029667028,350.7,STRAT_EXIT,atr_breakout,2017-02-21,3.73,,,,,,183
2017-09-08,US.XAR,SELL,42,70.246526641,125.05,STRAT_EXIT,atr_breakout,2017-07-05,5.77,,,,,,65
2017-09-13,US.REGN,SELL,6,430.752233239,-2.58,ATR_TRAIL,atr_breakout,2017-05-04,5.17,,,,,,132
2017-09-13,US.EQIX,SELL,6,387.717114419,-17.18,ATR_TRAIL,atr_breakout,2017-08-23,4.67,,,,,,21
2017-09-14,US.OKTA,SELL,122,28.785,-188.34,STOP_LOSS,atr_breakout,2017-09-08,7.21,,,,,,6
2017-09-18,US.COST,SELL,27,143.339301086,-53.9,STRAT_EXIT,atr_breakout,2017-09-13,7.79,,,,,,5
2017-09-18,US.AMZN,SELL,47,48.7095,-62.0,STRAT_EXIT,atr_breakout,2017-09-13,4.64,Sideways,,,,,5
2017-09-20,US.NXPI,SELL,32,99.166006113,71.54,STRAT_EXIT,atr_breakout,2017-05-31,6.27,,,,,,112
2017-09-20,US.MNST,SELL,143,27.69,-3.96,ATR_TRAIL,atr_breakout,2017-08-22,7.92,,,,,,29
2017-09-21,US.TSLA,SELL,134,24.43175568,-102.97,STRAT_EXIT,atr_breakout,2017-09-14,6.65,Bull,,,,,7
2017-09-21,US.NVDA,SELL,851,4.3965409575,-200.66,STOP_LOSS,atr_breakout,2017-09-18,7.68,Correction,,,,,3
2017-09-27,US.GLD,SELL,28,121.98,-9.86,ATR_TRAIL,atr_breakout,2017-08-10,6.84,,,,,,48
2017-09-27,US.KLAC,SELL,357,8.811615001,-3.15,ATR_TRAIL,atr_breakout,2017-09-18,6.29,,,,,,9
2017-09-27,US.HON,SELL,26,115.312203455,-32.56,STRAT_EXIT,atr_breakout,2017-09-21,6.03,,,,,,6
2017-09-28,US.HWM,SELL,149,25.58801968,-116.64,STRAT_EXIT,atr_breakout,2017-09-21,7.74,,,,,,7
2017-09-29,US.MU,SELL,82,37.021902415,-3.04,ATR_TRAIL,atr_breakout,2017-09-28,6.07,,,,,,1
2017-10-02,US.XAR,SELL,47,75.577104452,-3.55,ATR_TRAIL,atr_breakout,2017-09-27,7.1,,,,,,5
2017-10-23,US.COPX,SELL,230,22.068022393,863.66,STRAT_EXIT,atr_breakout,2017-07-11,9.28,,,,,,104
2017-10-25,US.STM,SELL,184,19.183752153,-3.53,ATR_TRAIL,atr_breakout,2017-10-23,7.06,,,,,,2
2017-11-08,US.ROST,SELL,47,58.536980757,-44.73,STRAT_EXIT,atr_breakout,2017-09-27,5.54,,,,,,42
2017-11-09,US.SNPS,SELL,30,85.69,-2.57,ATR_TRAIL,atr_breakout,2017-10-25,5.14,,,,,,15
2017-11-10,US.PPA,SELL,64,48.786215113,-3.12,ATR_TRAIL,atr_breakout,2017-10-02,6.24,,,,,,39
2017-11-14,US.URA,SELL,305,10.50247755825,-171.8,STOP_LOSS,atr_breakout,2017-11-09,6.58,,,,,,5
2017-11-15,US.XLI,SELL,52,60.649189478,-8.99,ATR_TRAIL,atr_breakout,2017-09-20,6.31,,,,,,56
2017-11-20,US.MNST,SELL,108,30.58,-3.3,ATR_TRAIL,atr_breakout,2017-11-10,6.61,,,,,,10
2017-11-24,US.CTAS,SELL,135,34.008988508,158.88,STRAT_EXIT,atr_breakout,2017-09-27,9.02,,,,,,58
2017-11-27,US.LSCC,SELL,558,6.08,-181.95,STOP_LOSS,atr_breakout,2017-11-08,6.96,,,,,,19
2017-11-29,US.AMAT,SELL,64,47.368136199,-3.03,ATR_TRAIL,atr_breakout,2017-09-29,6.06,,,,,,61
2017-11-29,US.OKTA,SELL,113,29.41,-214.63,STOP_LOSS,atr_breakout,2017-11-24,6.86,,,,,,5
2017-12-04,US.ISRG,SELL,19,123.3154335,-216.09,STOP_LOSS,atr_breakout,2017-11-27,4.9,,,,,,7
2017-12-04,US.ORLY,SELL,218,15.754666745,-3.43,ATR_TRAIL,atr_breakout,2017-11-29,6.87,,,,,,5
2017-12-07,US.CMCSA,SELL,105,27.930466638,-191.02,STOP_LOSS,atr_breakout,2017-12-04,6.05,,,,,,3
2017-12-11,US.DXCM,SELL,45,14.6125,-35.31,STOP_LOSS,atr_breakout,2017-12-08,1.35,,,,,,3
2017-12-14,US.MRVL,SELL,160,20.468235955,-3.27,ATR_TRAIL,atr_breakout,2017-11-20,6.55,,,,,,24
2017-12-19,US.TXN,SELL,9,82.222374397,26.63,ACTIVE_REPLACEMENT,atr_breakout,2017-12-14,1.45,,US.AA,46.76,OBSERVATION_EVICT,,5
2017-12-29,US.TTWO,SELL,64,109.78,3048.97,STRAT_EXIT,atr_breakout,2017-04-20,11.0,,,,,,253
2017-12-29,US.ASML,SELL,28,154.068390143,892.25,STRAT_EXIT,atr_breakout,2017-07-14,7.73,,,,,,168
2018-01-02,US.SLV,SELL,55,16.21,11.21,ACTIVE_REPLACEMENT,atr_breakout,2017-12-29,1.77,,US.ON,44.46,OBSERVATION_EVICT,,4
2018-01-03,US.ON,SELL,180,21.81,-3.93,ATR_TRAIL,atr_breakout,2018-01-02,7.85,,,,,,1
2018-01-31,US.CDNS,SELL,97,44.86,792.99,STRAT_EXIT,atr_breakout,2017-07-25,7.91,,,,,,190
2018-02-01,US.TTWO,SELL,31,120.3365,-200.07,STOP_LOSS,atr_breakout,2018-01-31,7.66,,,,,,1
2018-02-05,US.PEP,SELL,37,87.889016035,-17.53,ATR_TRAIL,atr_breakout,2017-11-14,6.52,,,,,,83
2018-02-05,US.ORLY,SELL,234,16.432666748,-64.69,ATR_TRAIL,atr_breakout,2017-12-04,7.75,,,,,,63
2018-02-05,US.NVDA,SELL,748,5.24650025,-3.92,ATR_TRAIL,atr_breakout,2018-01-03,7.85,Correction,,,,,33
2018-02-05,US.IDXX,SELL,20,180.39,-274.81,STOP_LOSS,atr_breakout,2018-02-01,7.49,,,,,,4
2018-02-06,US.COST,SELL,26,158.613738048,-4.12,ATR_TRAIL,atr_breakout,2017-11-29,8.25,,,,,,69
2018-02-08,US.AA,SELL,74,43.777198528,-41.29,ATR_TRAIL,atr_breakout,2017-12-19,6.52,,,,,,51
2018-03-01,US.GLD,SELL,39,123.65,-4.82,ATR_TRAIL,atr_breakout,2017-12-29,9.64,,,,,,62
2018-03-01,US.OKTA,SELL,35,36.4,-77.92,STOP_LOSS,atr_breakout,2018-02-28,2.62,,,,,,1
2018-03-05,US.NFLX,SELL,52,30.105,-1.57,ATR_TRAIL,atr_breakout,2018-03-02,3.13,,,,,,3
2018-03-06,US.PANW,SELL,26,30.536361116,11.99,ACTIVE_REPLACEMENT,atr_breakout,2018-03-05,1.58,,US.LRCX,51.61,OBSERVATION_EVICT,,1
2018-03-13,US.NFLX,SELL,171,31.5,-5.39,ATR_TRAIL,atr_breakout,2018-03-05,10.77,,,,,,8
2018-03-14,US.TEAM,SELL,25,59.98,43.75,ACTIVE_REPLACEMENT,atr_breakout,2018-03-02,2.95,,US.COHR,47.16,OBSERVATION_EVICT,,12
2018-03-19,US.WDAY,SELL,6,131.6,-8.71,ATR_TRAIL,atr_breakout,2018-03-05,1.59,,,,,,14
2018-03-21,US.DXCM,SELL,54,16.2275,-0.88,ATR_TRAIL,atr_breakout,2018-03-13,1.75,,,,,,8
2018-03-22,US.COHR,SELL,89,44.8,-3.99,ATR_TRAIL,atr_breakout,2018-03-14,7.97,,,,,,8
2018-03-23,US.VRTX,SELL,18,160.93,-223.04,STOP_LOSS,atr_breakout,2018-03-05,6.01,,,,,,18
2018-03-23,US.LRCX,SELL,190,18.029517741,-94.81,ATR_TRAIL,atr_breakout,2018-03-06,6.94,,,,,,17
2018-03-27,US.MU,SELL,132,50.744193432,-6.7,ATR_TRAIL,atr_breakout,2018-03-05,13.4,,,,,,22
2018-03-28,US.BKNG,SELL,95,79.669262447,-7.57,ATR_TRAIL,atr_breakout,2018-02-28,15.14,,,,,,28
2018-03-28,US.FANG,SELL,9,96.126579203,-60.45,STOP_LOSS,atr_breakout,2018-03-26,1.79,,,,,,2
2018-04-02,US.GLD,SELL,29,127.26,-13.84,STRAT_EXIT,atr_breakout,2018-03-23,7.39,,,,,,10
2018-04-03,US.GDX,SELL,45,20.087752245,-22.77,STRAT_EXIT,atr_breakout,2018-03-26,1.83,,,,,,8
2018-04-06,US.ROST,SELL,54,71.400605053,-119.78,STRAT_EXIT,atr_breakout,2018-04-05,7.83,,,,,,1
2018-04-10,US.PANW,SELL,205,31.096355512849996,-341.89,STOP_LOSS,atr_breakout,2018-04-05,13.09,,,,,,5
2018-04-13,US.VRSK,SELL,12,100.227221534,-13.18,STRAT_EXIT,atr_breakout,2018-04-10,2.42,,,,,,3
2018-04-17,US.BKR,SELL,37,26.84144195,19.59,ACTIVE_REPLACEMENT,atr_breakout,2018-04-12,1.97,,US.NFLX,45.81,OBSERVATION_EVICT,,5
2018-04-18,US.AA,SELL,25,56.55427561,207.57,ACTIVE_REPLACEMENT,atr_breakout,2018-04-09,2.62,,US.ISRG,41.07,OBSERVATION_EVICT,,9
2018-04-20,US.GDX,SELL,186,20.821216499,-10.69,STRAT_EXIT,atr_breakout,2018-04-11,7.75,,,,,,9
2018-04-23,US.COST,SELL,25,173.210341878,-31.88,STRAT_EXIT,atr_breakout,2018-04-16,8.69,,,,,,7
2018-04-23,US.NFLX,SELL,112,31.869,-198.11,STOP_LOSS,atr_breakout,2018-04-17,7.33,,,,,,6
2018-04-23,US.ISRG,SELL,21,149.158008405,-167.99,STOP_LOSS,atr_breakout,2018-04-18,6.43,,,,,,5
2018-04-24,US.CSCO,SELL,117,34.600815509,774.3,STRAT_EXIT,atr_breakout,2017-11-16,7.32,,,,,,159
2018-04-24,US.FTNT,SELL,426,11.214,-18.41,ATR_TRAIL,atr_breakout,2018-04-10,9.57,,,,,,14
2018-04-24,US.LMT,SELL,13,265.756005224,-234.17,STOP_LOSS,atr_breakout,2018-04-23,7.14,,,,,,1
2018-04-25,US.OKTA,SELL,73,41.153999999999996,-161.12,STOP_LOSS,atr_breakout,2018-04-23,6.17,,,,,,2
2018-04-26,US.CIEN,SELL,39,25.5075,-53.35,STOP_LOSS,atr_breakout,2018-04-24,2.04,,,,,,2
2018-05-02,US.PEP,SELL,13,75.210583351,-54.78,STOP_LOSS,boll_mr,2018-04-23,2.01,,,,,,9
2018-05-04,US.GE,SELL,49,65.16297181925,-171.24,STOP_LOSS,atr_breakout,2018-04-20,6.55,,,,,,14
2018-05-15,US.MELI,SELL,8,288.664200464,-2.31,ATR_TRAIL,atr_breakout,2017-12-11,4.62,,,,,,155
2018-06-04,US.TTD,SELL,410,8.022,-3.29,ATR_TRAIL,atr_breakout,2018-05-15,6.58,,,,,,20
2018-06-06,US.GILD,SELL,63,51.706650042,-3.26,ATR_TRAIL,atr_breakout,2018-06-04,6.52,,,,,,2
2018-06-14,US.URA,SELL,279,11.1759888353,-167.23,STOP_LOSS,atr_breakout,2018-06-06,6.4,,,,,,8
2018-06-18,US.CMCSA,SELL,129,24.248486113,-122.18,STRAT_EXIT,atr_breakout,2018-06-14,6.38,,,,,,4
2018-06-25,US.AAPL,SELL,82,42.922108061,-21.95,ATR_TRAIL,atr_breakout,2018-05-04,7.06,Bull,,,,,52
2018-06-25,US.GOOG,SELL,55,55.25220480195,-162.98,STOP_LOSS,atr_breakout,2018-06-18,6.24,,,,,,7
2018-07-05,US.EQIX,SELL,8,368.280334422,-2.95,ATR_TRAIL,atr_breakout,2018-06-26,5.89,,,,,,9
2018-07-09,US.AEP,SELL,57,50.327508637,-9.99,ATR_TRAIL,atr_breakout,2018-06-25,5.74,,,,,,14
2018-07-16,US.CPRT,SELL,466,14.6075,2855.6,STRAT_EXIT,atr_breakout,2017-09-20,10.75,,,,,,299
2018-07-17,US.MELI,SELL,11,343.25,-3.78,ATR_TRAIL,atr_breakout,2018-07-16,7.55,,,,,,1
2018-07-23,US.MELI,SELL,10,359.8,-3.6,ATR_TRAIL,atr_breakout,2018-07-17,7.2,,,,,,6
2018-07-24,US.PEP,SELL,8,89.570981721,35.19,ACTIVE_REPLACEMENT,atr_breakout,2018-06-25,1.4,,US.GOOG,52.64,OBSERVATION_EVICT,,29
2018-07-26,US.META,SELL,24,172.643922222,-4.14,ATR_TRAIL,atr_breakout,2018-04-26,8.29,,,,,,91
2018-07-27,US.CTAS,SELL,18,47.206437708,-1.22,ATR_TRAIL,atr_breakout,2018-07-23,1.7,,,,,,4
2018-08-08,US.EQIX,SELL,8,384.161887305,47.4,STRAT_EXIT,atr_breakout,2018-07-05,6.1,,,,,,34
2018-08-09,US.AMGN,SELL,20,152.150979659,-6.18,ATR_TRAIL,atr_breakout,2018-07-09,6.09,,,,,,31
2018-08-16,US.CDNS,SELL,145,45.37,759.02,STRAT_EXIT,atr_breakout,2018-04-24,12.39,,,,,,114
2018-08-24,US.ROST,SELL,34,84.930585186,-2.89,ATR_TRAIL,atr_breakout,2018-08-08,5.78,,,,,,16
2018-09-05,US.CCJ,SELL,630,9.42371603,-5.94,ATR_TRAIL,atr_breakout,2018-04-03,11.87,,,,,,155
2018-09-05,US.GOOG,SELL,62,58.76567737295,-195.41,STOP_LOSS,atr_breakout,2018-07-24,7.48,,,,,,43
2018-09-07,US.TEAM,SELL,50,86.11,-4.31,ATR_TRAIL,atr_breakout,2018-08-24,8.61,,,,,,14
2018-09-07,US.XEL,SELL,138,38.215805772,-71.37,STRAT_EXIT,atr_breakout,2018-09-05,10.61,,,,,,2
2018-09-10,US.AVGO,SELL,297,18.769254422,-5.57,ATR_TRAIL,atr_breakout,2018-09-07,11.15,,,,,,3
2018-09-12,US.AVGO,SELL,241,18.455550342149998,-238.54,STOP_LOSS,atr_breakout,2018-09-10,9.13,,,,,,2
2018-09-18,US.OKTA,SELL,62,68.324,-227.19,STOP_LOSS,atr_breakout,2018-09-07,8.7,,,,,,11
2018-09-19,US.EXC,SELL,128,23.183916092,-2.97,ATR_TRAIL,atr_breakout,2018-08-09,5.94,,,,,,41
2018-09-25,US.PCAR,SELL,94,33.871128002,-34.64,ATR_TRAIL,atr_breakout,2018-09-05,6.4,,,,,,20
2018-09-27,US.CAT,SELL,32,129.495431448,-12.08,ATR_TRAIL,atr_breakout,2018-09-19,8.3,,,,,,8
2018-10-01,US.TTD,SELL,196,14.352,-221.55,STOP_LOSS,atr_breakout,2018-09-25,5.84,,,,,,6
2018-10-04,US.NVDA,SELL,417,6.908810415,-106.76,STRAT_EXIT,atr_breakout,2018-10-01,5.87,Correction,,,,,3
2018-10-10,US.TMUS,SELL,71,63.717865888,-92.11,ATR_TRAIL,atr_breakout,2018-09-12,9.14,,,,,,28
2018-10-10,US.XAR,SELL,47,88.780049292,-312.42,STOP_LOSS,atr_breakout,2018-09-18,8.65,,,,,,22
2018-10-10,US.HWM,SELL,123,21.38890961,-202.21,STOP_LOSS,atr_breakout,2018-10-08,5.46,,,,,,2
2018-10-11,US.QQQ,SELL,125,160.825461412,7624.21,MA200_BREAK,core_etf,2016-06-30,32.56,,,,,,833
2018-10-11,US.CSCO,SELL,130,35.411244793,-81.47,ATR_TRAIL,atr_breakout,2018-08-16,9.28,,,,,,56
2018-10-11,US.CCJ,SELL,388,11.005658062,-4.27,ATR_TRAIL,atr_breakout,2018-09-27,8.54,,,,,,14
2018-10-12,US.GE,SELL,14,59.187838652,-58.72,STOP_LOSS,atr_breakout,2018-10-05,1.72,,,,,,7
2018-10-22,US.GLD,SELL,80,115.71,-14.86,STRAT_EXIT,atr_breakout,2018-10-11,18.52,,,,,,11
2018-10-23,US.KDP,SELL,56,19.638626725,-8.05,STRAT_EXIT,atr_breakout,2018-10-16,2.21,,,,,,7
2018-10-24,US.QCOM,SELL,76,51.219915031,-27.91,ATR_TRAIL,atr_breakout,2018-07-26,7.81,,,,,,90
2018-10-24,US.XLI,SELL,35,60.948544595,-143.73,STOP_LOSS,boll_mr,2018-10-12,4.41,,,,,,12
2018-10-24,US.PAYX,SELL,11,50.665662653,-36.17,STOP_LOSS,boll_mr,2018-10-12,1.15,,,,,,12
2018-10-24,US.QQQ,SELL,58,156.767488777,-505.23,MA200_BREAK,core_etf,2018-10-12,18.68,,,,,,12
2018-10-29,US.GDX,SELL,548,17.306547478099997,-508.64,STOP_LOSS,atr_breakout,2018-10-11,19.47,,,,,,18
2018-10-29,US.VOO,SELL,2,213.30502948954998,-22.88,STOP_LOSS,boll_mr,2018-10-12,0.88,,,,,,17
2018-10-29,US.CDNS,SELL,146,44.2,-393.35,STOP_LOSS,atr_breakout,2018-10-23,13.29,,,,,,6
2018-11-02,US.QQQ,SELL,76,160.61589475,-206.23,MA200_BREAK,core_etf,2018-11-01,24.61,,,,,,1
2018-11-08,US.KDP,SELL,274,22.856581988,-6.26,ATR_TRAIL,atr_breakout,2018-11-07,12.53,,,,,,1
2018-11-09,US.COHR,SELL,25,38.01,-207.2,STOP_LOSS,atr_breakout,2018-11-07,2.11,,,,,,2
2018-11-09,US.QQQ,SELL,4,162.654406825,-16.12,MA200_BREAK,core_etf,2018-11-07,1.32,,,,,,2
2018-11-12,US.WDAY,SELL,31,133.1,-349.47,STOP_LOSS,atr_breakout,2018-11-07,8.6,,,,,,5
2018-11-13,US.CSCO,SELL,28,36.213856869,-63.49,STOP_LOSS,atr_breakout,2018-11-07,2.09,,,,,,6
2018-11-14,US.CIEN,SELL,212,32.94,-386.46,STOP_LOSS,atr_breakout,2018-11-07,14.35,,,,,,7
2018-11-14,US.COST,SELL,24,210.63733106,-145.68,STRAT_EXIT,atr_breakout,2018-11-07,10.25,,,,,,7
2018-11-20,US.KDP,SELL,248,21.764628017,-448.53,STOP_LOSS,atr_breakout,2018-11-08,11.24,,,,,,12
2018-11-20,US.FAST,SELL,460,11.439171573,-50.87,ATR_TRAIL,atr_breakout,2018-11-14,10.57,,,,,,6
2018-11-21,US.XEL,SELL,104,40.163124258,-33.81,STRAT_EXIT,atr_breakout,2018-11-12,8.38,,,,,,9
2018-11-26,US.ORLY,SELL,306,23.39933345,1902.08,STRAT_EXIT,atr_breakout,2018-04-26,12.41,,,,,,214
2018-11-26,US.PDD,SELL,38,21.22,-73.77,STOP_LOSS,atr_breakout,2018-11-20,1.69,,,,,,6
2018-11-28,US.CTAS,SELL,31,42.662388193,-1.32,ATR_TRAIL,atr_breakout,2018-11-16,2.65,,,,,,12
2018-11-29,US.GLD,SELL,13,115.74,25.02,STRAT_EXIT,boll_mr,2018-11-13,2.98,,,,,,16
2018-12-03,US.AMGN,SELL,25,160.180874618,-4.0,ATR_TRAIL,atr_breakout,2018-11-28,8.01,,,,,,5
2018-12-04,US.PAYX,SELL,119,55.202918463,-153.5,STRAT_EXIT,atr_breakout,2018-11-28,13.29,,,,,,6
2018-12-06,US.VRSK,SELL,9,111.4374204442,-53.79,STOP_LOSS,atr_breakout,2018-11-09,2.06,,,,,,27
2018-12-06,US.CTAS,SELL,191,41.411858583,-470.93,STOP_LOSS,atr_breakout,2018-11-28,16.28,,,,,,8
2018-12-06,US.TEAM,SELL,43,83.9,-3.61,ATR_TRAIL,atr_breakout,2018-11-29,7.22,,,,,,7
2018-12-07,US.LSCC,SELL,1000,6.6405,-356.14,STOP_LOSS,atr_breakout,2018-12-06,13.63,,,,,,1
2018-12-07,US.ZS,SELL,29,40.39,-76.28,STOP_LOSS,atr_breakout,2018-12-06,2.42,,,,,,1
2018-12-07,US.OKTA,SELL,17,62.38,-78.75,STOP_LOSS,atr_breakout,2018-12-06,2.2,,,,,,1
2018-12-14,US.SBUX,SELL,173,54.6702861637,-507.25,STOP_LOSS,atr_breakout,2018-11-07,19.41,,,,,,37
2018-12-14,US.GDX,SELL,269,18.446625978,-24.69,STRAT_EXIT,atr_breakout,2018-12-07,9.94,,,,,,7
2018-12-14,US.GLD,SELL,35,117.06,-40.15,STRAT_EXIT,atr_breakout,2018-12-07,8.23,,,,,,7
2018-12-17,US.SMCI,SELL,756,1.5105,-61.24,STOP_LOSS,atr_breakout,2018-12-06,2.34,,,,,,11
2018-12-18,US.GDX,SELL,47,18.895872833,-0.89,ATR_TRAIL,atr_breakout,2018-12-17,1.78,,,,,,1
2018-12-19,US.REGN,SELL,13,357.745229282,-287.15,STOP_LOSS,atr_breakout,2018-12-03,9.58,,,,,,16
2018-12-19,US.GDX,SELL,207,18.290764824,-220.14,STOP_LOSS,atr_breakout,2018-12-18,7.79,,,,,,1
2018-12-20,US.AVGO,SELL,174,19.72252876525,-184.05,STOP_LOSS,atr_breakout,2018-12-12,7.04,,,,,,8
2018-12-21,US.EQIX,SELL,1,304.080703986,-18.24,STOP_LOSS,boll_mr,2018-12-18,0.63,,,,,,3
2018-12-24,US.EXC,SELL,155,23.807522619,-270.86,STOP_LOSS,atr_breakout,2018-12-04,7.65,,,,,,20
2019-01-08,US.VRT,SELL,999,9.748392504,-268.11,STRAT_EXIT,atr_breakout,2018-11-27,19.74,,,,,,42
2019-01-09,US.NFLX,SELL,32,31.995999999,70.62,ACTIVE_REPLACEMENT,atr_breakout,2019-01-04,1.98,,US.FN,59.1,OBSERVATION_EVICT,,5
2019-01-09,US.GDX,SELL,50,19.650244697,-8.36,ACTIVE_REPLACEMENT,atr_breakout,2019-01-03,1.97,,US.PDD,52.85,OBSERVATION_EVICT,,6
2019-01-14,US.FN,SELL,79,54.18,-10.6,ATR_TRAIL,atr_breakout,2019-01-09,8.57,,,,,,5
2019-01-14,US.PDD,SELL,116,24.262999999999998,-150.95,STOP_LOSS,atr_breakout,2019-01-09,5.78,,,,,,5
2019-01-16,US.EA,SELL,33,85.002331432,-2.81,ATR_TRAIL,atr_breakout,2019-01-07,5.61,,,,,,9
2019-01-17,US.SNPS,SELL,9,89.14,0.91,ACTIVE_REPLACEMENT,atr_breakout,2019-01-16,1.6,,US.FAST,54.22,OBSERVATION_EVICT,,1
2019-01-18,US.NFLX,SELL,123,33.690799999999996,-222.25,STOP_LOSS,atr_breakout,2019-01-15,8.51,,,,,,3
2019-01-23,US.CDNS,SELL,65,45.27,-2.94,ATR_TRAIL,atr_breakout,2019-01-15,5.89,,,,,,8
2019-01-24,US.GE,SELL,26,42.225121296,90.29,ACTIVE_REPLACEMENT,atr_breakout,2019-01-02,2.1,,US.ADI,52.35,OBSERVATION_EVICT,,22
2019-01-24,US.GLD,SELL,8,121.09,13.83,ACTIVE_REPLACEMENT,atr_breakout,2018-12-20,1.92,,US.LRCX,46.97,OBSERVATION_EVICT,,35
2019-02-06,US.QQQ,SELL,63,162.166128231,-40.91,MA200_BREAK,core_etf,2019-02-05,20.46,,,,,,1
2019-03-05,US.SLV,SELL,359,14.11,-5.07,ATR_TRAIL,atr_breakout,2018-12-26,10.13,,,,,,69
2019-03-07,US.QQQ,SELL,62,163.035449927,2.33,MA200_BREAK,core_etf,2019-02-14,20.2,,,,,,21
2019-03-07,US.VRT,SELL,187,9.917497272,-7.44,STRAT_EXIT,atr_breakout,2019-03-05,3.71,,,,,,2
2019-03-08,US.ROST,SELL,51,82.657179252,-4.22,ATR_TRAIL,atr_breakout,2019-01-07,8.43,,,,,,60
2019-03-13,US.XEL,SELL,17,45.178741582,14.55,ACTIVE_REPLACEMENT,atr_breakout,2019-03-07,1.52,,US.MELI,51.47,OBSERVATION_EVICT,,6
2019-03-15,US.MELI,SELL,4,482.5335,-103.52,STOP_LOSS,atr_breakout,2019-03-13,3.96,,,,,,2
2019-03-20,US.FAST,SELL,331,13.030145132,388.29,STRAT_EXIT,atr_breakout,2019-01-17,8.23,,,,,,62
2019-03-21,US.RTX,SELL,64,64.317251429,316.98,STRAT_EXIT,atr_breakout,2019-01-23,7.91,,,,,,57
2019-03-26,US.AAPL,SELL,57,44.16259177639999,-135.01,STOP_LOSS,atr_breakout,2019-03-21,5.17,Correction,,,,,5
2019-03-27,US.ASML,SELL,13,164.68480677005,-114.82,STOP_LOSS,atr_breakout,2019-03-15,4.39,,,,,,12
2019-03-27,US.GOOG,SELL,41,57.63046129555,-126.72,STOP_LOSS,atr_breakout,2019-03-20,4.85,,,,,,7
2019-03-29,US.LRCX,SELL,228,16.305407922,394.35,STRAT_EXIT,atr_breakout,2019-01-24,7.04,,,,,,64
2019-04-01,US.ADP,SELL,4,138.27700442,17.47,ACTIVE_REPLACEMENT,atr_breakout,2019-03-27,1.09,,US.CDNS,49.06,OBSERVATION_EVICT,,5
2019-04-04,US.SNPS,SELL,18,115.15,-2.07,ATR_TRAIL,atr_breakout,2019-03-29,4.15,,,,,,6
2019-04-09,US.CTAS,SELL,91,47.676150299,415.68,STRAT_EXIT,atr_breakout,2019-01-18,8.26,,,,,,81
2019-04-22,US.ROST,SELL,29,90.890382633,-2.64,ATR_TRAIL,atr_breakout,2019-04-04,5.27,,,,,,18
2019-04-26,US.FANG,SELL,25,82.977323666,-79.55,STRAT_EXIT,atr_breakout,2019-04-22,4.23,,,,,,4
2019-05-02,US.BKR,SELL,179,18.987804561,-3.4,ATR_TRAIL,atr_breakout,2019-01-08,6.8,,,,,,114
2019-05-03,US.IDXX,SELL,2,250.47,15.76,ACTIVE_REPLACEMENT,atr_breakout,2019-05-02,0.99,,US.MELI,48.11,OBSERVATION_EVICT,,1
2019-05-07,US.MELI,SELL,5,539.41,-200.35,STOP_LOSS,atr_breakout,2019-05-03,5.59,,,,,,4
2019-05-20,US.CDNS,SELL,41,64.62,-10.03,ATR_TRAIL,atr_breakout,2019-04-01,5.31,,,,,,49
2019-05-20,US.TEAM,SELL,23,124.55,-16.2,ATR_TRAIL,atr_breakout,2019-05-09,5.74,,,,,,11
2019-05-31,US.TMUS,SELL,31,70.230227688,-145.96,STOP_LOSS,atr_breakout,2019-05-20,4.5,,,,,,11
2019-06-03,US.QQQ,SELL,75,162.079972353,-320.25,MA200_BREAK,core_etf,2019-03-11,24.62,,,,,,84
2019-07-09,US.MNST,SELL,96,32.38,242.17,STRAT_EXIT,atr_breakout,2019-04-26,5.97,,,,,,74
2019-07-18,US.AMZN,SELL,29,98.895,-17.95,ATR_TRAIL,atr_breakout,2019-07-09,5.75,Sideways,,,,,9
2019-07-22,US.KLAC,SELL,240,12.238103548,-2.94,ATR_TRAIL,atr_breakout,2019-07-18,5.87,,,,,,4
2019-07-25,US.AMAT,SELL,61,47.436622553,-2.89,ATR_TRAIL,atr_breakout,2019-07-22,5.79,,,,,,3
2019-08-02,US.CIEN,SELL,48,42.81,-136.93,STOP_LOSS,atr_breakout,2019-07-25,4.24,,,,,,8
2019-08-23,US.COST,SELL,18,248.720228417,760.23,STRAT_EXIT,atr_breakout,2019-03-08,8.19,,,,,,168
2019-09-09,US.VRSK,SELL,21,152.866978286,572.21,STRAT_EXIT,atr_breakout,2019-03-26,5.84,,,,,,167
2019-09-13,US.SLV,SELL,145,16.31,-8.16,ATR_TRAIL,atr_breakout,2019-08-23,4.74,,,,,,21
2019-09-19,US.ADI,SELL,43,102.947526403,858.94,STRAT_EXIT,atr_breakout,2019-01-24,7.99,,,,,,238
2019-09-20,US.COPX,SELL,354,15.6266555,-129.15,STRAT_EXIT,atr_breakout,2019-09-13,11.19,,,,,,7
2019-09-23,US.TMUS,SELL,15,76.465264242,-16.07,STRAT_EXIT,atr_breakout,2019-09-19,2.31,,,,,,4
2019-09-24,US.EMR,SELL,118,54.969952137,-6.49,ATR_TRAIL,atr_breakout,2019-09-09,12.97,,,,,,15
2019-09-26,US.ISRG,SELL,6,181.0948557,2.57,ACTIVE_REPLACEMENT,atr_breakout,2019-09-24,2.17,,US.TSM,46.94,OBSERVATION_EVICT,,2
2019-09-30,US.AEP,SELL,67,72.826178843,-53.97,STRAT_EXIT,atr_breakout,2019-09-24,9.81,,,,,,6
2019-10-02,US.CTAS,SELL,41,60.302540517,302.48,STRAT_EXIT,atr_breakout,2019-05-21,4.64,,,,,,134
2019-10-07,US.DLR,SELL,11,102.072391626,-14.69,STRAT_EXIT,atr_breakout,2019-09-30,2.26,,,,,,7
2019-10-11,US.HON,SELL,3,142.410149111,5.11,ACTIVE_REPLACEMENT,boll_mr,2019-10-03,0.85,,US.AAPL,55.17,OBSERVATION_EVICT,,8
2019-10-11,US.WDAY,SELL,7,180.44,16.94,ACTIVE_REPLACEMENT,atr_breakout,2019-10-07,2.51,,US.ASML,55.11,OBSERVATION_EVICT,,4
2019-10-16,US.ASML,SELL,20,234.386007403,-110.95,ATR_TRAIL,atr_breakout,2019-10-11,9.48,,,,,,5
2019-10-24,US.ALGN,SELL,5,249.47,188.3,ACTIVE_REPLACEMENT,atr_breakout,2019-10-16,2.31,,US.AMAT,44.53,OBSERVATION_EVICT,,8
2019-10-30,US.AMAT,SELL,93,51.727328483,-4.81,ATR_TRAIL,atr_breakout,2019-10-24,9.62,,,,,,6
2019-11-04,US.GDX,SELL,147,25.364668577,799.71,STRAT_EXIT,atr_breakout,2019-05-31,6.65,,,,,,157
2019-11-04,US.EQIX,SELL,12,478.796952121,-413.08,STOP_LOSS,atr_breakout,2019-09-23,11.9,,,,,,42
2019-11-05,US.AVGO,SELL,222,25.864593283,-5.74,ATR_TRAIL,atr_breakout,2019-11-04,11.48,,,,,,1
2019-11-07,US.GLD,SELL,15,137.79,-2.07,ATR_TRAIL,atr_breakout,2019-08-05,4.13,,,,,,94
2019-11-14,US.MRVL,SELL,177,26.011272462,-4.6,ATR_TRAIL,atr_breakout,2019-11-04,9.21,,,,,,10
2019-11-15,US.HWM,SELL,174,29.762266454,-5.18,ATR_TRAIL,atr_breakout,2019-11-14,10.36,,,,,,1
2019-11-19,US.SBUX,SELL,43,72.347052154,394.19,STRAT_EXIT,atr_breakout,2019-03-28,5.82,,,,,,236
2019-11-21,US.AMAT,SELL,89,53.197490675,-458.24,STOP_LOSS,atr_breakout,2019-11-15,9.92,,,,,,6
2019-12-02,US.CPRT,SELL,163,21.9625,-3.58,ATR_TRAIL,atr_breakout,2019-11-21,7.16,,,,,,11
2019-12-03,US.VRT,SELL,464,10.295496165,-4.78,ATR_TRAIL,atr_breakout,2019-12-02,9.55,,,,,,1
2019-12-06,US.AVGO,SELL,181,26.811747403,26.33,STRAT_EXIT,atr_breakout,2019-11-05,9.67,,,,,,31
2020-01-03,US.VRTX,SELL,22,215.0,-4.73,ATR_TRAIL,atr_breakout,2019-11-19,9.46,,,,,,45
2020-01-23,US.GE,SELL,99,56.848766347,793.19,STRAT_EXIT,atr_breakout,2019-10-30,10.46,,,,,,85
2020-01-29,US.STX,SELL,99,47.43733965,-303.14,STOP_LOSS,atr_breakout,2020-01-23,9.69,,,,,,6
2020-02-03,US.GE,SELL,79,59.217464945,-264.36,STOP_LOSS,atr_breakout,2020-01-29,9.62,,,,,,5
2020-02-07,US.ADBE,SELL,2,366.09,15.45,ACTIVE_REPLACEMENT,atr_breakout,2020-02-03,1.45,,US.TMUS,53.41,OBSERVATION_EVICT,,4
2020-02-10,US.ORLY,SELL,54,25.72790012825,-74.51,STOP_LOSS,boll_mr,2020-02-03,2.85,,,,,,7
2020-02-14,US.TSM,SELL,140,50.947483941,1546.1,STRAT_EXIT,atr_breakout,2019-09-26,12.71,,,,,,141
2020-02-24,US.NVDA,SELL,748,6.793331973,-312.07,STOP_LOSS,atr_breakout,2020-02-14,10.47,Correction,,,,,10
2020-02-25,US.LMT,SELL,13,331.90339404,-150.4,ATR_TRAIL,atr_breakout,2020-01-03,8.78,,,,,,53
2020-03-06,US.VRT,SELL,462,9.80907127385,-243.05,STOP_LOSS,atr_breakout,2019-12-03,9.3,,,,,,94
2020-03-06,US.TMUS,SELL,56,81.705755088,-4.58,ATR_TRAIL,atr_breakout,2020-02-07,9.15,,,,,,28
2020-03-09,US.QQQ,SELL,74,185.709281728,1395.59,MA200_BREAK,core_etf,2019-06-04,26.08,,,,,,279
2020-03-09,US.STM,SELL,198,22.251123161,-372.96,STOP_LOSS,atr_breakout,2019-12-06,9.18,,,,,,94
2020-03-11,US.QQQ,SELL,63,187.298510934,-551.24,MA200_BREAK,core_etf,2020-03-10,24.14,,,,,,1
2020-03-12,US.AAPL,SELL,100,59.923591549,314.7,ATR_TRAIL,atr_breakout,2019-10-11,11.66,Correction,,,,,153
2020-03-16,US.OKTA,SELL,22,92.65,-2.04,ATR_TRAIL,atr_breakout,2019-04-09,4.08,,,,,,342
2020-04-13,US.EQIX,SELL,2,580.15921459215,-62.23,STOP_LOSS,atr_breakout,2020-04-09,2.38,,,,,,4
2020-04-13,US.DLR,SELL,11,113.913590874,-68.75,STOP_LOSS,atr_breakout,2020-04-09,2.57,,,,,,4
2020-04-14,US.TSEM,SELL,65,18.74,37.13,ACTIVE_REPLACEMENT,atr_breakout,2020-04-13,2.4,,US.MNST,55.42,OBSERVATION_EVICT,,1
2020-04-15,US.SCCO,SELL,79,20.865845216,-130.12,STOP_LOSS,atr_breakout,2020-04-09,3.43,,,,,,6
2020-04-15,US.EXC,SELL,76,21.093939686,-93.38,STOP_LOSS,atr_breakout,2020-04-09,3.3,,,,,,6
2020-04-15,US.LIN,SELL,9,162.41317461135,-78.39,STOP_LOSS,atr_breakout,2020-04-09,3.0,,,,,,6
2020-04-20,US.MNST,SELL,163,30.594749999999998,-267.46,STOP_LOSS,atr_breakout,2020-04-14,10.24,,,,,,6
2020-04-21,US.COPX,SELL,596,11.110106832149999,-355.13,STOP_LOSS,atr_breakout,2020-04-09,13.59,,,,,,12
2020-04-21,US.ZS,SELL,55,65.18,-266.48,STOP_LOSS,atr_breakout,2020-04-15,7.43,,,,,,6
2020-04-28,US.META,SELL,7,181.317752719,3.1,ACTIVE_REPLACEMENT,atr_breakout,2020-04-22,2.53,,US.ROK,58.2,OBSERVATION_EVICT,,6
2020-04-29,US.NFLX,SELL,165,39.672,-6.55,ATR_TRAIL,atr_breakout,2020-04-13,13.09,,,,,,16
2020-04-29,US.SBUX,SELL,25,66.776363598,63.06,ACTIVE_REPLACEMENT,atr_breakout,2020-04-09,3.27,,US.COPX,47.85,OBSERVATION_EVICT,,20
2020-04-30,US.PDD,SELL,107,47.44,-290.77,STOP_LOSS,atr_breakout,2020-04-20,10.44,,,,,,10
2020-04-30,US.BE,SELL,179,7.5525,-72.5,STOP_LOSS,atr_breakout,2020-04-22,2.77,,,,,,8
2020-05-01,US.ROK,SELL,23,164.669870386,-270.7,STOP_LOSS,atr_breakout,2020-04-28,7.84,,,,,,3
2020-05-01,US.LSCC,SELL,203,20.8,-310.75,STOP_LOSS,atr_breakout,2020-04-29,8.75,,,,,,2
2020-05-01,US.COPX,SELL,417,12.152125394,-398.23,STOP_LOSS,atr_breakout,2020-04-29,10.53,,,,,,2
2020-05-04,US.COHR,SELL,40,30.97,-1.24,ATR_TRAIL,atr_breakout,2020-04-24,2.48,,,,,,10
2020-05-06,US.EA,SELL,8,110.27254731715,-47.31,STOP_LOSS,atr_breakout,2020-05-05,1.81,,,,,,1
2020-05-13,US.CCJ,SELL,694,10.073001034,-429.43,STOP_LOSS,atr_breakout,2020-05-04,14.4,,,,,,9
2020-05-13,US.URA,SELL,122,8.45593734505,-55.33,STOP_LOSS,atr_breakout,2020-05-05,2.12,,,,,,8
2020-05-18,US.GLD,SELL,3,162.69,-4.21,ACTIVE_REPLACEMENT,atr_breakout,2020-05-15,0.98,,US.PDD,57.44,OBSERVATION_EVICT,,3
2020-05-19,US.PDD,SELL,39,63.09,-133.89,STOP_LOSS,atr_breakout,2020-05-18,5.05,,,,,,1
2020-05-20,US.DDOG,SELL,24,70.7,595.18,ACTIVE_REPLACEMENT,atr_breakout,2020-05-04,2.8,,US.ASML,55.52,OBSERVATION_EVICT,,16
2020-05-21,US.TTWO,SELL,18,138.19,-75.39,ATR_TRAIL,atr_breakout,2020-05-19,5.05,,,,,,2
2020-05-26,US.SNPS,SELL,6,168.53,-0.77,ACTIVE_REPLACEMENT,atr_breakout,2020-05-21,2.02,,US.BKNG,49.86,OBSERVATION_EVICT,,5
2020-05-27,US.TEAM,SELL,27,163.13,-4.4,ATR_TRAIL,atr_breakout,2020-05-04,8.81,,,,,,23
2020-05-28,US.BKNG,SELL,73,64.587627128,-284.69,STOP_LOSS,atr_breakout,2020-05-26,9.71,,,,,,2
2020-06-05,US.WDAY,SELL,26,173.432,-241.84,STOP_LOSS,atr_breakout,2020-05-28,9.26,,,,,,8
2020-06-11,US.PCAR,SELL,120,39.337134486,-166.01,ATR_TRAIL,atr_breakout,2020-05-27,9.6,,,,,,15
2020-06-11,US.ADP,SELL,17,125.359444818,-243.67,STOP_LOSS,atr_breakout,2020-06-05,4.5,,,,,,6
2020-06-26,US.SMCI,SELL,909,2.812,-290.71,STOP_LOSS,atr_breakout,2020-06-15,5.4,,,,,,11
2020-07-02,US.ASTS,SELL,259,10.15,-2.63,ATR_TRAIL,atr_breakout,2020-06-29,5.26,,,,,,3
2020-07-24,US.PDD,SELL,24,77.67,-1.86,ATR_TRAIL,atr_breakout,2020-06-15,3.73,,,,,,39
2020-07-24,US.ASTS,SELL,257,10.2,-7.76,ATR_TRAIL,atr_breakout,2020-07-02,5.25,,,,,,22
2020-08-20,US.ASML,SELL,8,349.987723717,356.17,STRAT_EXIT,atr_breakout,2020-05-20,5.24,,,,,,92
2020-09-03,US.SNPS,SELL,12,214.79,-7.02,ATR_TRAIL,atr_breakout,2020-08-20,5.16,,,,,,14
2020-09-08,US.CMCSA,SELL,56,33.873727757,-1.9,ATR_TRAIL,atr_breakout,2020-07-24,3.79,,,,,,46
2020-09-11,US.ASTS,SELL,203,10.1,-18.29,STRAT_EXIT,atr_breakout,2020-09-10,4.12,,,,,,1
2020-09-17,US.MU,SELL,43,47.818331808,-2.06,ATR_TRAIL,atr_breakout,2020-09-14,4.11,,,,,,3
2020-09-21,US.CAT,SELL,4,130.54443658474997,-28.01,STOP_LOSS,atr_breakout,2020-09-09,1.07,,,,,,12
2020-09-21,US.GE,SELL,80,30.742421789,-273.57,STOP_LOSS,atr_breakout,2020-09-17,5.19,,,,,,4
2020-09-24,US.DDOG,SELL,6,88.37,-30.77,STOP_LOSS,atr_breakout,2020-09-22,1.09,,,,,,2
2020-09-30,US.EMR,SELL,4,58.242013252,0.98,ACTIVE_REPLACEMENT,boll_mr,2020-09-22,0.46,,US.DDOG,48.74,OBSERVATION_EVICT,,8
2020-10-01,US.GLD,SELL,1,178.7,3.08,ACTIVE_REPLACEMENT,boll_mr,2020-09-24,0.35,,US.STM,44.91,OBSERVATION_EVICT,,7
2020-10-15,US.META,SELL,27,264.398179462,1652.56,STRAT_EXIT,atr_breakout,2020-04-30,12.62,,,,,,168
2020-10-16,US.COHR,SELL,29,45.99,-21.05,ACTIVE_REPLACEMENT,atr_breakout,2020-10-15,2.69,,US.TEAM,48.82,OBSERVATION_EVICT,,1
2020-10-21,US.GDX,SELL,252,37.053698092,2556.61,STRAT_EXIT,atr_breakout,2020-04-09,16.11,,,,,,195
2020-10-21,US.DDOG,SELL,20,102.16,-2.04,ATR_TRAIL,atr_breakout,2020-09-30,4.09,,,,,,21
2020-10-22,US.SCCO,SELL,35,36.870210375,7.95,ACTIVE_REPLACEMENT,atr_breakout,2020-10-21,2.57,,US.ALGN,56.49,OBSERVATION_EVICT,,1
2020-10-26,US.STM,SELL,81,31.619639244,-6.42,ATR_TRAIL,atr_breakout,2020-10-01,5.13,,,,,,25
2020-10-26,US.COPX,SELL,363,19.20756291,-153.36,STRAT_EXIT,atr_breakout,2020-10-21,14.09,,,,,,5
2020-10-29,US.ALGN,SELL,12,430.5685,-277.1,STOP_LOSS,atr_breakout,2020-10-22,10.61,,,,,,7
2020-10-29,US.AEP,SELL,54,72.93570382695,-211.23,STOP_LOSS,atr_breakout,2020-10-26,8.08,,,,,,3
2020-10-30,US.TEAM,SELL,29,191.62,-464.63,STOP_LOSS,atr_breakout,2020-10-16,11.57,,,,,,14
2020-10-30,US.PDD,SELL,15,89.414,-71.93,STOP_LOSS,atr_breakout,2020-10-29,2.75,,,,,,1
2020-11-03,US.BKR,SELL,132,13.717141363,124.75,ACTIVE_REPLACEMENT,atr_breakout,2020-10-30,3.49,,US.ADP,56.99,OBSERVATION_EVICT,,4
2020-11-03,US.PPA,SELL,10,55.2813838,32.54,ACTIVE_REPLACEMENT,boll_mr,2020-10-29,1.07,,US.PAYX,52.02,OBSERVATION_EVICT,,5
2020-11-17,US.SLV,SELL,142,22.74,1122.83,STRAT_EXIT,atr_breakout,2020-05-14,5.33,,,,,,187
2021-01-13,US.ADP,SELL,41,146.102605259,-39.8,ATR_TRAIL,atr_breakout,2020-11-03,12.01,,,,,,71
2021-01-14,US.BE,SELL,34,36.774499999999996,-67.06,STOP_LOSS,atr_breakout,2021-01-13,2.57,,,,,,1
2021-01-19,US.AMAT,SELL,57,101.067007799,-5.76,ATR_TRAIL,atr_breakout,2021-01-14,11.52,,,,,,5
2021-01-22,US.PAYX,SELL,68,73.434663222,-4.99,ATR_TRAIL,atr_breakout,2020-11-03,9.99,,,,,,80
2021-01-25,US.PLTR,SELL,130,30.950999999999997,-215.79,STOP_LOSS,atr_breakout,2021-01-22,8.26,,,,,,3
2021-01-26,US.PLTR,SELL,116,34.418499999999995,-214.13,STOP_LOSS,atr_breakout,2021-01-25,8.2,,,,,,1
2021-01-27,US.MRVL,SELL,110,50.07851144719999,-295.44,STOP_LOSS,atr_breakout,2021-01-19,11.31,,,,,,8
2021-01-27,US.SMCI,SELL,310,3.224,-77.26,STOP_LOSS,atr_breakout,2021-01-25,2.08,,,,,,2
2021-01-27,US.DLR,SELL,33,121.034101471,-3.99,ATR_TRAIL,atr_breakout,2021-01-26,7.99,,,,,,1
2021-01-28,US.STX,SELL,109,56.486243307,-474.51,STOP_LOSS,atr_breakout,2021-01-27,12.78,,,,,,1
2021-02-01,US.WDC,SELL,28,43.318080466,23.22,ACTIVE_REPLACEMENT,atr_breakout,2021-01-29,2.4,,US.SLV,54.29,OBSERVATION_EVICT,,3
2021-02-02,US.SLV,SELL,202,24.54,-453.4,STOP_LOSS,atr_breakout,2021-02-01,10.36,,,,,,1
2021-02-12,US.DLR,SELL,43,116.229250957,-330.08,STOP_LOSS,atr_breakout,2021-01-27,10.32,,,,,,16
2021-02-12,US.SBUX,SELL,5,92.938862484,31.09,STRAT_EXIT,boll_mr,2021-01-28,0.9,,,,,,15
2021-02-23,US.PANW,SELL,82,61.331386311399996,-269.72,STOP_LOSS,atr_breakout,2021-02-02,10.32,,,,,,21
2021-02-23,US.IDXX,SELL,9,516.876,-249.49,STOP_LOSS,atr_breakout,2021-02-12,9.55,,,,,,11
2021-02-26,US.HON,SELL,31,186.769145685,-201.89,STRAT_EXIT,atr_breakout,2021-02-24,11.78,,,,,,2
2021-02-26,US.GE,SELL,76,60.497634421799994,-246.59,STOP_LOSS,atr_breakout,2021-02-24,9.44,,,,,,2
2021-03-02,US.RKLB,SELL,408,13.14,-335.84,STOP_LOSS,atr_breakout,2021-03-01,11.05,,,,,,1
2021-03-03,US.CAT,SELL,7,195.627526483,-34.95,ACTIVE_REPLACEMENT,atr_breakout,2021-02-23,2.77,,US.AA,50.6,OBSERVATION_EVICT,,8
2021-03-04,US.CCJ,SELL,37,16.069690821,-37.14,STOP_LOSS,atr_breakout,2021-03-02,1.23,,,,,,2
2021-03-04,US.AA,SELL,73,27.220315483,-157.67,STOP_LOSS,atr_breakout,2021-03-03,4.13,,,,,,1
2021-03-05,US.SBUX,SELL,13,93.245897399,-33.82,STRAT_EXIT,atr_breakout,2021-02-26,2.46,,,,,,7
2021-03-11,US.ORLY,SELL,19,31.623333491,10.17,ACTIVE_REPLACEMENT,atr_breakout,2021-03-05,1.19,,US.FTNT,59.27,OBSERVATION_EVICT,,6
2021-03-18,US.FANG,SELL,33,60.838740425,-164.66,STOP_LOSS,atr_breakout,2021-03-04,4.18,,,,,,14
2021-03-18,US.FTNT,SELL,70,34.612,-205.0,STOP_LOSS,atr_breakout,2021-03-11,5.05,,,,,,7
2021-03-31,US.EMR,SELL,25,81.163015119,-20.47,STRAT_EXIT,atr_breakout,2021-03-05,4.08,,,,,,26
2021-04-13,US.AMAT,SELL,20,127.865578448,-2.56,ATR_TRAIL,atr_breakout,2021-03-31,5.11,,,,,,13
2021-05-03,US.OKTA,SELL,10,255.92,-96.56,ATR_TRAIL,atr_breakout,2021-04-13,5.21,,,,,,20
2021-05-10,US.TTD,SELL,51,48.96,1199.22,ATR_TRAIL,atr_breakout,2020-04-23,3.79,,,,,,382
2021-05-13,US.COPX,SELL,99,37.128675712,-275.63,STOP_LOSS,atr_breakout,2021-05-10,7.62,,,,,,3
2021-05-17,US.GILD,SELL,20,56.954248886,1.5,ACTIVE_REPLACEMENT,atr_breakout,2021-05-13,2.28,,US.STX,42.12,OBSERVATION_EVICT,,4
2021-05-19,US.STX,SELL,58,85.3007984235,-265.34,STOP_LOSS,atr_breakout,2021-05-17,10.16,,,,,,2
2021-05-27,US.LMT,SELL,6,336.264639788,148.71,STRAT_EXIT,atr_breakout,2021-03-18,3.88,,,,,,70
2021-05-27,US.INTU,SELL,6,417.975365595,-20.85,STRAT_EXIT,atr_breakout,2021-05-20,5.03,,,,,,7
2021-05-28,US.COST,SELL,7,358.374238725,-9.47,ATR_TRAIL,atr_breakout,2021-05-03,5.02,,,,,,25
2021-06-03,US.TSM,SELL,42,107.370527497,1725.08,STRAT_EXIT,atr_breakout,2020-07-24,7.29,,,,,,314
2021-06-03,US.META,SELL,6,323.20179376,211.76,STRAT_EXIT,atr_breakout,2021-03-19,3.66,,,,,,76
2021-06-03,US.HWM,SELL,127,34.324400754,-85.71,STRAT_EXIT,atr_breakout,2021-05-27,8.8,,,,,,7
2021-06-04,US.GE,SELL,80,67.808873487,-156.97,STRAT_EXIT,atr_breakout,2021-05-27,11.0,,,,,,8
2021-06-09,US.AMD,SELL,306,79.96,21065.05,STRAT_EXIT,atr_breakout,2018-04-26,27.85,,,,,,1140
2021-06-14,US.CIEN,SELL,87,58.2,-20.72,ATR_TRAIL,atr_breakout,2021-06-03,10.14,,,,,,11
2021-06-22,US.TSEM,SELL,234,27.24,1481.87,STRAT_EXIT,atr_breakout,2020-10-26,11.26,,,,,,239
2021-06-22,US.IONQ,SELL,642,10.069999999999999,-346.72,STOP_LOSS,atr_breakout,2021-06-09,13.27,,,,,,13
2021-06-24,US.EQIX,SELL,8,704.280450826,-5.63,ATR_TRAIL,atr_breakout,2021-06-03,11.27,,,,,,21
2021-07-15,US.CTAS,SELL,107,88.094253165,-146.04,ATR_TRAIL,atr_breakout,2021-06-22,18.99,,,,,,23
2021-07-19,US.HON,SELL,46,204.620918255,-530.01,STOP_LOSS,atr_breakout,2021-07-15,19.35,,,,,,4
2021-07-23,US.QUBT,SELL,782,8.59,-405.54,STOP_LOSS,atr_breakout,2021-07-20,13.83,,,,,,3
2021-07-30,US.MELI,SELL,4,1568.7,3297.01,STRAT_EXIT,atr_breakout,2020-05-06,9.25,,,,,,450
2021-08-10,US.CPRT,SELL,256,35.8325,-16.85,ATR_TRAIL,atr_breakout,2021-07-20,18.35,,,,,,21
2021-08-12,US.KLAC,SELL,300,31.227152402,-569.73,STOP_LOSS,atr_breakout,2021-07-30,19.3,,,,,,13
2021-08-16,US.SCCO,SELL,180,49.514034265,1746.82,STRAT_EXIT,atr_breakout,2020-11-02,16.07,,,,,,287
2021-09-01,US.ADP,SELL,50,184.48420292045,-494.71,STOP_LOSS,atr_breakout,2021-08-10,18.93,,,,,,22
2021-09-09,US.EQIX,SELL,12,777.252390257,-165.18,STRAT_EXIT,atr_breakout,2021-09-01,18.81,,,,,,8
2021-09-10,US.RKLB,SELL,342,18.69,-700.65,STOP_LOSS,atr_breakout,2021-09-09,13.48,,,,,,1
2021-09-14,US.NFLX,SELL,163,57.776,-79.67,ATR_TRAIL,atr_breakout,2021-09-01,18.91,,,,,,13
2021-09-17,US.CCJ,SELL,386,22.183482227,-759.62,STOP_LOSS,atr_breakout,2021-09-10,17.88,,,,,,7
2021-09-20,US.STM,SELL,209,42.4011575471,-475.27,STOP_LOSS,atr_breakout,2021-09-14,18.19,,,,,,6
2021-09-20,US.FANG,SELL,30,64.21489525195,-103.32,STOP_LOSS,atr_breakout,2021-09-17,3.95,,,,,,3
2021-09-28,US.ORLY,SELL,241,40.870666871,-125.53,STRAT_EXIT,atr_breakout,2021-09-22,19.82,,,,,,6
2021-09-29,US.PLTR,SELL,390,24.52,-153.86,ATR_TRAIL,atr_breakout,2021-08-12,19.27,,,,,,48
2021-09-29,US.ONDS,SELL,809,9.04,-476.53,STOP_LOSS,atr_breakout,2021-09-28,15.1,,,,,,1
2021-10-04,US.ADBE,SELL,15,556.95,-8.35,ATR_TRAIL,atr_breakout,2021-06-14,16.71,,,,,,112
2021-10-04,US.IDXX,SELL,1,598.0724999999999,-32.08,STOP_LOSS,boll_mr,2021-09-29,1.23,,,,,,5
2021-10-13,US.RTX,SELL,30,79.951082614,-2.4,ATR_TRAIL,atr_breakout,2021-10-05,4.8,,,,,,8
2021-10-21,US.NFLX,SELL,156,63.480999999,-9.9,ATR_TRAIL,atr_breakout,2021-10-05,19.81,,,,,,16
2021-10-27,US.DXCM,SELL,157,139.635,19243.15,STRAT_EXIT,atr_breakout,2018-03-21,24.58,,,,,,1316
2021-10-28,US.ORLY,SELL,226,41.653333541,-588.73,STOP_LOSS,atr_breakout,2021-10-21,19.41,,,,,,7
2021-11-01,US.GOOG,SELL,68,142.517458372,-188.55,STRAT_EXIT,atr_breakout,2021-10-27,19.56,,,,,,5
2021-11-24,US.STM,SELL,215,46.503076539,-10.0,ATR_TRAIL,atr_breakout,2021-10-28,20.0,,,,,,27
2021-12-01,US.TTWO,SELL,15,160.35,-27.46,ATR_TRAIL,atr_breakout,2021-10-05,4.84,,,,,,57
2021-12-02,US.COST,SELL,18,496.5046397987,-479.31,STOP_LOSS,atr_breakout,2021-11-24,18.34,,,,,,8
2021-12-16,US.MRVL,SELL,121,82.149664304,-9.94,ATR_TRAIL,atr_breakout,2021-12-03,19.88,,,,,,13
2021-12-17,US.PAYX,SELL,27,107.764640019,216.82,STRAT_EXIT,atr_breakout,2021-10-01,5.6,,,,,,77
2021-12-20,US.FANG,SELL,35,80.881200482,-2.83,ATR_TRAIL,atr_breakout,2021-10-01,5.66,,,,,,80
2022-01-19,US.TSEM,SELL,80,37.45,-12.6,ATR_TRAIL,atr_breakout,2021-12-02,6.0,,,,,,48
2022-01-20,US.QQQ,SELL,64,351.389325632,10127.18,MA200_BREAK,core_etf,2020-04-08,34.83,,,,,,652
2022-01-20,US.GILD,SELL,155,57.647714022,-601.91,STOP_LOSS,atr_breakout,2021-12-16,18.46,,,,,,35
2022-01-21,US.ON,SELL,181,54.73,-56.97,ATR_TRAIL,atr_breakout,2021-11-01,19.86,,,,,,81
2022-01-24,US.RGTI,SELL,1014,9.86,-10.0,ATR_TRAIL,atr_breakout,2021-10-06,20.0,,,,,,110
2022-01-24,US.ADI,SELL,11,140.360652611,-82.81,STOP_LOSS,boll_mr,2022-01-21,3.17,,,,,,3
2022-01-25,US.SLV,SELL,447,22.02,-166.29,STRAT_EXIT,atr_breakout,2022-01-19,19.84,,,,,,6
2022-01-28,US.MDLZ,SELL,68,57.52575082115,-209.79,STOP_LOSS,atr_breakout,2022-01-21,8.03,,,,,,7
2022-02-02,US.VRTX,SELL,18,245.66,-4.42,ATR_TRAIL,atr_breakout,2022-02-01,8.84,,,,,,1
2022-02-03,US.QQQ,SELL,35,343.452659729,-419.01,MA200_BREAK,core_etf,2022-02-01,24.45,,,,,,2
2022-02-04,US.VRTX,SELL,39,240.89149999999998,-503.86,STOP_LOSS,atr_breakout,2022-02-02,19.28,,,,,,2
2022-02-10,US.LMT,SELL,29,342.068512937,-54.7,ATR_TRAIL,atr_breakout,2022-01-25,19.88,,,,,,16
2022-02-11,US.DDOG,SELL,43,165.86999999999998,-382.52,STOP_LOSS,atr_breakout,2022-02-10,14.64,,,,,,1
2022-02-14,US.SYM,SELL,183,9.86,7.35,STRAT_EXIT,boll_mr,2022-01-25,3.6,,,,,,20
2022-02-15,US.BKR,SELL,378,25.12233778075,-509.3,STOP_LOSS,atr_breakout,2022-02-11,19.49,,,,,,4
2022-02-16,US.TTWO,SELL,57,166.09,-517.34,STOP_LOSS,atr_breakout,2022-02-04,19.44,,,,,,12
2022-02-22,US.COHR,SELL,135,70.091,-507.48,STOP_LOSS,atr_breakout,2022-02-16,19.42,,,,,,6
2022-02-23,US.TMUS,SELL,86,115.501183281,-9.93,ATR_TRAIL,atr_breakout,2022-02-03,19.87,,,,,,20
2022-02-24,US.INTU,SELL,11,446.819931567,-4.92,ATR_TRAIL,atr_breakout,2021-06-04,9.83,,,,,,265
2022-02-24,US.EXC,SELL,274,34.65173118355,-509.21,STOP_LOSS,atr_breakout,2022-02-02,19.49,,,,,,22
2022-02-24,US.AA,SELL,144,66.763375656,-9.61,ATR_TRAIL,atr_breakout,2022-02-08,19.23,,,,,,16
2022-02-24,US.SLV,SELL,144,22.31,-3.21,ATR_TRAIL,atr_breakout,2022-02-22,6.43,,,,,,2
2022-03-07,US.PANW,SELL,105,88.917443616,-643.53,STOP_LOSS,atr_breakout,2022-02-25,19.31,,,,,,10
2022-03-07,US.RTX,SELL,111,89.435190098,-9.93,ATR_TRAIL,atr_breakout,2022-02-25,19.85,,,,,,10
2022-03-07,US.PPA,SELL,138,74.521963014,325.01,STRAT_EXIT,atr_breakout,2022-02-25,20.23,,,,,,10
2022-03-09,US.BKR,SELL,316,29.9847257381,-508.17,STOP_LOSS,atr_breakout,2022-03-07,19.45,,,,,,2
2022-03-10,US.ASTS,SELL,584,9.290999999999999,-291.0,STOP_LOSS,atr_breakout,2022-03-09,11.14,,,,,,1
2022-03-14,US.GDX,SELL,274,34.59628820695,-508.39,STOP_LOSS,atr_breakout,2022-03-07,19.46,,,,,,7
2022-03-15,US.GLD,SELL,19,178.29,-3.39,ATR_TRAIL,atr_breakout,2022-02-23,6.78,,,,,,20
2022-03-15,US.BKR,SELL,292,31.644544248,-743.26,STOP_LOSS,atr_breakout,2022-03-11,19.21,,,,,,4
2022-03-17,US.VRSK,SELL,8,189.755478494,-1.52,ATR_TRAIL,atr_breakout,2022-03-16,3.04,,,,,,1
2022-03-18,US.VRSK,SELL,36,196.532806642,-7.08,ATR_TRAIL,atr_breakout,2022-03-17,14.15,,,,,,1
2022-03-21,US.ORLY,SELL,39,45.698000228,-28.74,STRAT_EXIT,atr_breakout,2022-03-15,3.59,,,,,,6
2022-03-21,US.CTAS,SELL,64,93.529801879,-5.99,ATR_TRAIL,atr_breakout,2022-03-16,11.97,,,,,,5
2022-03-22,US.TXN,SELL,10,161.11679127,51.58,ACTIVE_REPLACEMENT,atr_breakout,2022-03-16,3.17,,US.TSLA,55.65,OBSERVATION_EVICT,,6
2022-03-28,US.CCJ,SELL,149,27.535696388649995,-220.04,STOP_LOSS,atr_breakout,2022-03-21,8.42,,,,,,7
2022-04-11,US.EMR,SELL,16,85.589536327,-75.15,STOP_LOSS,atr_breakout,2022-03-21,2.81,,,,,,21
2022-04-11,US.TSLA,SELL,14,325.3067469,-88.79,ATR_TRAIL,atr_breakout,2022-03-22,9.19,Sideways,,,,,20
2022-04-11,US.CTAS,SELL,64,100.471288473,-86.88,ATR_TRAIL,atr_breakout,2022-03-28,12.94,,,,,,14
2022-04-19,US.GLD,SELL,8,181.82,-17.05,STRAT_EXIT,atr_breakout,2022-04-12,2.92,,,,,,7
2022-04-22,US.CAT,SELL,7,201.875828798,-42.85,ATR_TRAIL,atr_breakout,2022-03-21,2.87,,,,,,32
2022-04-26,US.VRSK,SELL,35,202.193526284,-7.08,ATR_TRAIL,atr_breakout,2022-03-18,14.15,,,,,,39
2022-04-27,US.MDLZ,SELL,113,57.052270987,-123.21,STRAT_EXIT,atr_breakout,2022-04-19,13.01,,,,,,8
2022-04-29,US.REGN,SELL,2,651.032841567,-1.3,ATR_TRAIL,atr_breakout,2022-03-14,2.6,,,,,,46
2022-04-29,US.ROST,SELL,56,95.171181356,-5.33,ATR_TRAIL,atr_breakout,2022-04-11,10.66,,,,,,18
2022-05-02,US.AEP,SELL,119,83.358172925,-9.92,ATR_TRAIL,atr_breakout,2022-03-07,19.84,,,,,,56
2022-05-09,US.VRTX,SELL,6,235.02,-82.41,STOP_LOSS,atr_breakout,2022-03-16,2.9,,,,,,54
2022-05-10,US.RSP,SELL,4,132.0650444109,-28.33,STOP_LOSS,boll_mr,2022-04-27,1.08,,,,,,13
2022-05-27,US.AMGN,SELL,8,225.298114948,14.08,ACTIVE_REPLACEMENT,atr_breakout,2022-05-25,3.59,,US.CEG,58.67,OBSERVATION_EVICT,,2
2022-05-27,US.GILD,SELL,36,55.791002124,-8.52,ACTIVE_REPLACEMENT,atr_breakout,2022-05-25,4.02,,US.KLAC,56.77,OBSERVATION_EVICT,,2
2022-05-31,US.LMT,SELL,27,395.745483402,862.06,STRAT_EXIT,atr_breakout,2022-02-25,20.5,,,,,,95
2022-05-31,US.CEG,SELL,85,60.196642971,-377.66,STOP_LOSS,atr_breakout,2022-05-27,10.61,,,,,,4
2022-06-01,US.REGN,SELL,3,650.9594477577999,-104.74,STOP_LOSS,atr_breakout,2022-05-25,4.01,,,,,,7
2022-06-01,US.NXPI,SELL,35,168.90611363074999,-317.05,STOP_LOSS,atr_breakout,2022-05-26,12.13,,,,,,6
2022-06-01,US.KLAC,SELL,154,33.924441594,-280.19,STOP_LOSS,atr_breakout,2022-05-27,10.72,,,,,,5
2022-06-02,US.AMGN,SELL,7,215.27417586085,-80.82,STOP_LOSS,atr_breakout,2022-05-31,3.09,,,,,,2
2022-06-03,US.CMCSA,SELL,46,34.686207994,-46.2,STRAT_EXIT,atr_breakout,2022-05-26,3.24,,,,,,8
2022-06-07,US.TSEM,SELL,208,47.88,158.52,STRAT_EXIT,atr_breakout,2022-02-15,19.75,,,,,,112
2022-06-07,US.AMD,SELL,40,103.1605,-221.31,STOP_LOSS,atr_breakout,2022-06-02,8.47,,,,,,5
2022-06-08,US.LIN,SELL,20,307.986276629,-92.01,STRAT_EXIT,atr_breakout,2022-06-02,12.41,,,,,,6
2022-06-09,US.PCAR,SELL,39,50.403399689,-13.35,STRAT_EXIT,atr_breakout,2022-06-01,3.94,,,,,,8
2022-06-09,US.RTX,SELL,94,89.290977802,-278.17,STRAT_EXIT,atr_breakout,2022-06-07,17.06,,,,,,2
2022-06-09,US.URA,SELL,276,19.4419314785,-287.79,STOP_LOSS,atr_breakout,2022-06-07,11.01,,,,,,2
2022-06-09,US.SYM,SELL,244,11.62,-2064.64,STOP_LOSS,atr_breakout,2022-06-08,7.73,,,,,,1
2022-06-10,US.BKR,SELL,50,31.98485695505,-85.77,STOP_LOSS,atr_breakout,2022-05-26,3.28,,,,,,15
2022-06-10,US.CRDO,SELL,308,12.293,-203.06,STOP_LOSS,atr_breakout,2022-06-02,7.77,,,,,,8
2022-06-13,US.FANG,SELL,44,123.07814955,-5.42,ATR_TRAIL,atr_breakout,2022-05-26,10.83,,,,,,18
2022-06-13,US.EA,SELL,11,126.08532968,-106.22,STOP_LOSS,atr_breakout,2022-05-26,2.88,,,,,,18
2022-06-15,US.QUBT,SELL,672,2.505,-1.68,ATR_TRAIL,atr_breakout,2022-06-03,3.37,,,,,,12
2022-06-24,US.VRTX,SELL,27,283.5,-7.65,ATR_TRAIL,atr_breakout,2022-06-23,15.31,,,,,,1
2022-06-27,US.PLTR,SELL,392,9.62,-227.21,STOP_LOSS,atr_breakout,2022-06-24,7.77,,,,,,3
2022-06-28,US.VRTX,SELL,26,276.17,-433.06,STOP_LOSS,atr_breakout,2022-06-24,14.79,,,,,,4
2022-06-28,US.CRWD,SELL,40,43.5475,-109.74,STOP_LOSS,atr_breakout,2022-06-24,3.59,,,,,,4
2022-06-28,US.TEAM,SELL,8,192.6,-103.3,STOP_LOSS,atr_breakout,2022-06-24,3.18,,,,,,4
2022-07-05,US.SNOW,SELL,15,143.11,-2.15,ATR_TRAIL,atr_breakout,2022-06-23,4.29,,,,,,12
2022-07-11,US.MDLZ,SELL,36,55.792034809,-36.19,STRAT_EXIT,atr_breakout,2022-07-01,4.05,,,,,,10
2022-07-11,US.DXCM,SELL,65,77.824,-271.3,STOP_LOSS,atr_breakout,2022-07-07,10.38,,,,,,4
2022-07-12,US.PEP,SELL,14,148.6481778,-0.73,STRAT_EXIT,atr_breakout,2022-07-01,4.16,,,,,,11
2022-07-12,US.TEAM,SELL,7,192.67,-149.05,STOP_LOSS,atr_breakout,2022-07-07,2.85,,,,,,5
2022-07-13,US.VRSK,SELL,39,169.963008051,-136.01,STRAT_EXIT,atr_breakout,2022-07-06,13.39,,,,,,7
2022-07-13,US.COST,SELL,3,469.432622432,-2.64,STRAT_EXIT,atr_breakout,2022-07-06,2.82,,,,,,7
2022-07-18,US.CTAS,SELL,16,91.314438099,-33.08,STRAT_EXIT,atr_breakout,2022-07-14,2.95,,,,,,4
2022-07-22,US.MNST,SELL,196,47.29,-9.27,ATR_TRAIL,atr_breakout,2022-06-24,18.54,,,,,,28
2022-07-22,US.QBTS,SELL,888,9.98,-8.86,ATR_TRAIL,atr_breakout,2022-07-14,17.72,,,,,,8
2022-07-26,US.COST,SELL,11,488.230145873,-5.48,ATR_TRAIL,atr_breakout,2022-07-14,10.74,,,,,,12
2022-07-27,US.CMCSA,SELL,44,35.27812875,26.01,ACTIVE_REPLACEMENT,atr_breakout,2022-07-22,3.08,,US.SNPS,51.55,OBSERVATION_EVICT,,5
2022-07-27,US.VRT,SELL,148,10.454314111,-17.76,ACTIVE_REPLACEMENT,atr_breakout,2022-07-22,3.11,,US.CRDO,48.68,OBSERVATION_EVICT,,5
2022-07-28,US.PDD,SELL,35,50.35,-1.76,ATR_TRAIL,atr_breakout,2022-05-31,3.52,,,,,,58
2022-07-28,US.QBTS,SELL,563,8.72,-725.55,STOP_LOSS,atr_breakout,2022-07-22,10.54,,,,,,6
2022-07-28,US.CRDO,SELL,287,13.89,-3.99,ATR_TRAIL,atr_breakout,2022-07-27,7.97,,,,,,1
2022-07-29,US.QCOM,SELL,48,129.672566538,-6.22,ATR_TRAIL,atr_breakout,2022-07-14,12.45,,,,,,15
2022-08-04,US.EQIX,SELL,9,642.061843852,-124.42,STRAT_EXIT,atr_breakout,2022-07-28,11.68,,,,,,7
2022-08-05,US.VRT,SELL,354,12.457061999899999,-236.5,STOP_LOSS,atr_breakout,2022-08-04,9.05,,,,,,1
2022-08-08,US.MU,SELL,74,60.279051569,-10.27,ATR_TRAIL,atr_breakout,2022-07-15,8.93,,,,,,24
2022-08-09,US.TSLA,SELL,18,282.289677075,-272.51,STOP_LOSS,atr_breakout,2022-07-29,10.43,Sideways,,,,,11
2022-08-10,US.VRTX,SELL,4,295.77,-13.42,ACTIVE_REPLACEMENT,atr_breakout,2022-08-09,2.38,,US.TTD,51.4,OBSERVATION_EVICT,,1
2022-08-17,US.TTD,SELL,53,70.17,-219.43,STOP_LOSS,atr_breakout,2022-08-10,7.65,,,,,,7
2022-08-17,US.GLD,SELL,4,164.35,7.82,STRAT_EXIT,boll_mr,2022-07-07,1.31,,,,,,41
2022-08-19,US.TEAM,SELL,17,268.59,-4.57,ATR_TRAIL,atr_breakout,2022-08-05,9.13,,,,,,14
2022-08-19,US.WDAY,SELL,27,166.8,-4.5,ATR_TRAIL,atr_breakout,2022-08-08,9.01,,,,,,11
2022-08-24,US.CSCO,SELL,135,42.1138902771,-304.92,STOP_LOSS,atr_breakout,2022-08-18,11.67,,,,,,6
2022-08-25,US.AAPL,SELL,8,166.915491967,-36.83,ACTIVE_REPLACEMENT,atr_breakout,2022-08-17,2.71,Sideways,US.SNOW,50.8,OBSERVATION_EVICT,,8
2022-08-26,US.SNPS,SELL,18,353.54,-6.36,ATR_TRAIL,atr_breakout,2022-07-27,12.73,,,,,,30
2022-08-29,US.ADI,SELL,45,145.809937426,-92.11,ATR_TRAIL,atr_breakout,2022-07-15,13.21,,,,,,45
2022-08-29,US.URA,SELL,237,19.64835585,-4.66,ATR_TRAIL,atr_breakout,2022-08-24,9.31,,,,,,5
2022-08-29,US.SNOW,SELL,21,186.43,-210.77,STOP_LOSS,atr_breakout,2022-08-25,8.04,,,,,,4
2022-08-29,US.CCJ,SELL,48,26.746953391,-1.28,ATR_TRAIL,atr_breakout,2022-08-24,2.57,,,,,,5
2022-08-30,US.SCCO,SELL,106,38.938636148,-336.65,STOP_LOSS,atr_breakout,2022-08-26,8.59,,,,,,4
2022-09-01,US.GE,SELL,164,43.614825927,-7.15,ATR_TRAIL,atr_breakout,2022-07-26,14.31,,,,,,37
2022-09-01,US.ANET,SELL,235,28.8325,-6.78,ATR_TRAIL,atr_breakout,2022-07-28,13.55,,,,,,35
2022-09-01,US.PANW,SELL,66,90.171514401,-319.18,STOP_LOSS,atr_breakout,2022-08-23,12.22,,,,,,9
2022-09-01,US.URA,SELL,240,19.40427960695,-249.76,STOP_LOSS,atr_breakout,2022-08-29,9.56,,,,,,3
2022-09-07,US.PDD,SELL,22,66.04,-1.45,ATR_TRAIL,atr_breakout,2022-08-29,2.91,,,,,,9
2022-09-13,US.FTNT,SELL,124,51.87,-498.71,STOP_LOSS,atr_breakout,2022-09-12,13.36,,,,,,1
2022-09-13,US.ZS,SELL,24,181.22,-301.47,STOP_LOSS,atr_breakout,2022-09-12,9.0,,,,,,1
2022-09-13,US.ROST,SELL,13,86.394784533,-65.12,STOP_LOSS,atr_breakout,2022-09-12,2.31,,,,,,1
2022-09-14,US.MNST,SELL,27,44.441,-64.35,STOP_LOSS,atr_breakout,2022-09-12,2.46,,,,,,2
2022-09-16,US.CCJ,SELL,175,27.41339913805,-257.29,STOP_LOSS,atr_breakout,2022-08-29,9.85,,,,,,18
2022-09-19,US.ASTS,SELL,168,8.29,-1.39,ATR_TRAIL,atr_breakout,2022-08-09,2.79,,,,,,41
2022-09-19,US.CEG,SELL,75,83.336399394,-6.25,ATR_TRAIL,atr_breakout,2022-09-08,12.5,,,,,,11
2022-09-20,US.SBUX,SELL,81,82.916230713,-148.01,STRAT_EXIT,atr_breakout,2022-09-14,13.57,,,,,,6
2022-09-21,US.GILD,SELL,130,55.982663561,-436.76,STOP_LOSS,atr_breakout,2022-09-12,14.98,,,,,,9
2022-10-03,US.REGN,SELL,10,703.043265253,-7.03,ATR_TRAIL,atr_breakout,2022-09-08,14.06,,,,,,25
2022-10-07,US.ORLY,SELL,146,47.384666903,509.14,STRAT_EXIT,atr_breakout,2022-07-06,13.32,,,,,,93
2022-10-07,US.SLV,SELL,456,18.5,-282.04,STRAT_EXIT,atr_breakout,2022-10-03,17.15,,,,,,4
2022-10-07,US.VRTX,SELL,6,295.23,-14.97,STRAT_EXIT,atr_breakout,2022-10-03,3.56,,,,,,4
2022-10-07,US.PCAR,SELL,35,50.384778642,-66.73,STRAT_EXIT,atr_breakout,2022-10-05,3.59,,,,,,2
2022-10-11,US.FN,SELL,57,100.56,-392.76,STOP_LOSS,atr_breakout,2022-10-06,11.85,,,,,,5
2022-10-13,US.DXCM,SELL,17,95.21,-1.62,ATR_TRAIL,atr_breakout,2022-10-06,3.24,,,,,,7
2022-10-21,US.NFLX,SELL,168,27.238,-4.58,ATR_TRAIL,atr_breakout,2022-10-19,9.15,,,,,,2
2022-10-24,US.LMT,SELL,2,416.37296014,107.79,TAKE_PROFIT,boll_mr,2022-09-28,1.56,,,,,,26
2022-10-25,US.EMR,SELL,28,78.609125279,74.6,ACTIVE_REPLACEMENT,atr_breakout,2022-10-18,4.33,,US.CRDO,53.89,OBSERVATION_EVICT,,7
2022-10-25,US.FANG,SELL,13,131.925393917,121.63,ACTIVE_REPLACEMENT,atr_breakout,2022-10-06,3.31,,US.FN,53.46,OBSERVATION_EVICT,,19
2022-10-25,US.GE,SELL,51,44.578844008,69.36,ACTIVE_REPLACEMENT,atr_breakout,2022-10-18,4.48,,US.CIEN,52.1,OBSERVATION_EVICT,,7
2022-10-26,US.AMGN,SELL,2,233.33345136514995,60.4,TAKE_PROFIT,boll_mr,2022-09-14,0.87,,,,,,42
2022-10-31,US.TTWO,SELL,14,117.6955,-88.37,STOP_LOSS,atr_breakout,2022-10-20,3.38,,,,,,11
2022-11-02,US.NFLX,SELL,162,27.3,-272.86,STOP_LOSS,atr_breakout,2022-10-21,9.11,,,,,,12
2022-11-03,US.SMCI,SELL,620,7.679799999999999,-255.37,STOP_LOSS,atr_breakout,2022-11-02,9.77,,,,,,1
2022-11-04,US.CIEN,SELL,127,45.22,-5.74,ATR_TRAIL,atr_breakout,2022-10-25,11.49,,,,,,10
2022-11-04,US.EQIX,SELL,2,541.560912425,-1.08,ATR_TRAIL,atr_breakout,2022-11-03,2.17,,,,,,1
2022-11-17,US.UFO,SELL,209,19.204356827,-41.56,ATR_TRAIL,atr_breakout,2022-10-31,8.06,,,,,,17
2022-12-22,US.CRDO,SELL,354,12.94,-4.58,ATR_TRAIL,atr_breakout,2022-10-25,9.16,,,,,,58
2023-01-03,US.CAT,SELL,44,226.0051016,2015.7,STRAT_EXIT,atr_breakout,2022-10-21,17.86,,,,,,74
2023-01-05,US.ORLY,SELL,134,55.619333611,580.63,STRAT_EXIT,atr_breakout,2022-10-24,14.32,,,,,,73
2023-01-06,US.SYM,SELL,99,12.41,-32.91,ACTIVE_REPLACEMENT,atr_breakout,2023-01-05,2.49,,US.GLW,52.36,OBSERVATION_EVICT,,1
2023-01-18,US.PDD,SELL,47,89.55,-280.57,STOP_LOSS,atr_breakout,2023-01-05,8.69,,,,,,13
2023-01-20,US.GLW,SELL,173,32.446367599,-5.61,ATR_TRAIL,atr_breakout,2023-01-06,11.23,,,,,,14
2023-01-25,US.GOOG,SELL,61,95.884610463,-160.04,STRAT_EXIT,atr_breakout,2023-01-20,11.85,,,,,,5
2023-02-02,US.FN,SELL,54,133.33,1084.68,STRAT_EXIT,atr_breakout,2022-10-25,13.31,,,,,,100
2023-02-03,US.GDX,SELL,198,29.271739545,-120.49,ATR_TRAIL,atr_breakout,2023-01-04,11.71,,,,,,30
2023-02-03,US.GLD,SELL,8,173.46,17.81,ACTIVE_REPLACEMENT,atr_breakout,2023-01-03,2.76,,US.REGN,51.28,OBSERVATION_EVICT,,31
2023-02-06,US.CCJ,SELL,154,27.108908692,-14.89,ATR_TRAIL,atr_breakout,2023-01-25,8.36,,,,,,12
2023-02-06,US.MRVL,SELL,121,44.514539428,-451.55,STOP_LOSS,atr_breakout,2023-02-02,11.22,,,,,,4
2023-02-07,US.AI,SELL,131,24.53,-180.06,STOP_LOSS,atr_breakout,2023-02-03,6.6,,,,,,4
2023-02-08,US.REGN,SELL,7,743.518959201,-237.58,STRAT_EXIT,atr_breakout,2023-02-03,10.64,,,,,,5
2023-02-09,US.MSFT,SELL,17,256.322820983,-69.48,STRAT_EXIT,atr_breakout,2023-02-07,8.78,Correction,,,,,2
2023-02-10,US.APP,SELL,240,15.29,-200.47,STOP_LOSS,atr_breakout,2023-02-09,7.54,,,,,,1
2023-02-15,US.BKR,SELL,241,29.920217299,1523.87,STRAT_EXIT,atr_breakout,2022-10-19,12.89,,,,,,119
2023-02-21,US.FTNT,SELL,100,59.64,-5.96,ATR_TRAIL,atr_breakout,2023-02-08,11.93,,,,,,13
2023-02-21,US.ADI,SELL,32,175.507368341,-313.96,STOP_LOSS,atr_breakout,2023-02-15,11.54,,,,,,6
2023-02-22,US.DXCM,SELL,49,111.65,-311.23,STOP_LOSS,atr_breakout,2023-02-10,11.25,,,,,,12
2023-02-24,US.KDP,SELL,43,32.410176432,-13.85,STRAT_EXIT,atr_breakout,2023-02-23,2.8,,,,,,1
2023-03-02,US.SMCI,SELL,462,9.607349999999999,-238.05,STOP_LOSS,atr_breakout,2023-02-27,9.11,,,,,,3
2023-03-09,US.LIN,SELL,4,329.213755202,-7.94,ATR_TRAIL,atr_breakout,2023-02-24,2.64,,,,,,13
2023-03-10,US.QQQ,SELL,16,282.375009801,-240.01,MA200_BREAK,core_etf,2023-02-06,9.27,,,,,,32
2023-03-13,US.BKNG,SELL,13,95.526424008,-71.99,STOP_LOSS,atr_breakout,2023-03-02,2.55,,,,,,11
2023-04-05,US.SCCO,SELL,132,62.207026664,2397.21,STRAT_EXIT,atr_breakout,2022-11-04,14.02,,,,,,152
2023-04-05,US.COPX,SELL,183,35.693874522,1132.03,STRAT_EXIT,atr_breakout,2022-11-04,11.93,,,,,,152
2023-04-06,US.RTX,SELL,6,91.608868963,11.82,STRAT_EXIT,boll_mr,2023-03-10,1.09,,,,,,27
2023-04-13,US.XEL,SELL,99,63.621752215,-13.39,STRAT_EXIT,atr_breakout,2023-04-05,12.6,,,,,,8
2023-04-24,US.SCCO,SELL,94,66.633021823,-85.06,STRAT_EXIT,atr_breakout,2023-04-13,12.61,,,,,,11
2023-04-25,US.PANW,SELL,75,91.285,-201.1,ATR_TRAIL,atr_breakout,2023-02-22,13.89,,,,,,62
2023-04-26,US.AMGN,SELL,30,215.746786016,-401.38,STOP_LOSS,atr_breakout,2023-04-05,13.34,,,,,,21
2023-04-26,US.TTWO,SELL,49,121.4005,-319.03,STOP_LOSS,atr_breakout,2023-04-24,12.21,,,,,,2
2023-05-03,US.SBUX,SELL,15,95.96820391,-105.43,STOP_LOSS,atr_breakout,2023-04-26,2.98,,,,,,7
2023-05-08,US.AVGO,SELL,100,60.355777549,1.85,STRAT_EXIT,atr_breakout,2023-03-03,12.06,,,,,,66
2023-05-10,US.ABNB,SELL,47,113.19,-590.94,STOP_LOSS,atr_breakout,2023-05-08,11.23,,,,,,2
2023-05-22,US.PEP,SELL,37,166.927933531,-107.77,ATR_TRAIL,atr_breakout,2023-04-25,12.45,,,,,,27
2023-05-23,US.RKLB,SELL,1160,4.52,-504.04,STOP_LOSS,atr_breakout,2023-05-22,10.99,,,,,,1
2023-05-24,US.PLTR,SELL,106,12.008,-68.26,STOP_LOSS,atr_breakout,2023-05-23,2.61,,,,,,1
2023-05-25,US.SNPS,SELL,1,419.865,54.35,TAKE_PROFIT,boll_mr,2023-04-26,0.78,,,,,,29
2023-05-25,US.FN,SELL,13,98.34,-1.28,ATR_TRAIL,atr_breakout,2023-05-23,2.56,,,,,,2
2023-05-26,US.GE,SELL,119,80.553319911,3032.53,STRAT_EXIT,atr_breakout,2023-01-04,16.13,,,,,,142
2023-06-12,US.AVGO,SELL,82,77.978175512,-6.39,ATR_TRAIL,atr_breakout,2023-05-26,12.79,,,,,,17
2023-06-22,US.GLD,SELL,34,177.71,-11.14,ATR_TRAIL,atr_breakout,2023-03-13,12.09,,,,,,101
2023-06-22,US.BE,SELL,273,16.0075,-234.37,STOP_LOSS,atr_breakout,2023-06-12,8.97,,,,,,10
2023-06-26,US.ASTS,SELL,681,6.4885,-236.98,STOP_LOSS,atr_breakout,2023-06-22,9.07,,,,,,4
2023-07-06,US.AMAT,SELL,46,135.8474728879,-335.14,STOP_LOSS,atr_breakout,2023-06-27,12.83,,,,,,9
2023-07-06,US.VRT,SELL,62,23.555122494,-1.46,ATR_TRAIL,atr_breakout,2023-06-23,2.92,,,,,,13
2023-07-13,US.KDP,SELL,47,28.883943964,-31.08,STRAT_EXIT,atr_breakout,2023-07-06,2.74,,,,,,7
2023-08-01,US.HWM,SELL,126,47.688753946,-6.01,ATR_TRAIL,atr_breakout,2023-06-27,12.02,,,,,,35
2023-08-03,US.ANET,SELL,128,44.082375,-302.62,STOP_LOSS,atr_breakout,2023-08-01,11.58,,,,,,2
2023-08-04,US.TTWO,SELL,10,141.85,-1.42,ATR_TRAIL,atr_breakout,2023-06-23,2.84,,,,,,42
2023-08-08,US.DDOG,SELL,60,86.0,-5.16,ATR_TRAIL,atr_breakout,2023-05-10,10.32,,,,,,90
2023-08-16,US.STX,SELL,96,59.875249491,-372.0,STOP_LOSS,atr_breakout,2023-08-03,11.86,,,,,,13
2023-08-18,US.PANW,SELL,42,102.155,-4.29,ATR_TRAIL,atr_breakout,2023-05-24,8.58,,,,,,86
2023-08-23,US.ROST,SELL,39,115.182745672,-4.49,ATR_TRAIL,atr_breakout,2023-08-18,8.98,,,,,,5
2023-08-25,US.FN,SELL,37,154.8405,-307.26,STOP_LOSS,atr_breakout,2023-08-23,11.76,,,,,,2
2023-08-29,US.INTU,SELL,8,509.173012083,-4.07,ATR_TRAIL,atr_breakout,2023-08-25,8.15,,,,,,4
2023-08-30,US.CPRT,SELL,137,45.07,1652.21,STRAT_EXIT,atr_breakout,2023-01-25,10.69,,,,,,217
2023-09-11,US.ISRG,SELL,28,302.35,2545.41,STRAT_EXIT,atr_breakout,2022-10-19,14.38,,,,,,327
2023-09-11,US.BKR,SELL,195,34.620411314,694.52,STRAT_EXIT,atr_breakout,2023-07-07,12.8,,,,,,66
2023-09-14,US.DDOG,SELL,65,96.78599999999999,-337.4,STOP_LOSS,atr_breakout,2023-09-11,12.91,,,,,,3
2023-09-15,US.META,SELL,24,297.695775623,1461.95,STRAT_EXIT,atr_breakout,2023-04-27,12.82,,,,,,141
2023-09-18,US.INTU,SELL,11,524.82930969,-21.74,ATR_TRAIL,atr_breakout,2023-08-29,11.56,,,,,,20
2023-09-19,US.APP,SELL,35,39.73,-151.19,STOP_LOSS,atr_breakout,2023-09-18,2.93,,,,,,1
2023-09-21,US.CSCO,SELL,91,49.46455979,-121.8,ATR_TRAIL,atr_breakout,2023-08-17,9.12,,,,,,35
2023-09-21,US.VRSK,SELL,19,236.308614938,-12.04,ATR_TRAIL,atr_breakout,2023-08-30,8.99,,,,,,22
2023-09-21,US.TSLA,SELL,21,255.7,-380.85,STOP_LOSS,atr_breakout,2023-09-11,11.11,Sideways,,,,,10
2023-09-21,US.CCJ,SELL,37,38.0588400911,-75.52,STOP_LOSS,atr_breakout,2023-09-15,2.89,,,,,,6
2023-09-22,US.VRTX,SELL,14,349.53,-127.11,STRAT_EXIT,atr_breakout,2023-09-19,9.91,,,,,,3
2023-09-26,US.CTAS,SELL,51,116.911612952,-560.16,STOP_LOSS,atr_breakout,2023-09-14,12.48,,,,,,12
2023-09-27,US.PAYX,SELL,6,100.8104107575,-32.44,STOP_LOSS,boll_mr,2023-09-18,1.24,,,,,,9
2023-09-27,US.XEL,SELL,119,51.90180197675,-331.25,STOP_LOSS,atr_breakout,2023-09-20,12.68,,,,,,7
2023-09-27,US.URA,SELL,321,23.29542974715,-401.05,STOP_LOSS,atr_breakout,2023-09-25,15.35,,,,,,2
2023-10-03,US.MNST,SELL,13,50.501999999999995,-35.21,STOP_LOSS,boll_mr,2023-09-28,1.35,,,,,,5
2023-10-03,US.GDX,SELL,27,24.809054319,-35.92,STOP_LOSS,boll_mr,2023-09-28,1.37,,,,,,5
2023-10-06,US.KDP,SELL,25,27.583462971,-36.98,STOP_LOSS,boll_mr,2023-09-28,1.42,,,,,,8
2023-10-10,US.FAST,SELL,56,26.128655735,-8.54,ACTIVE_REPLACEMENT,atr_breakout,2023-10-06,2.93,,US.SMCI,54.32,OBSERVATION_EVICT,,4
2023-10-10,US.PCAR,SELL,19,77.945069991,-13.6,ACTIVE_REPLACEMENT,atr_breakout,2023-10-06,2.97,,US.EA,52.88,OBSERVATION_EVICT,,4
2023-10-12,US.PDD,SELL,68,105.64,-7.18,ATR_TRAIL,atr_breakout,2023-10-06,14.37,,,,,,6
2023-10-12,US.SMCI,SELL,157,29.320999999,-273.07,STOP_LOSS,atr_breakout,2023-10-10,9.48,,,,,,2
2023-10-13,US.META,SELL,4,311.950596486,-4.18,ATR_TRAIL,atr_breakout,2023-10-06,2.5,,,,,,7
2023-10-18,US.FN,SELL,51,167.67,-20.28,ATR_TRAIL,atr_breakout,2023-09-28,17.11,,,,,,20
2023-10-18,US.VRTX,SELL,4,367.55,26.25,STRAT_EXIT,atr_breakout,2023-10-06,2.91,,,,,,12
2023-10-19,US.EA,SELL,49,126.393668749,-6.19,ATR_TRAIL,atr_breakout,2023-10-10,12.39,,,,,,9
2023-10-19,US.AVGO,SELL,77,84.164305618,-288.53,STRAT_EXIT,atr_breakout,2023-10-12,13.24,,,,,,7
2023-10-19,US.GLD,SELL,8,180.87,-1.45,ATR_TRAIL,atr_breakout,2023-10-18,2.89,,,,,,1
2023-10-20,US.CRWD,SELL,127,44.1725,-5.61,ATR_TRAIL,atr_breakout,2023-10-06,11.22,,,,,,14
2023-10-27,US.FANG,SELL,41,142.55291106225,-313.46,STOP_LOSS,atr_breakout,2023-10-13,12.0,,,,,,14
2023-10-31,US.AMGN,SELL,26,235.084381064,-77.92,ATR_TRAIL,atr_breakout,2023-08-08,12.3,,,,,,84
2023-11-01,US.GLD,SELL,32,183.09,-5.86,ATR_TRAIL,atr_breakout,2023-10-19,11.72,,,,,,13
2023-11-01,US.ANET,SELL,31,50.0925,-1.55,ATR_TRAIL,atr_breakout,2023-10-31,3.11,,,,,,1
2023-11-02,US.LMT,SELL,3,425.462459228,8.2,ACTIVE_REPLACEMENT,atr_breakout,2023-10-31,2.54,,US.SBUX,51.9,OBSERVATION_EVICT,,2
2023-11-06,US.CCJ,SELL,158,40.568924229,-22.12,ATR_TRAIL,atr_breakout,2023-10-31,12.84,,,,,,6
2023-11-08,US.QCOM,SELL,5,114.60795404279999,74.17,TAKE_PROFIT,boll_mr,2023-10-26,1.07,,,,,,13
2023-11-30,US.SBUX,SELL,65,93.123039031,-16.02,ATR_TRAIL,atr_breakout,2023-11-02,12.12,,,,,,28
2023-12-04,US.ANET,SELL,119,52.71,-6.27,ATR_TRAIL,atr_breakout,2023-11-01,12.54,,,,,,33
2023-12-04,US.CEG,SELL,50,116.4150993632,-312.18,STOP_LOSS,atr_breakout,2023-11-06,11.95,,,,,,28
2023-12-05,US.AMZN,SELL,37,146.88,360.13,STRAT_EXIT,atr_breakout,2023-11-01,10.5,Bull,,,,,34
2023-12-11,US.RTX,SELL,98,77.962145331,373.35,STRAT_EXIT,atr_breakout,2023-10-24,14.9,,,,,,48
2023-12-12,US.LIN,SELL,1,414.10168536669994,53.6,TAKE_PROFIT,boll_mr,2023-09-22,0.77,,,,,,81
2023-12-12,US.AVGO,SELL,64,99.818247715,-6.39,ATR_TRAIL,atr_breakout,2023-12-11,12.78,,,,,,1
2024-01-02,US.SNOW,SELL,33,187.68,-6.19,ATR_TRAIL,atr_breakout,2023-11-30,12.39,,,,,,33
2024-01-03,US.AVGO,SELL,62,103.135783195,-59.5,ATR_TRAIL,atr_breakout,2023-12-12,12.84,,,,,,22
2024-01-03,US.ONDS,SELL,1376,1.7289999999999999,-127.6,STOP_LOSS,atr_breakout,2024-01-02,4.88,,,,,,1
2024-01-08,US.PPA,SELL,69,88.391686607,-6.1,ATR_TRAIL,atr_breakout,2023-12-04,12.2,,,,,,35
2024-01-17,US.IDXX,SELL,13,515.48,-21.39,ATR_TRAIL,atr_breakout,2023-12-04,13.42,,,,,,44
2024-01-24,US.DDOG,SELL,11,122.58,-39.3,ATR_TRAIL,atr_breakout,2024-01-17,2.73,,,,,,7
2024-01-31,US.TSM,SELL,59,109.375284209,-10.45,ATR_TRAIL,atr_breakout,2024-01-18,12.91,,,,,,13
2024-02-07,US.AMGN,SELL,22,274.154477853,-37.02,ATR_TRAIL,atr_breakout,2024-01-02,12.09,,,,,,36
2024-02-20,US.TSM,SELL,54,121.013836937,-6.53,ATR_TRAIL,atr_breakout,2024-02-07,13.07,,,,,,13
2024-02-26,US.PAYX,SELL,12,114.258603891,-13.82,STRAT_EXIT,atr_breakout,2024-02-20,2.75,,,,,,6
2024-03-04,US.ADP,SELL,28,231.599638597,-6.48,ATR_TRAIL,atr_breakout,2024-01-31,12.97,,,,,,33
2024-03-07,US.COHR,SELL,92,63.5455,-313.54,STOP_LOSS,atr_breakout,2024-03-04,12.0,,,,,,3
2024-03-08,US.ASML,SELL,6,975.35393781,-318.14,STOP_LOSS,atr_breakout,2024-03-07,12.02,,,,,,1
2024-04-11,US.REGN,SELL,5,910.043561353,-4.55,ATR_TRAIL,atr_breakout,2024-01-03,9.1,,,,,,99
2024-04-16,US.EXC,SELL,191,32.877077554,-19.64,ATR_TRAIL,atr_breakout,2024-02-21,12.57,,,,,,55
2024-04-17,US.DDOG,SELL,35,123.55,-258.07,STOP_LOSS,atr_breakout,2024-04-11,8.9,,,,,,6
2024-04-19,US.CHAT,SELL,17,31.001750663,-31.77,STOP_LOSS,boll_mr,2024-04-16,1.09,,,,,,3
2024-04-24,US.LIN,SELL,3,422.226513636,-1.27,ATR_TRAIL,atr_breakout,2024-02-20,2.53,,,,,,64
2024-04-24,US.KDP,SELL,46,29.47140148,-1.36,ATR_TRAIL,atr_breakout,2024-04-19,2.71,,,,,,5
2024-04-30,US.COST,SELL,7,715.155878086,914.81,STRAT_EXIT,atr_breakout,2023-12-05,9.09,,,,,,147
2024-05-13,US.IGV,SELL,7,81.47487896,4.96,STRAT_EXIT,boll_mr,2024-04-16,1.14,,,,,,27
2024-05-15,US.LMT,SELL,15,437.133409914,-6.56,ATR_TRAIL,atr_breakout,2024-04-19,13.11,,,,,,26
2024-05-30,US.AVGO,SELL,45,133.466154139,-323.41,STOP_LOSS,atr_breakout,2024-05-15,12.33,,,,,,15
2024-06-14,US.AI,SELL,185,28.57,-5.29,ATR_TRAIL,atr_breakout,2024-05-30,10.57,,,,,,15
2024-07-01,US.GLD,SELL,31,215.57,425.46,STRAT_EXIT,atr_breakout,2024-03-08,12.93,,,,,,115
2024-07-05,US.MELI,SELL,3,1658.96,1071.87,STRAT_EXIT,atr_breakout,2023-11-01,8.88,,,,,,247
2024-07-09,US.KDP,SELL,205,30.081976762,-42.11,ATR_TRAIL,atr_breakout,2024-04-24,12.37,,,,,,76
2024-07-11,US.META,SELL,11,509.281285125,-302.92,STOP_LOSS,atr_breakout,2024-07-05,11.5,,,,,,6
2024-07-17,US.TTD,SELL,46,95.24,-293.26,STOP_LOSS,atr_breakout,2024-07-09,9.05,,,,,,8
2024-07-22,US.CMCSA,SELL,176,34.141505366,-167.14,STRAT_EXIT,atr_breakout,2024-07-17,12.18,,,,,,5
2024-07-23,US.ONDS,SELL,2585,1.0735,-148.83,STOP_LOSS,atr_breakout,2024-07-22,5.7,,,,,,1
2024-07-24,US.GE,SELL,36,160.445606293,-350.99,STOP_LOSS,atr_breakout,2024-07-23,11.9,,,,,,1
2024-07-31,US.EQIX,SELL,8,757.040894668,-64.0,STRAT_EXIT,atr_breakout,2024-07-11,12.17,,,,,,20
2024-08-02,US.ADBE,SELL,12,525.31,-6.3,ATR_TRAIL,atr_breakout,2024-06-14,12.61,,,,,,49
2024-08-02,US.TSLA,SELL,30,207.67,-71.93,ATR_TRAIL,atr_breakout,2024-07-01,12.53,Bull,,,,,32
2024-09-03,US.GLW,SELL,143,39.539448873,1073.79,STRAT_EXIT,atr_breakout,2024-04-30,10.23,,,,,,126
2024-09-16,US.PEP,SELL,40,165.724444676,12.65,STRAT_EXIT,atr_breakout,2024-08-02,13.24,,,,,,45
2024-09-18,US.NFLX,SELL,135,69.047,3888.13,STRAT_EXIT,atr_breakout,2023-10-19,14.75,,,,,,335
2024-10-07,US.MNST,SELL,191,49.24,-603.41,STOP_LOSS,atr_breakout,2024-09-18,19.4,,,,,,19
2024-10-14,US.MDLZ,SELL,91,66.407839637,-6.04,ATR_TRAIL,atr_breakout,2024-08-02,12.09,,,,,,73
2024-10-15,US.FANG,SELL,26,171.964327096,-495.18,STOP_LOSS,atr_breakout,2024-10-07,9.43,,,,,,8
2024-10-15,US.ARM,SELL,36,150.67,-406.82,STOP_LOSS,atr_breakout,2024-10-14,11.25,,,,,,1
2024-10-23,US.TMUS,SELL,7,210.765630887,-1.48,ATR_TRAIL,atr_breakout,2024-10-15,2.95,,,,,,8
2024-10-23,US.AAPL,SELL,6,229.043017528,-19.78,STRAT_EXIT,atr_breakout,2024-10-15,2.77,Correction,,,,,8
2024-10-31,US.XEL,SELL,76,61.09154841,-4.64,ATR_TRAIL,atr_breakout,2024-09-16,9.29,,,,,,45
2024-10-31,US.MRVL,SELL,67,79.065878432,-5.3,ATR_TRAIL,atr_breakout,2024-10-15,10.59,,,,,,16
2024-11-19,US.TMUS,SELL,28,226.468898876,-16.13,ATR_TRAIL,atr_breakout,2024-10-24,12.69,,,,,,26
2024-11-25,US.VRT,SELL,42,131.747102487,-378.95,STOP_LOSS,atr_breakout,2024-11-19,11.44,,,,,,6
2024-12-09,US.LMT,SELL,12,488.778332246,-5.87,ATR_TRAIL,atr_breakout,2024-07-24,11.73,,,,,,138
2024-12-19,US.EQIX,SELL,7,891.615264759,-363.69,STOP_LOSS,atr_breakout,2024-11-25,12.84,,,,,,24
2024-12-20,US.AAPL,SELL,20,245.183499235,-4.9,ATR_TRAIL,atr_breakout,2024-12-09,9.81,Sideways,,,,,11
2024-12-26,US.PPA,SELL,5,116.613238512,14.22,ACTIVE_REPLACEMENT,boll_mr,2024-12-19,1.15,,US.ONDS,59.31,OBSERVATION_EVICT,,7
2024-12-26,US.ADI,SELL,2,213.268449867,19.68,ACTIVE_REPLACEMENT,boll_mr,2024-12-19,0.83,,US.RGTI,52.69,OBSERVATION_EVICT,,7
2024-12-27,US.ONDS,SELL,831,2.3844999999999996,-106.27,STOP_LOSS,atr_breakout,2024-12-26,4.07,,,,,,1
2024-12-30,US.RGTI,SELL,130,14.668,-102.27,STOP_LOSS,atr_breakout,2024-12-26,3.91,,,,,,4
2025-01-02,US.TSM,SELL,7,193.41507875489998,-72.61,STOP_LOSS,atr_breakout,2024-12-23,2.78,,,,,,10
2025-01-03,US.RGTI,SELL,79,19.0,-80.5,STOP_LOSS,atr_breakout,2025-01-02,3.08,,,,,,1
2025-01-10,US.UFO,SELL,66,22.696732916,-89.34,STOP_LOSS,atr_breakout,2025-01-03,3.08,,,,,,7
2025-01-13,US.BKNG,SELL,37,184.477534083,-6.83,ATR_TRAIL,atr_breakout,2024-10-31,13.65,,,,,,74
2025-01-13,US.CEG,SELL,15,276.884221339,-390.12,STOP_LOSS,atr_breakout,2025-01-10,8.69,,,,,,3
2025-01-27,US.GEHC,SELL,26,88.80221988829999,298.85,TAKE_PROFIT,boll_mr,2024-12-19,4.32,,,,,,39
2025-01-27,US.KLAC,SELL,100,68.269019492,-6.83,ATR_TRAIL,atr_breakout,2025-01-06,13.65,,,,,,21
2025-01-27,US.BKR,SELL,120,42.336682846,-154.4,ATR_TRAIL,atr_breakout,2025-01-13,10.31,,,,,,14
2025-01-29,US.AEP,SELL,73,92.80205565624999,-363.33,STOP_LOSS,atr_breakout,2025-01-27,13.91,,,,,,2
2025-01-31,US.TTWO,SELL,9,185.51,218.83,STRAT_EXIT,atr_breakout,2024-10-23,3.12,,,,,,100
2025-02-03,US.MNST,SELL,11,47.4905,-28.02,STOP_LOSS,boll_mr,2025-01-13,1.07,,,,,,21
2025-02-13,US.HWM,SELL,54,127.710038614,476.75,STRAT_EXIT,atr_breakout,2025-01-14,13.31,,,,,,30
2025-02-20,US.CRWD,SELL,59,107.77037499999999,-341.01,STOP_LOSS,atr_breakout,2025-02-13,13.05,,,,,,7
2025-02-26,US.STM,SELL,243,25.710126532,-498.22,STOP_LOSS,atr_breakout,2025-02-20,12.99,,,,,,6
2025-03-04,US.INTU,SELL,8,588.4106608091499,-252.46,STOP_LOSS,atr_breakout,2025-02-26,9.66,,,,,,6
2025-03-04,US.RTX,SELL,10,126.038502275,-19.08,ATR_TRAIL,atr_breakout,2025-02-27,2.54,,,,,,5
2025-03-05,US.OKTA,SELL,55,108.31,-5.96,ATR_TRAIL,atr_breakout,2025-03-04,11.91,,,,,,1
2025-03-06,US.QQQ,SELL,33,484.59229671,5888.49,MA200_BREAK,core_etf,2023-04-26,26.08,,,,,,680
2025-03-06,US.SBUX,SELL,62,102.039921429,-157.72,ATR_TRAIL,atr_breakout,2025-01-29,12.8,,,,,,36
2025-03-07,US.OKTA,SELL,51,110.4945,-302.23,STOP_LOSS,atr_breakout,2025-03-05,11.57,,,,,,2
2025-03-07,US.FAST,SELL,263,37.922109908,-9.97,ATR_TRAIL,atr_breakout,2025-03-06,19.95,,,,,,1
2025-03-11,US.FAST,SELL,256,37.678551078,-337.61,STRAT_EXIT,atr_breakout,2025-03-07,19.62,,,,,,4
2025-03-12,US.EA,SELL,73,135.410755723,-58.54,ATR_TRAIL,atr_breakout,2025-03-06,19.82,,,,,,6
2025-03-20,US.SLV,SELL,325,30.5,-87.91,STRAT_EXIT,atr_breakout,2025-03-13,19.9,,,,,,7
2025-03-21,US.LMT,SELL,21,425.223093832,-698.41,STOP_LOSS,atr_breakout,2025-03-07,18.55,,,,,,14
2025-03-27,US.AMD,SELL,87,106.65,-635.68,STOP_LOSS,atr_breakout,2025-03-24,19.18,,,,,,3
2025-03-31,US.GDX,SELL,33,45.638486057,5.37,ACTIVE_REPLACEMENT,atr_breakout,2025-03-27,3.01,,US.EXC,59.03,OBSERVATION_EVICT,,4
2025-04-01,US.SLV,SELL,50,30.63,-36.03,STRAT_EXIT,atr_breakout,2025-03-27,3.1,,,,,,5
2025-04-04,US.EA,SELL,24,134.634819862,-217.15,STOP_LOSS,atr_breakout,2025-03-21,6.68,,,,,,14
2025-04-04,US.MNST,SELL,58,57.08,-16.65,ATR_TRAIL,atr_breakout,2025-03-21,6.63,,,,,,14
2025-04-04,US.EXC,SELL,155,43.383422373,-114.97,ATR_TRAIL,atr_breakout,2025-03-31,13.56,,,,,,4
2025-04-07,US.GLD,SELL,36,273.71,-60.97,ATR_TRAIL,atr_breakout,2025-03-13,19.76,,,,,,25
2025-04-22,US.ORLY,SELL,75,92.902667131,548.08,STRAT_EXIT,atr_breakout,2025-01-27,13.38,,,,,,85
2025-04-24,US.CMCSA,SELL,26,28.1535175067,-39.26,STOP_LOSS,boll_mr,2025-04-07,1.5,,,,,,17
2025-04-29,US.CRDO,SELL,119,43.21,3824.28,ACTIVE_REPLACEMENT,atr_breakout,2023-05-23,6.45,,US.OKTA,44.69,OBSERVATION_EVICT,,707
2025-04-30,US.XAR,SELL,9,170.26357307,9.67,ACTIVE_REPLACEMENT,atr_breakout,2025-04-25,3.05,,US.STX,44.41,OBSERVATION_EVICT,,5
2025-05-06,US.PLTR,SELL,18,107.14099999999999,-103.43,STOP_LOSS,atr_breakout,2025-04-25,3.96,,,,,,11
2025-05-28,US.CDNS,SELL,20,288.61,-26.17,ATR_TRAIL,atr_breakout,2025-04-25,11.56,,,,,,33
2025-05-28,US.OKTA,SELL,49,105.225,-363.59,STOP_LOSS,atr_breakout,2025-04-29,10.67,,,,,,29
2025-05-29,US.ONDS,SELL,2890,1.0165,-157.55,STOP_LOSS,atr_breakout,2025-05-28,6.03,,,,,,1
2025-05-30,US.AI,SELL,317,26.41,-449.0,STOP_LOSS,atr_breakout,2025-05-29,17.18,,,,,,1
2025-06-10,US.GE,SELL,13,240.426126622,-24.69,ATR_TRAIL,atr_breakout,2025-05-28,6.27,,,,,,13
2025-08-01,US.ZS,SELL,36,275.7,-9.93,ATR_TRAIL,atr_breakout,2025-05-30,19.85,,,,,,63
2025-08-05,US.IDXX,SELL,14,641.94,-580.75,STOP_LOSS,atr_breakout,2025-08-04,18.55,,,,,,1
2025-08-06,US.PLTR,SELL,57,173.27,-9.88,ATR_TRAIL,atr_breakout,2025-08-05,19.75,,,,,,1
2025-08-07,US.CRWD,SELL,45,106.22,-4.78,ATR_TRAIL,atr_breakout,2025-04-25,9.56,,,,,,104
2025-08-20,US.ANET,SELL,72,131.47,-535.79,STOP_LOSS,atr_breakout,2025-08-06,19.46,,,,,,14
2025-08-20,US.QCOM,SELL,8,152.231416535,55.58,STRAT_EXIT,boll_mr,2025-08-01,2.38,,,,,,19
2025-09-02,US.ADI,SELL,41,241.626464223,-9.91,ATR_TRAIL,atr_breakout,2025-08-20,19.81,,,,,,13
2025-09-29,US.NVDA,SELL,126,181.618355833,16288.83,STRAT_EXIT,atr_breakout,2024-01-08,29.46,Correction,,,,,630
2025-09-29,US.DLR,SELL,42,166.507681065,504.89,STRAT_EXIT,atr_breakout,2025-04-25,13.47,,,,,,157
2025-10-21,US.COPX,SELL,173,57.676645214,-9.98,ATR_TRAIL,atr_breakout,2025-09-29,19.96,,,,,,22
2025-10-31,US.ADP,SELL,24,253.84037527916115,78.1,ATR_TRAIL,atr_breakout,2024-07-31,12.1,,,,,,457
2025-11-03,US.CRDO,SELL,21,178.239,-200.74,STOP_LOSS,atr_breakout,2025-10-31,7.68,,,,,,3
2025-11-04,US.SYM,SELL,46,75.6,-249.58,STOP_LOSS,atr_breakout,2025-10-31,7.2,,,,,,4
2025-11-13,US.JEPI,SELL,184,53.810059405,-64.18,STRAT_EXIT,atr_breakout,2025-10-21,19.86,,,,,,23
2025-11-14,US.GLD,SELL,30,375.96,1499.82,STRAT_EXIT,atr_breakout,2025-09-02,21.05,,,,,,73
2025-11-17,US.IDXX,SELL,13,669.0,-709.92,STOP_LOSS,atr_breakout,2025-11-03,18.1,,,,,,14
2025-12-03,US.REGN,SELL,13,721.722585214,-19.26,ATR_TRAIL,atr_breakout,2025-11-18,18.77,,,,,,15
2025-12-04,US.AEP,SELL,35,115.77119274614999,-217.31,STOP_LOSS,atr_breakout,2025-11-17,8.32,,,,,,17
2025-12-11,US.META,SELL,15,651.016807599,-141.72,STRAT_EXIT,atr_breakout,2025-12-04,19.66,,,,,,7
2025-12-12,US.DLR,SELL,10,147.0887998428,-78.89,STOP_LOSS,boll_mr,2025-11-14,3.02,,,,,,28
2025-12-12,US.CIEN,SELL,41,218.44,-990.09,STOP_LOSS,atr_breakout,2025-12-11,18.89,,,,,,1
2025-12-16,US.CSCO,SELL,130,76.553320829,-9.95,ATR_TRAIL,atr_breakout,2025-11-13,19.9,,,,,,33
2025-12-22,US.ADP,SELL,38,255.671736795,-247.61,STRAT_EXIT,atr_breakout,2025-12-12,19.67,,,,,,10
2025-12-23,US.RKLB,SELL,96,73.6725,-379.31,STOP_LOSS,atr_breakout,2025-12-22,14.52,,,,,,1
2025-12-29,US.SLV,SELL,154,64.84,-9.99,ATR_TRAIL,atr_breakout,2025-12-23,19.97,,,,,,6
2026-01-02,US.TTWO,SELL,14,251.6,-91.86,STRAT_EXIT,atr_breakout,2025-12-30,7.13,,,,,,3
2026-01-29,US.NXPI,SELL,44,224.616593321,-9.88,ATR_TRAIL,atr_breakout,2025-12-03,19.77,,,,,,57
2026-01-30,US.AA,SELL,177,56.357367658,-9.98,ATR_TRAIL,atr_breakout,2026-01-02,19.95,,,,,,28
2026-02-03,US.META,SELL,13,690.468345146,-613.83,STOP_LOSS,atr_breakout,2026-01-29,18.56,,,,,,5
2026-02-06,US.CSCO,SELL,120,82.662082561,-9.92,ATR_TRAIL,atr_breakout,2026-02-03,19.84,,,,,,3
2026-02-12,US.ALGN,SELL,53,183.86,-207.96,ATR_TRAIL,atr_breakout,2026-02-06,19.69,,,,,,6
2026-03-20,US.QQQ,SELL,5,580.688654416,144.41,MA200_BREAK,core_etf,2025-08-01,5.66,,,,,,231
2026-03-20,US.PEP,SELL,66,148.477852838,-155.45,ATR_TRAIL,atr_breakout,2026-01-30,19.74,,,,,,49
2026-04-13,US.XEL,SELL,66,79.848300612,224.0,STRAT_EXIT,boll_mr,2026-03-23,10.31,,,,,,21
2026-04-14,US.SNDK,SELL,8,904.875,-388.24,STOP_LOSS,atr_breakout,2026-04-13,14.86,,,,,,1
2026-04-29,US.CMCSA,SELL,372,26.400293257,-176.02,ATR_TRAIL,atr_breakout,2025-12-16,19.81,,,,,,134
2026-05-04,US.NVDA,SELL,50,196.281233866,-9.81,ATR_TRAIL,atr_breakout,2026-04-14,19.63,Bull,,,,,20
2026-05-06,US.FANG,SELL,47,194.012928786,-879.0,STOP_LOSS,atr_breakout,2026-05-04,19.11,,,,,,2
2026-05-07,US.NXPI,SELL,34,288.272139177,-9.8,ATR_TRAIL,atr_breakout,2026-04-29,19.6,,,,,,8
2026-05-08,US.AMD,SELL,23,421.39,-9.69,ATR_TRAIL,atr_breakout,2026-05-06,19.38,,,,,,2
2026-05-08,US.PANW,SELL,50,196.53,-9.83,ATR_TRAIL,atr_breakout,2026-05-07,19.65,,,,,,1
2026-05-12,US.AMD,SELL,21,432.4305,-487.03,STOP_LOSS,atr_breakout,2026-05-08,18.64,,,,,,4
2026-05-13,US.QUBT,SELL,515,11.03,-391.93,STOP_LOSS,atr_breakout,2026-05-12,11.75,,,,,,1
2026-05-18,US.ON,SELL,86,109.43,-549.49,STOP_LOSS,atr_breakout,2026-05-13,19.36,,,,,,5
2026-05-27,US.ZS,SELL,57,126.41,-2759.17,STOP_LOSS,atr_breakout,2026-05-18,17.16,,,,,,9
2026-05-28,US.RKLB,SELL,11,142.71849999999998,-84.2,STOP_LOSS,atr_breakout,2026-05-27,3.22,,,,,,1
2026-05-28,US.ASTS,SELL,13,123.11999999999999,-85.84,STOP_LOSS,atr_breakout,2026-05-27,3.29,,,,,,1
2026-06-04,US.GE,SELL,5,316.8150837,-1.58,ATR_TRAIL,atr_breakout,2026-05-27,3.17,,,,,,8
2026-06-05,US.SNOW,SELL,19,238.26,-22.39,ATR_TRAIL,atr_breakout,2026-05-28,9.07,,,,,,8
2026-06-11,US.DLR,SELL,56,177.904449129,-9.96,ATR_TRAIL,atr_breakout,2026-02-12,19.93,,,,,,119
2026-06-18,US.LMT,SELL,14,510.95,-535.37,STOP_LOSS,atr_breakout,2026-06-11,14.83,,,,,,7
2026-06-23,US.TMUS,SELL,3,184.57,18.86,STRAT_EXIT,boll_mr,2026-06-05,1.09,,,,,,18
2026-06-23,US.KDP,SELL,179,29.6944876908,-285.07,STOP_LOSS,atr_breakout,2026-06-09,10.91,,,,,,14
2026-06-23,US.TSM,SELL,13,436.39,-340.16,STOP_LOSS,atr_breakout,2026-06-18,11.68,,,,,,5
2026-07-01,US.AEP,SELL,47,135.05,55.22,STRAT_EXIT,atr_breakout,2026-06-23,12.63,,,,,,8
2026-07-02,US.LIN,SELL,10,533.55,-5.34,ATR_TRAIL,atr_breakout,2026-07-01,10.67,,,,,,1
