date,code,side,qty,price,pnl,reason,strategy,trend_score,fundamental_score,news_score,weather_score,total_score,score_label,replacement_from,replacement_score_delta
2015-01-02,US.QQQ,BUY,133,93.879533557,,QQQ_BETA_FLOOR,core_etf,,,,,,,,
2015-03-09,US.GLD,BUY,6,111.97,,SIGNAL,boll_mr,24.391452148323804,,,100.0,49.59,OBSERVATION,,
2015-03-11,US.RSP,BUY,10,65.642858534,,SIGNAL,boll_mr,30.23867740283382,,,100.0,53.49,OBSERVATION,,
2015-03-16,US.STM,BUY,879,8.223306609,,SIGNAL,atr_breakout,100.0,,,100.0,100.0,FULL,,
2015-03-16,US.REGN,BUY,12,448.06920497,,SIGNAL,atr_breakout,100.0,,,100.0,100.0,FULL,,
2015-03-16,US.PAYX,BUY,131,35.940754449,,SIGNAL,atr_breakout,78.77266431168178,,,100.0,85.85,FULL,,
2015-03-16,US.CTAS,BUY,148,18.977131299,,SIGNAL,atr_breakout,56.963601712475075,,,100.0,71.31,PARTIAL,,
2015-03-16,US.ORLY,BUY,167,14.337000071,,SIGNAL,atr_breakout,47.93677927514009,,,100.0,65.29,PARTIAL,,
2015-03-16,US.AMGN,BUY,17,117.642047435,,SIGNAL,atr_breakout,45.01681079867063,,,100.0,63.34,PARTIAL,,
2015-03-16,US.INTU,BUY,19,90.672907363,,SIGNAL,atr_breakout,42.959789142035525,,,100.0,61.97,PARTIAL,,
2015-03-16,US.COHR,BUY,24,18.05,,SIGNAL,atr_breakout,11.882089598484235,,,100.0,41.25,OBSERVATION,,
2015-03-17,US.REGN,BUY,6,463.967890929,,SIGNAL,atr_breakout,100.0,,,100.0,100.0,FULL,,
2015-03-18,US.AMGN,BUY,23,120.174854811,,SIGNAL,atr_breakout,79.08996823214312,,,100.0,86.06,FULL,,
2015-03-23,US.SLV,BUY,38,16.3,,SIGNAL,atr_breakout,37.85484988470713,,,100.0,58.57,OBSERVATION,,
2015-03-26,US.FANG,BUY,66,59.142639644,,SIGNAL,atr_breakout,46.389278481123895,,,100.0,64.26,PARTIAL,,
2015-03-30,US.ADI,BUY,88,51.802658535,,SIGNAL,atr_breakout,100.0,,,100.0,100.0,FULL,,
2015-03-30,US.EA,BUY,64,57.713079693,,SIGNAL,atr_breakout,75.98251154246836,,,100.0,83.99,FULL,,
2015-04-02,US.COHR,BUY,141,18.91,,SIGNAL,atr_breakout,46.31412921710593,,,100.0,64.21,PARTIAL,,
2015-04-02,US.VRSK,BUY,9,68.710124267,,SIGNAL,atr_breakout,26.709393295178486,,,100.0,51.14,OBSERVATION,,
2015-04-02,US.MDLZ,BUY,23,28.084039448,,SIGNAL,atr_breakout,11.490282813375687,,,100.0,40.99,OBSERVATION,,
2015-04-06,US.WDAY,BUY,11,88.5,,SIGNAL,atr_breakout,24.328748484393472,,,100.0,49.55,OBSERVATION,,
2015-04-08,US.CDNS,BUY,163,19.07,,SIGNAL,atr_breakout,48.29969540160381,,,100.0,65.53,PARTIAL,,
2015-04-08,US.SNPS,BUY,16,47.58,,SIGNAL,atr_breakout,37.33477164356647,,,100.0,58.22,OBSERVATION,,
2015-04-10,US.ISRG,BUY,59,58.927709839,,SIGNAL,atr_breakout,100.0,,,100.0,100.0,FULL,US.MDLZ,59.01
2015-04-10,US.DXCM,BUY,177,16.9725,,SIGNAL,atr_breakout,100.0,,,100.0,100.0,FULL,US.WDAY,50.45
2015-04-10,US.GE,BUY,20,122.096410424,,SIGNAL,atr_breakout,100.0,,,100.0,100.0,FULL,US.GLD,50.41
2015-04-13,US.NFLX,BUY,405,6.7808038,,SIGNAL,atr_breakout,100.0,,,100.0,100.0,FULL,,
2015-04-14,US.CAT,BUY,10,62.396406984,,SIGNAL,atr_breakout,13.920300026706311,,,100.0,42.61,OBSERVATION,,
2015-04-15,US.CAT,BUY,43,64.043943262,,SIGNAL,atr_breakout,100.0,,,100.0,100.0,FULL,,
2015-04-15,US.CCJ,BUY,162,14.681739486,,SIGNAL,atr_breakout,100.0,,,100.0,100.0,FULL,US.VRSK,48.86
2015-04-17,US.STX,BUY,21,34.71590785,,SIGNAL,atr_breakout,21.06617511388511,,,100.0,47.38,OBSERVATION,,
2015-04-20,US.CIEN,BUY,106,21.85,,SIGNAL,atr_breakout,43.62584160168921,,,100.0,62.42,PARTIAL,,
2015-04-21,US.FTNT,BUY,367,7.616,,SIGNAL,atr_breakout,100.0,,,100.0,100.0,FULL,,
2015-04-21,US.PCAR,BUY,82,29.011443267,,SIGNAL,atr_breakout,100.0,,,100.0,100.0,FULL,US.STX,52.62
2015-04-27,US.TSLA,BUY,196,15.4365123,,SIGNAL,atr_breakout,100.0,,,100.0,100.0,FULL,,
2015-04-27,US.COPX,BUY,125,19.327616677,,SIGNAL,atr_breakout,100.0,,,100.0,100.0,FULL,,
2015-04-29,US.VRSK,BUY,33,73.064522623,,SIGNAL,atr_breakout,100.0,,,100.0,100.0,FULL,,
2015-04-30,US.EQIX,BUY,11,197.029982134,,SIGNAL,atr_breakout,100.0,,,100.0,100.0,FULL,,
2015-05-06,US.EA,BUY,10,59.129946959,,SIGNAL,atr_breakout,21.32420006977343,,,100.0,47.55,OBSERVATION,,
2015-05-08,US.MDLZ,BUY,107,30.294696487,,SIGNAL,atr_breakout,54.91634582763126,,,100.0,69.94,PARTIAL,,
2015-05-08,US.INTU,BUY,8,93.989016626,,SIGNAL,atr_breakout,37.378773347096114,,,100.0,58.25,OBSERVATION,,
2015-05-08,US.ADP,BUY,11,68.073253036,,SIGNAL,atr_breakout,28.236923922306147,,,100.0,52.16,OBSERVATION,,
2015-05-08,US.NXPI,BUY,8,91.615116087,,SIGNAL,atr_breakout,27.54865942450795,,,100.0,51.7,OBSERVATION,,
2015-05-13,US.SLV,BUY,215,16.35,,SIGNAL,atr_breakout,100.0,,,100.0,100.0,FULL,,
2015-05-13,US.ROK,BUY,6,99.405052449,,SIGNAL,atr_breakout,36.23533222806044,,,100.0,57.49,OBSERVATION,,
2015-05-14,US.ADBE,BUY,35,79.43,,SIGNAL,atr_breakout,100.0,,,100.0,100.0,FULL,US.NXPI,48.3
2015-05-15,US.QCOM,BUY,10,51.201875613,,SIGNAL,atr_breakout,36.6803890206571,,,100.0,57.79,OBSERVATION,,
2015-05-19,US.TTWO,BUY,109,28.62,,SIGNAL,atr_breakout,100.0,,,100.0,100.0,FULL,,
2015-05-19,US.REGN,BUY,1,500.020120162,,SIGNAL,atr_breakout,27.999389909194004,,,100.0,52.0,OBSERVATION,,
2015-05-20,US.ADI,BUY,47,52.897700074,,SIGNAL,atr_breakout,100.0,,,100.0,100.0,FULL,US.REGN,48.0
2015-05-22,US.INTU,BUY,21,97.657103795,,SIGNAL,atr_breakout,100.0,,,100.0,100.0,FULL,US.ROK,42.51
2015-05-26,US.TMUS,BUY,77,36.865131772,,SIGNAL,atr_breakout,100.0,,,100.0,100.0,FULL,,
2015-05-26,US.PANW,BUY,18,27.306393436,,SIGNAL,atr_breakout,17.935336987520365,,,100.0,45.29,OBSERVATION,,
2015-05-27,US.AVGO,BUY,215,10.661217559,,SIGNAL,atr_breakout,100.0,,,100.0,100.0,FULL,US.PANW,54.71
2015-06-05,US.ANET,BUY,476,4.818125,,SIGNAL,atr_breakout,100.0,,,100.0,100.0,FULL,,
2015-06-09,US.TXN,BUY,6,39.170762123,,SIGNAL,boll_mr,12.770307010127777,,,100.0,41.85,OBSERVATION,,
2015-06-10,US.GILD,BUY,35,80.759029764,,SIGNAL,atr_breakout,100.0,,,100.0,100.0,FULL,,
2015-06-15,US.CIEN,BUY,24,25.9,,SIGNAL,atr_breakout,25.821289001220933,,,100.0,50.55,OBSERVATION,,
2015-06-16,US.DLR,BUY,15,45.463331529,,SIGNAL,atr_breakout,32.86705619264494,,,100.0,55.24,OBSERVATION,,
2015-06-17,US.AMD,BUY,1276,2.47,,SIGNAL,atr_breakout,100.0,,,100.0,100.0,FULL,US.CIEN,49.45
2015-06-18,US.DXCM,BUY,132,19.35,,SIGNAL,atr_breakout,99.34791109675015,,,100.0,99.57,FULL,US.TXN,57.72
2015-06-19,US.FN,BUY,100,19.98,,SIGNAL,atr_breakout,52.52654401052295,,,100.0,68.35,PARTIAL,,
2015-06-22,US.TSEM,BUY,142,17.0,,SIGNAL,atr_breakout,100.0,,,100.0,100.0,FULL,US.DLR,44.76
2015-06-24,US.META,BUY,19,88.086466058,,SIGNAL,atr_breakout,54.435906855888696,,,100.0,69.62,PARTIAL,,
2015-06-26,US.MNST,BUY,105,23.23476765,,SIGNAL,atr_breakout,79.33160325544158,,,100.0,86.22,FULL,,
2015-06-30,US.GLW,BUY,58,14.86283037,,SIGNAL,boll_mr,51.0839885227384,,,100.0,67.39,PARTIAL,,
2015-06-30,US.SOXX,BUY,29,27.549338016,,SIGNAL,boll_mr,48.40654797047263,,,100.0,65.6,PARTIAL,,
2015-07-07,US.EA,BUY,51,67.825241966,,SIGNAL,atr_breakout,100.0,,,100.0,100.0,FULL,,
2015-07-07,US.AEP,BUY,78,35.858207004,,SIGNAL,atr_breakout,100.0,,,100.0,100.0,FULL,,
2015-07-10,US.COST,BUY,15,119.117073582,,SIGNAL,atr_breakout,57.56749679990216,,,100.0,71.71,PARTIAL,,
2015-07-13,US.SBUX,BUY,49,44.43108196,,SIGNAL,atr_breakout,100.0,,,100.0,100.0,FULL,,
2015-07-14,US.GOOG,BUY,83,27.809807716,,SIGNAL,atr_breakout,100.0,,,100.0,100.0,FULL,,
2015-07-22,US.ISRG,BUY,51,61.096555333,,SIGNAL,atr_breakout,100.0,,,100.0,100.0,FULL,,
2015-07-22,US.IDXX,BUY,36,70.36,,SIGNAL,atr_breakout,100.0,,,100.0,100.0,FULL,,
2015-07-23,US.FTNT,BUY,269,9.366,,SIGNAL,atr_breakout,100.0,,,100.0,100.0,FULL,,
2015-07-27,US.EQIX,BUY,2,214.324172637,,SIGNAL,atr_breakout,10.69457794517734,,,100.0,40.46,OBSERVATION,,
2015-07-28,US.CDNS,BUY,114,20.79,,SIGNAL,atr_breakout,100.0,,,100.0,100.0,FULL,US.EQIX,59.54
2015-08-03,US.MNST,BUY,72,25.96807365,,SIGNAL,atr_breakout,64.49947374999712,,,100.0,76.33,PARTIAL,,
2015-08-07,US.XEL,BUY,26,25.035307275,,SIGNAL,atr_breakout,17.908356436480034,,,100.0,45.27,OBSERVATION,,
2015-08-07,US.CMCSA,BUY,12,20.873409755,,SIGNAL,boll_mr,17.75231846503345,,,100.0,45.17,OBSERVATION,,
2015-08-12,US.SLV,BUY,48,14.82,,SIGNAL,atr_breakout,38.403200699274066,,,100.0,58.94,OBSERVATION,,
2015-08-13,US.ORLY,BUY,185,16.928000084,,SIGNAL,atr_breakout,100.0,,,100.0,100.0,FULL,US.CMCSA,54.83
2015-08-17,US.ADP,BUY,39,66.399307289,,SIGNAL,atr_breakout,100.0,,,100.0,100.0,FULL,US.XEL,54.73
2015-08-18,US.FN,BUY,111,20.22,,SIGNAL,atr_breakout,100.0,,,100.0,100.0,FULL,,
2015-08-20,US.GLD,BUY,31,110.42,,SIGNAL,atr_breakout,100.0,,,100.0,100.0,FULL,,
2015-08-20,US.GDX,BUY,145,14.206655604,,SIGNAL,atr_breakout,42.19552620118451,,,100.0,61.46,PARTIAL,,
2015-08-25,US.CPRT,BUY,275,4.19625,,SIGNAL,boll_mr,59.751258776923386,,,100.0,73.17,PARTIAL,,
2015-08-25,US.ISRG,BUY,6,54.93890076,,SIGNAL,boll_mr,35.683352835396256,,,100.0,57.12,OBSERVATION,,
2015-09-11,US.AMD,BUY,452,2.01,,SIGNAL,atr_breakout,34.30957637110196,,,100.0,56.21,OBSERVATION,,
2015-09-11,US.EQIX,BUY,3,225.786736302,,SIGNAL,atr_breakout,24.278620186028572,,,100.0,49.52,OBSERVATION,,
2015-09-15,US.PANW,BUY,98,30.531361166,,SIGNAL,atr_breakout,50.6840647937198,,,100.0,67.12,PARTIAL,,
2015-09-15,US.BKNG,BUY,16,51.654747849,,SIGNAL,atr_breakout,32.491261717576634,,,100.0,54.99,OBSERVATION,,
2015-09-15,US.SMCI,BUY,290,2.8,,SIGNAL,atr_breakout,22.01767590095594,,,100.0,48.01,OBSERVATION,,
2015-09-15,US.AVGO,BUY,78,10.140835626,,SIGNAL,atr_breakout,12.78248353799081,,,100.0,41.85,OBSERVATION,,
2015-09-16,US.GLW,BUY,55,13.89405378,,SIGNAL,atr_breakout,32.89697302346406,,,100.0,55.26,OBSERVATION,,
2015-09-16,US.KLAC,BUY,174,4.349832283,,SIGNAL,atr_breakout,24.08372081618304,,,100.0,49.39,OBSERVATION,,
2015-09-16,US.QQQ,BUY,127,98.147208333,,QQQ_BETA_FLOOR,core_etf,,,,,,,,
2015-09-23,US.ADBE,BUY,10,85.5,,SIGNAL,atr_breakout,22.90946381749526,,,100.0,48.61,OBSERVATION,,
2015-09-23,US.COST,BUY,6,121.712606476,,SIGNAL,atr_breakout,14.757751531665066,,,100.0,43.17,OBSERVATION,,
2015-09-24,US.GLD,BUY,25,110.49,,SIGNAL,atr_breakout,59.29272949691368,,,100.0,72.86,PARTIAL,,
2015-09-24,US.XEL,BUY,31,24.669685935,,SIGNAL,atr_breakout,26.636653682223788,,,100.0,51.09,OBSERVATION,,
2015-09-24,US.SBUX,BUY,16,46.689279745,,SIGNAL,atr_breakout,19.40101679643004,,,100.0,46.27,OBSERVATION,,
2015-09-24,US.ISRG,BUY,5,54.57224143,,SIGNAL,boll_mr,13.173947118227572,,,100.0,42.12,OBSERVATION,,
2015-09-30,US.NVDA,BUY,6854,0.598272779,,SIGNAL,atr_breakout,84.65105757792142,,,100.0,89.77,FULL,,
2015-09-30,US.PAYX,BUY,81,34.131771692,,SIGNAL,atr_breakout,57.96822375008258,,,100.0,71.98,PARTIAL,,
2015-09-30,US.AEP,BUY,20,36.781216439,,SIGNAL,atr_breakout,30.857491064923913,,,100.0,53.9,OBSERVATION,,
2015-10-01,US.VRSK,BUY,44,74.309994641,,SIGNAL,atr_breakout,100.0,,,100.0,100.0,FULL,,
2015-10-02,US.VRSK,BUY,32,75.94527088,,SIGNAL,atr_breakout,62.86903638822232,,,100.0,75.25,PARTIAL,,
2015-10-02,US.DLR,BUY,15,45.224081688,,SIGNAL,atr_breakout,15.454711616228984,,,100.0,43.64,OBSERVATION,,
2015-10-05,US.MSFT,BUY,74,40.376528758,,SIGNAL,atr_breakout,100.0,,,100.0,100.0,FULL,,
2015-10-05,US.GE,BUY,23,116.870421664,,SIGNAL,atr_breakout,100.0,,,100.0,100.0,FULL,US.COST,56.83
2015-10-06,US.HWM,BUY,240,10.79771161,,SIGNAL,atr_breakout,100.0,,,100.0,100.0,FULL,,
2015-10-07,US.SMCI,BUY,763,3.168,,SIGNAL,atr_breakout,100.0,,,100.0,100.0,FULL,US.XEL,48.91
2015-10-08,US.URA,BUY,195,11.490063013,,SIGNAL,atr_breakout,94.64973448408216,,,100.0,96.43,FULL,US.AEP,42.53
2015-10-09,US.COPX,BUY,179,13.798387896,,SIGNAL,atr_breakout,89.17981902639144,,,100.0,92.79,FULL,,
2015-10-09,US.COST,BUY,17,128.859863984,,SIGNAL,atr_breakout,86.68497992223607,,,100.0,91.12,FULL,,
2015-10-09,US.QQQ,BUY,127,97.869457228,,QQQ_BETA_FLOOR,core_etf,,,,,,,,
2015-10-12,US.FN,BUY,36,20.65,,SIGNAL,atr_breakout,50.2314296879086,,,100.0,66.82,PARTIAL,,
2015-10-14,US.GLD,BUY,20,113.81,,SIGNAL,atr_breakout,100.0,,,100.0,100.0,FULL,,
2015-10-15,US.QQQ,BUY,126,98.91072209,,QQQ_BETA_FLOOR,core_etf,,,,,,,,
2015-10-19,US.BKNG,BUY,19,53.90024883,,SIGNAL,atr_breakout,75.46781074899977,,,100.0,83.65,FULL,,
2015-10-21,US.KLAC,BUY,216,5.248315313,,SIGNAL,atr_breakout,100.0,,,100.0,100.0,FULL,,
2015-10-26,US.CIEN,BUY,54,24.6,,SIGNAL,atr_breakout,100.0,,,100.0,100.0,FULL,,
2015-10-26,US.BKNG,BUY,21,55.474410429,,SIGNAL,atr_breakout,71.32061463397498,,,100.0,80.88,FULL,,
2015-10-27,US.REGN,BUY,2,563.138796047,,SIGNAL,atr_breakout,80.40341340130139,,,100.0,86.94,FULL,,
2015-10-28,US.XAR,BUY,26,49.378585115,,SIGNAL,atr_breakout,100.0,,,100.0,100.0,FULL,,
2015-11-09,US.LSCC,BUY,252,5.18,,SIGNAL,atr_breakout,78.51646429498224,,,100.0,85.68,FULL,,
2015-11-13,US.AMAT,BUY,64,15.222252622,,SIGNAL,atr_breakout,43.45648552544264,,,100.0,62.3,PARTIAL,,
2015-11-16,US.AMAT,BUY,62,15.663733266,,SIGNAL,atr_breakout,53.297194664440006,,,100.0,68.86,PARTIAL,,
2015-11-23,US.MELI,BUY,10,124.427806367,,SIGNAL,atr_breakout,72.4987676871481,,,100.0,81.67,FULL,,
2015-12-02,US.COHR,BUY,51,19.15,,SIGNAL,atr_breakout,47.593022734320535,,,100.0,65.06,PARTIAL,,
2015-12-04,US.GDX,BUY,22,13.334474848,,SIGNAL,atr_breakout,37.9756396792982,,,100.0,58.65,OBSERVATION,,
2015-12-07,US.AVGO,BUY,26,11.297424443,,SIGNAL,atr_breakout,20.443775905168753,,,100.0,46.96,OBSERVATION,,
2015-12-10,US.AMD,BUY,428,2.45,,SIGNAL,atr_breakout,47.377644646115726,,,100.0,64.92,PARTIAL,,
2015-12-14,US.HON,BUY,1,76.354735429,,SIGNAL,boll_mr,23.254937527177404,,,100.0,48.84,OBSERVATION,,
2015-12-14,US.WDAY,BUY,1,79.0,,SIGNAL,boll_mr,18.03687974724704,,,100.0,45.36,OBSERVATION,,
2015-12-22,US.AMD,BUY,510,2.77,,SIGNAL,atr_breakout,100.0,,,100.0,100.0,FULL,US.WDAY,54.64
2015-12-23,US.AA,BUY,44,28.708693652,,SIGNAL,atr_breakout,100.0,,,100.0,100.0,FULL,US.HON,51.16
2015-12-24,US.FAST,BUY,43,7.869949349,,SIGNAL,atr_breakout,21.62160607847057,,,100.0,47.75,OBSERVATION,,
2015-12-29,US.LSCC,BUY,223,6.77,,SIGNAL,atr_breakout,100.0,,,100.0,100.0,FULL,US.FAST,52.25
2015-12-31,US.URA,BUY,35,10.211935726,,SIGNAL,atr_breakout,29.369509011257527,,,100.0,52.91,OBSERVATION,,
2016-01-05,US.EXC,BUY,29,13.573511776,,SIGNAL,atr_breakout,27.731840205172194,,,100.0,51.82,OBSERVATION,,
2016-01-06,US.GLD,BUY,30,104.67,,SIGNAL,atr_breakout,87.97615961326099,,,100.0,91.98,FULL,,
2016-01-06,US.EQIX,BUY,8,252.095586099,,SIGNAL,atr_breakout,62.54047008492486,,,100.0,75.03,PARTIAL,,
2016-01-07,US.GDX,BUY,198,13.494235063,,SIGNAL,atr_breakout,100.0,,,100.0,100.0,FULL,,
2016-01-08,US.MSFT,BUY,4,45.617557638,,SIGNAL,boll_mr,34.450484117669795,,,100.0,56.3,OBSERVATION,,
2016-01-11,US.DLR,BUY,53,54.740114753,,SIGNAL,atr_breakout,78.03746515392962,,,100.0,85.36,FULL,,
2016-01-11,US.VOO,BUY,1,147.650291054,,SIGNAL,boll_mr,16.294368477573542,,,100.0,44.2,OBSERVATION,,
2016-01-12,US.SMCI,BUY,804,2.727,,SIGNAL,atr_breakout,100.0,,,100.0,100.0,FULL,,
2016-01-12,US.ALGN,BUY,3,61.77,,SIGNAL,boll_mr,18.285959774607345,,,100.0,45.52,OBSERVATION,,
2016-01-19,US.XEL,BUY,86,26.928205136,,SIGNAL,atr_breakout,41.96452139772391,,,100.0,61.31,PARTIAL,,
2016-01-26,US.GLD,BUY,31,107.29,,SIGNAL,atr_breakout,85.05436934985802,,,100.0,90.04,FULL,,
2016-01-26,US.SLV,BUY,166,13.82,,SIGNAL,atr_breakout,40.019883300310546,,,100.0,60.01,PARTIAL,,
2016-01-26,US.EA,BUY,9,68.737471576,,SIGNAL,atr_breakout,14.69867473297529,,,100.0,43.13,OBSERVATION,,
2016-01-26,US.COHR,BUY,31,19.53,,SIGNAL,atr_breakout,10.205492400243847,,,100.0,40.14,OBSERVATION,,
2016-01-28,US.FANG,BUY,39,56.002639757,,SIGNAL,atr_breakout,72.67874798740387,,,100.0,81.79,FULL,,
2016-01-28,US.EXC,BUY,44,13.846559234,,SIGNAL,atr_breakout,38.4604559283814,,,100.0,58.97,OBSERVATION,,
2016-01-28,US.META,BUY,5,108.160188066,,SIGNAL,atr_breakout,32.48377431356703,,,100.0,54.99,OBSERVATION,,
2016-01-29,US.AEP,BUY,66,40.120789692,,SIGNAL,atr_breakout,86.7730639265553,,,100.0,91.18,FULL,,
2016-02-02,US.FN,BUY,87,28.02,,SIGNAL,atr_breakout,100.0,,,100.0,100.0,FULL,US.META,45.01
2016-02-03,US.CMCSA,BUY,109,20.705128532,,SIGNAL,atr_breakout,100.0,,,100.0,100.0,FULL,US.COHR,59.86
2016-02-04,US.GDX,BUY,144,14.645960771,,SIGNAL,atr_breakout,100.0,,,100.0,100.0,FULL,US.EXC,41.03
2016-02-05,US.GDX,BUY,168,15.462144343,,SIGNAL,atr_breakout,100.0,,,100.0,100.0,FULL,,
2016-02-05,US.EXC,BUY,110,15.926684411,,SIGNAL,atr_breakout,57.433875821711226,,,100.0,71.62,PARTIAL,,
2016-02-05,US.SLV,BUY,113,14.34,,SIGNAL,atr_breakout,54.760822356986694,,,100.0,69.84,PARTIAL,,
2016-02-09,US.ISRG,BUY,3,56.534424392,,SIGNAL,boll_mr,29.95188040218698,,,100.0,53.3,OBSERVATION,,
2016-02-11,US.GDX,BUY,134,16.659213583,,SIGNAL,atr_breakout,60.92181613873494,,,100.0,73.95,PARTIAL,,
2016-02-12,US.PAYX,BUY,19,35.673483202,,SIGNAL,atr_breakout,22.556646962270673,,,100.0,48.37,OBSERVATION,,
2016-02-12,US.CSCO,BUY,36,18.391959764,,SIGNAL,atr_breakout,18.120199554149544,,,100.0,45.41,OBSERVATION,,
2016-02-16,US.ADP,BUY,10,66.500529406,,SIGNAL,atr_breakout,19.46002804173465,,,100.0,46.31,OBSERVATION,,
2016-02-16,US.HON,BUY,8,81.424876397,,SIGNAL,atr_breakout,15.83727918529975,,,100.0,43.89,OBSERVATION,,
2016-02-16,US.COPX,BUY,73,9.108241637,,SIGNAL,atr_breakout,14.795492698751481,,,100.0,43.2,OBSERVATION,,
2016-02-17,US.BKNG,BUY,61,48.394404195,,SIGNAL,atr_breakout,100.0,,,100.0,100.0,FULL,US.COPX,56.8
2016-02-22,US.RTX,BUY,60,46.721719724,,SIGNAL,atr_breakout,100.0,,,100.0,100.0,FULL,,
2016-02-24,US.LSCC,BUY,336,6.51,,SIGNAL,atr_breakout,100.0,,,100.0,100.0,FULL,,
2016-02-24,US.CIEN,BUY,98,20.66,,SIGNAL,atr_breakout,66.98364126260681,,,100.0,77.99,PARTIAL,,
2016-02-25,US.CPRT,BUY,567,4.76125,,SIGNAL,atr_breakout,100.0,,,100.0,100.0,FULL,,
2016-03-01,US.WDAY,BUY,31,71.74,,SIGNAL,atr_breakout,100.0,,,100.0,100.0,FULL,,
2016-03-01,US.FAST,BUY,309,8.924348331,,SIGNAL,atr_breakout,78.50976841827189,,,100.0,85.67,FULL,,
2016-03-02,US.AMD,BUY,824,2.32,,SIGNAL,atr_breakout,100.0,,,100.0,100.0,FULL,US.HON,56.11
2016-03-02,US.COPX,BUY,214,11.306208541,,SIGNAL,atr_breakout,100.0,,,100.0,100.0,FULL,US.CSCO,54.59
2016-03-03,US.AMD,BUY,776,2.46,,SIGNAL,atr_breakout,100.0,,,100.0,100.0,FULL,,
2016-03-03,US.CAT,BUY,41,56.106014988,,SIGNAL,atr_breakout,83.48145730465866,,,100.0,88.99,FULL,,
2016-03-04,US.AVGO,BUY,197,11.116970955,,SIGNAL,atr_breakout,100.0,,,100.0,100.0,FULL,US.PAYX,51.63
2016-03-08,US.DLR,BUY,30,58.459099648,,SIGNAL,atr_breakout,64.15126118173285,,,100.0,76.1,PARTIAL,,
2016-03-08,US.XEL,BUY,17,29.424907843,,SIGNAL,atr_breakout,29.267081451765442,,,100.0,52.84,OBSERVATION,,
2016-03-08,US.EXC,BUY,29,16.753512913,,SIGNAL,atr_breakout,21.773065093161204,,,100.0,47.85,OBSERVATION,,
2016-03-14,US.AMD,BUY,600,2.72,,SIGNAL,atr_breakout,100.0,,,100.0,100.0,FULL,US.EXC,52.15
2016-03-15,US.AAPL,BUY,68,23.663539355,,SIGNAL,atr_breakout,40.70215048826219,,,100.0,60.47,PARTIAL,,
2016-03-16,US.QQQ,BUY,125,99.145710864,,QQQ_BETA_FLOOR,core_etf,,,,,,,,
2016-03-17,US.ROK,BUY,8,93.183948429,,SIGNAL,atr_breakout,100.0,,,100.0,100.0,FULL,US.XEL,47.16
2016-03-24,US.FN,BUY,32,30.59,,SIGNAL,atr_breakout,100.0,,,100.0,100.0,FULL,,
2016-03-29,US.ON,BUY,224,9.88,,SIGNAL,atr_breakout,100.0,,,100.0,100.0,FULL,,
2016-03-29,US.QQQ,BUY,124,100.605733881,,QQQ_BETA_FLOOR,core_etf,,,,,,,,
2016-04-06,US.AMGN,BUY,8,117.718450787,,SIGNAL,atr_breakout,100.0,,,100.0,100.0,FULL,,
2016-04-12,US.URA,BUY,99,11.438243947,,SIGNAL,atr_breakout,100.0,,,100.0,100.0,FULL,,
2016-04-13,US.CAT,BUY,22,61.970694245,,SIGNAL,atr_breakout,100.0,,,100.0,100.0,FULL,,
2016-04-25,US.SBUX,BUY,9,46.510466226,,SIGNAL,boll_mr,56.10926339757158,,,100.0,70.74,PARTIAL,,
2016-04-27,US.STM,BUY,248,5.844278739,,SIGNAL,atr_breakout,100.0,,,100.0,100.0,FULL,,
2016-04-28,US.SLV,BUY,156,16.77,,SIGNAL,atr_breakout,83.43709562946428,,,100.0,88.96,FULL,,
2016-04-29,US.IDXX,BUY,32,84.35,,SIGNAL,atr_breakout,100.0,,,100.0,100.0,FULL,,
2016-04-29,US.MNST,BUY,101,24.0364263,,SIGNAL,atr_breakout,100.0,,,100.0,100.0,FULL,,
2016-05-02,US.AMZN,BUY,68,34.1925,,SIGNAL,atr_breakout,74.33263201516914,,,100.0,82.89,FULL,,
2016-05-03,US.FN,BUY,67,36.01,,SIGNAL,atr_breakout,100.0,,,100.0,100.0,FULL,,
2016-05-04,US.LMT,BUY,9,174.418674269,,SIGNAL,atr_breakout,43.87260078173679,,,100.0,62.58,PARTIAL,,
2016-05-09,US.EQIX,BUY,6,279.698569614,,SIGNAL,atr_breakout,46.634792852287106,,,100.0,64.42,PARTIAL,,
2016-05-10,US.QQQ,BUY,125,99.209008016,,QQQ_BETA_FLOOR,core_etf,,,,,,,,
2016-05-20,US.AMAT,BUY,125,20.230149074,,SIGNAL,atr_breakout,100.0,,,100.0,100.0,FULL,,
2016-05-20,US.QCOM,BUY,56,40.661761615,,SIGNAL,atr_breakout,100.0,,,100.0,100.0,FULL,,
2016-05-20,US.CDNS,BUY,83,24.55,,SIGNAL,atr_breakout,80.67867759908982,,,100.0,87.12,FULL,,
2016-05-24,US.SNPS,BUY,44,51.18,,SIGNAL,atr_breakout,100.0,,,100.0,100.0,FULL,,
2016-05-24,US.CDNS,BUY,81,25.21,,SIGNAL,atr_breakout,100.0,,,100.0,100.0,FULL,,
2016-05-24,US.QQQ,BUY,124,100.261208168,,QQQ_BETA_FLOOR,core_etf,,,,,,,,
2016-06-14,US.XEL,BUY,5,31.477540476,,SIGNAL,atr_breakout,26.92837671439031,,,100.0,51.29,OBSERVATION,,
2016-06-15,US.TEAM,BUY,32,25.99,,SIGNAL,atr_breakout,99.58975500853643,,,100.0,99.73,FULL,US.XEL,48.44
2016-06-20,US.QQQ,BUY,125,99.316157061,,QQQ_BETA_FLOOR,core_etf,,,,,,,,
2016-06-24,US.XEL,BUY,15,31.852710975,,SIGNAL,atr_breakout,31.074540768261016,,,100.0,54.05,OBSERVATION,,
2016-06-27,US.AEP,BUY,41,46.260572916,,SIGNAL,atr_breakout,42.59982463583821,,,100.0,61.73,PARTIAL,,
2016-06-28,US.ORLY,BUY,29,18.095333423,,SIGNAL,atr_breakout,35.11810972960229,,,100.0,56.75,OBSERVATION,,
2016-06-29,US.SLV,BUY,136,17.37,,SIGNAL,atr_breakout,100.0,,,100.0,100.0,FULL,US.XEL,45.95
2016-06-30,US.INTU,BUY,21,103.295462822,,SIGNAL,atr_breakout,100.0,,,100.0,100.0,FULL,US.ORLY,43.25
2016-06-30,US.QQQ,BUY,125,99.670935573,,QQQ_BETA_FLOOR,core_etf,,,,,,,,
2016-07-06,US.GDX,BUY,28,27.723035342,,SIGNAL,atr_breakout,78.63149665353231,,,100.0,85.75,FULL,,
2016-07-20,US.MRVL,BUY,76,10.444340189,,SIGNAL,atr_breakout,100.0,,,100.0,100.0,FULL,,
2016-07-22,US.EXC,BUY,42,18.518668189,,SIGNAL,atr_breakout,99.47704480692217,,,100.0,99.65,FULL,,
2016-07-27,US.AAPL,BUY,38,23.436541865,,SIGNAL,atr_breakout,100.0,,,100.0,100.0,FULL,,
2016-07-29,US.GOOG,BUY,27,38.103550301,,SIGNAL,atr_breakout,100.0,,,100.0,100.0,FULL,,
2016-08-10,US.ADBE,BUY,9,100.62,,SIGNAL,atr_breakout,98.3575845380966,,,100.0,98.91,FULL,,
2016-08-12,US.ROST,BUY,20,57.164568094,,SIGNAL,atr_breakout,73.05505487330558,,,100.0,82.04,FULL,,
2016-08-18,US.SNPS,BUY,19,58.5,,SIGNAL,atr_breakout,100.0,,,100.0,100.0,FULL,,
2016-08-24,US.ON,BUY,24,10.71,,SIGNAL,atr_breakout,27.196654241245948,,,100.0,51.46,OBSERVATION,,
2016-08-25,US.ON,BUY,86,11.01,,SIGNAL,atr_breakout,44.49152762945036,,,100.0,62.99,PARTIAL,,
2016-08-25,US.CDNS,BUY,10,25.43,,SIGNAL,atr_breakout,31.47359154911499,,,100.0,54.32,OBSERVATION,,
2016-08-29,US.TTWO,BUY,26,44.17,,SIGNAL,atr_breakout,100.0,,,100.0,100.0,FULL,US.CDNS,45.68
2016-09-12,US.FAST,BUY,47,7.887762426,,SIGNAL,boll_mr,48.91039442675435,,,100.0,65.94,PARTIAL,,
2016-09-12,US.NXPI,BUY,1,73.050675849,,SIGNAL,boll_mr,36.68631202913215,,,100.0,57.79,OBSERVATION,,
2016-09-15,US.LSCC,BUY,153,6.46,,SIGNAL,atr_breakout,56.60475967676166,,,100.0,71.07,PARTIAL,,
2016-09-21,US.ADBE,BUY,12,107.78,,SIGNAL,atr_breakout,100.0,,,100.0,100.0,FULL,,
2016-09-21,US.COHR,BUY,51,23.47,,SIGNAL,atr_breakout,100.0,,,100.0,100.0,FULL,US.NXPI,42.21
2016-09-27,US.STX,BUY,56,25.788427002,,SIGNAL,atr_breakout,94.25837199911383,,,100.0,96.17,FULL,,
2016-09-27,US.AMZN,BUY,32,40.8055,,SIGNAL,atr_breakout,79.65958044683849,,,100.0,86.44,FULL,,
2016-09-29,US.NXPI,BUY,16,84.689795714,,SIGNAL,atr_breakout,100.0,,,100.0,100.0,FULL,,
2016-09-30,US.ROK,BUY,13,102.170940249,,SIGNAL,atr_breakout,100.0,,,100.0,100.0,FULL,,
2016-10-03,US.TSLA,BUY,70,14.2465242,,SIGNAL,atr_breakout,47.998928136653895,,,100.0,65.33,PARTIAL,,
2016-10-06,US.LRCX,BUY,155,8.580855738,,SIGNAL,atr_breakout,100.0,,,100.0,100.0,FULL,,
2016-10-07,US.STM,BUY,147,7.589480427,,SIGNAL,atr_breakout,60.317829700650236,,,100.0,73.55,PARTIAL,,
2016-10-07,US.TSM,BUY,43,23.477438085,,SIGNAL,atr_breakout,44.708767441074386,,,100.0,63.14,PARTIAL,,
2016-10-18,US.GOOG,BUY,10,39.415483308,,SIGNAL,atr_breakout,29.692042238082134,,,100.0,53.13,OBSERVATION,,
2016-10-18,US.GOOGL,BUY,10,40.713483075,,SIGNAL,atr_breakout,15.366492959840444,,,100.0,43.58,OBSERVATION,,
2016-10-19,US.SCCO,BUY,104,17.492732946,,SIGNAL,atr_breakout,88.81518404182371,,,100.0,92.54,FULL,,
2016-10-21,US.META,BUY,12,130.920319291,,SIGNAL,atr_breakout,84.32099564972997,,,100.0,89.55,FULL,,
2016-10-21,US.COHR,BUY,12,26.15,,SIGNAL,atr_breakout,17.191413440757337,,,100.0,44.79,OBSERVATION,,
2016-10-24,US.TMUS,BUY,29,48.9526873,,SIGNAL,atr_breakout,100.0,,,100.0,100.0,FULL,,
2016-10-25,US.AMD,BUY,179,7.5,,SIGNAL,atr_breakout,97.25333970487245,,,100.0,98.17,FULL,,
2016-10-26,US.MDLZ,BUY,9,34.990253266,,SIGNAL,atr_breakout,27.043102419942016,,,100.0,51.36,OBSERVATION,,
2016-10-26,US.KLAC,BUY,48,6.387148923,,SIGNAL,atr_breakout,22.724015019145547,,,100.0,48.48,OBSERVATION,,
2016-10-27,US.STM,BUY,190,7.927399532,,SIGNAL,atr_breakout,100.0,,,100.0,100.0,FULL,,
2016-10-28,US.SMCI,BUY,570,2.44,,SIGNAL,atr_breakout,96.86215207540654,,,100.0,97.91,FULL,,
2016-10-28,US.MDLZ,BUY,26,35.699563176,,SIGNAL,atr_breakout,57.00388444086508,,,100.0,71.34,PARTIAL,,
2016-11-01,US.HWM,BUY,51,18.605892865,,SIGNAL,atr_breakout,100.0,,,100.0,100.0,FULL,,
2016-11-02,US.ADP,BUY,20,72.737506196,,SIGNAL,atr_breakout,100.0,,,100.0,100.0,FULL,,
2016-11-02,US.CCJ,BUY,126,7.786225601,,SIGNAL,atr_breakout,41.30096303629356,,,100.0,60.87,PARTIAL,,
2016-11-03,US.LSCC,BUY,173,7.55,,SIGNAL,atr_breakout,100.0,,,100.0,100.0,FULL,,
2016-11-03,US.TTWO,BUY,24,48.29,,SIGNAL,atr_breakout,100.0,,,100.0,100.0,FULL,US.KLAC,51.52
2016-11-09,US.GILD,BUY,22,55.401991892,,SIGNAL,atr_breakout,100.0,,,100.0,100.0,FULL,,
2016-11-10,US.PCAR,BUY,49,27.649636813,,SIGNAL,atr_breakout,100.0,,,100.0,100.0,FULL,,
2016-11-10,US.EMR,BUY,27,44.237426084,,SIGNAL,atr_breakout,100.0,,,100.0,100.0,FULL,,
2016-11-17,US.AMD,BUY,119,8.46,,SIGNAL,atr_breakout,100.0,,,100.0,100.0,FULL,,
2016-11-17,US.MU,BUY,66,18.706008649,,SIGNAL,atr_breakout,100.0,,,100.0,100.0,FULL,,
2016-12-01,US.ROK,BUY,12,115.273453141,,SIGNAL,atr_breakout,100.0,,,100.0,100.0,FULL,,
2016-12-01,US.FANG,BUY,3,84.780816064,,SIGNAL,atr_breakout,33.733219377864756,,,100.0,55.82,OBSERVATION,,
2016-12-01,US.PCAR,BUY,10,29.067100016,,SIGNAL,atr_breakout,29.18728367186551,,,100.0,52.79,OBSERVATION,,
2016-12-06,US.AMD,BUY,103,9.45,,SIGNAL,atr_breakout,49.10985403799076,,,100.0,66.07,PARTIAL,,
2016-12-07,US.WDC,BUY,26,46.270013941,,SIGNAL,atr_breakout,100.0,,,100.0,100.0,FULL,US.PCAR,47.21
2016-12-12,US.EQIX,BUY,3,297.477050452,,SIGNAL,atr_breakout,65.53175660367206,,,100.0,77.02,PARTIAL,,
2016-12-13,US.AEP,BUY,28,42.971591378,,SIGNAL,atr_breakout,56.92077519461052,,,100.0,71.28,PARTIAL,,
2016-12-15,US.MDLZ,BUY,49,35.304606522,,SIGNAL,atr_breakout,100.0,,,100.0,100.0,FULL,,
2016-12-15,US.ON,BUY,119,13.03,,SIGNAL,atr_breakout,70.34550328227219,,,100.0,80.23,FULL,,
2017-01-03,US.DLR,BUY,4,71.83373712,,SIGNAL,atr_breakout,26.91569974601249,,,100.0,51.28,OBSERVATION,,
2017-01-04,US.ANET,BUY,262,6.358125,,SIGNAL,atr_breakout,100.0,,,100.0,100.0,FULL,,
2017-01-04,US.DLR,BUY,20,74.1110748,,SIGNAL,atr_breakout,100.0,,,100.0,100.0,FULL,,
2017-01-05,US.GDX,BUY,71,21.100222241,,SIGNAL,atr_breakout,100.0,,,100.0,100.0,FULL,,
2017-01-06,US.AMGN,BUY,12,117.822956294,,SIGNAL,atr_breakout,100.0,,,100.0,100.0,FULL,,
2017-01-12,US.TEAM,BUY,56,26.81,,SIGNAL,atr_breakout,95.33739411787182,,,100.0,96.89,FULL,,
2017-01-17,US.GLD,BUY,15,115.85,,SIGNAL,atr_breakout,71.68415842145086,,,100.0,81.12,FULL,,
2017-01-18,US.ASML,BUY,15,105.067385917,,SIGNAL,atr_breakout,100.0,,,100.0,100.0,FULL,,
2017-01-25,US.KLAC,BUY,227,7.24516457,,SIGNAL,atr_breakout,100.0,,,100.0,100.0,FULL,,
2017-01-31,US.SLV,BUY,74,16.63,,SIGNAL,atr_breakout,66.60407588780927,,,100.0,77.74,PARTIAL,,
2017-02-17,US.ANET,BUY,227,7.44125,,SIGNAL,atr_breakout,100.0,,,100.0,100.0,FULL,,
2017-02-21,US.AMAT,BUY,51,33.113090152,,SIGNAL,atr_breakout,100.0,,,100.0,100.0,FULL,,
2017-02-24,US.INTU,BUY,14,119.507273184,,SIGNAL,atr_breakout,100.0,,,100.0,100.0,FULL,,
2017-03-07,US.TXN,BUY,6,61.338120295,,SIGNAL,atr_breakout,36.47426417507537,,,100.0,57.65,OBSERVATION,,
2017-03-08,US.QCOM,BUY,29,44.624960011,,SIGNAL,atr_breakout,66.73338198506256,,,100.0,77.82,PARTIAL,,
2017-03-13,US.ALGN,BUY,15,107.99,,SIGNAL,atr_breakout,100.0,,,100.0,100.0,FULL,US.TXN,42.35
2017-03-15,US.ALGN,BUY,15,110.31,,SIGNAL,atr_breakout,97.69739082491004,,,100.0,98.46,FULL,,
2017-03-21,US.PEP,BUY,4,84.062508719,,SIGNAL,atr_breakout,25.915742414675947,,,100.0,50.61,OBSERVATION,,
2017-03-22,US.AEP,BUY,8,46.937640758,,SIGNAL,atr_breakout,27.055434822679658,,,100.0,51.37,OBSERVATION,,
2017-03-24,US.MU,BUY,64,27.727415323,,SIGNAL,atr_breakout,100.0,,,100.0,100.0,FULL,US.PEP,49.39
2017-03-24,US.ASML,BUY,14,113.750171102,,SIGNAL,atr_breakout,100.0,,,100.0,100.0,FULL,US.AEP,48.63
2017-03-27,US.COHR,BUY,168,39.4,,SIGNAL,atr_breakout,86.14641869327636,,,100.0,90.76,FULL,,
2017-03-30,US.WDC,BUY,125,56.79391412,,SIGNAL,atr_breakout,98.91551543574224,,,100.0,99.28,FULL,,
2017-03-30,US.SBUX,BUY,89,47.583801569,,SIGNAL,atr_breakout,40.54084359430789,,,100.0,60.36,PARTIAL,,
2017-03-31,US.AMZN,BUY,115,44.327,,SIGNAL,atr_breakout,92.72657809639061,,,100.0,95.15,FULL,,
2017-04-05,US.VRTX,BUY,8,114.11,,SIGNAL,atr_breakout,38.98342726020101,,,100.0,59.32,OBSERVATION,,
2017-04-11,US.STX,BUY,106,33.946282648,,SIGNAL,atr_breakout,64.81882616122817,,,100.0,76.55,PARTIAL,,
2017-04-11,US.GDX,BUY,138,22.155233353,,SIGNAL,atr_breakout,55.127963655953096,,,100.0,70.09,PARTIAL,,
2017-04-12,US.PEP,BUY,57,85.446377522,,SIGNAL,atr_breakout,95.67698627004535,,,100.0,97.12,FULL,,
2017-04-13,US.GLD,BUY,9,122.6,,SIGNAL,atr_breakout,38.41428668477505,,,100.0,58.94,OBSERVATION,,
2017-04-19,US.LRCX,BUY,422,11.877572284,,SIGNAL,atr_breakout,100.0,,,100.0,100.0,FULL,,
2017-04-19,US.ISRG,BUY,47,89.742648837,,SIGNAL,atr_breakout,100.0,,,100.0,100.0,FULL,US.GLD,41.06
2017-04-20,US.TTWO,BUY,64,62.03,,SIGNAL,atr_breakout,100.0,,,100.0,100.0,FULL,,
2017-04-24,US.MSFT,BUY,55,60.849856833,,SIGNAL,atr_breakout,100.0,,,100.0,100.0,FULL,US.VRTX,40.68
2017-04-26,US.COST,BUY,22,150.45682758,,SIGNAL,atr_breakout,100.0,,,100.0,100.0,FULL,,
2017-05-01,US.TSLA,BUY,138,21.52178478,,SIGNAL,atr_breakout,100.0,,,100.0,100.0,FULL,,
2017-05-04,US.REGN,BUY,6,430.752233239,,SIGNAL,atr_breakout,100.0,,,100.0,100.0,FULL,,
2017-05-17,US.ROST,BUY,4,56.077763546,,SIGNAL,boll_mr,38.74155250453344,,,100.0,59.16,OBSERVATION,,
2017-05-18,US.XLI,BUY,5,55.871052993,,SIGNAL,boll_mr,20.352944853508657,,,100.0,46.9,OBSERVATION,,
2017-05-19,US.QCOM,BUY,83,44.547714105,,SIGNAL,atr_breakout,100.0,,,100.0,100.0,FULL,US.XLI,53.1
2017-05-24,US.INTU,BUY,23,129.051474983,,SIGNAL,atr_breakout,100.0,,,100.0,100.0,FULL,US.ROST,40.84
2017-05-31,US.NXPI,BUY,32,96.831133468,,SIGNAL,atr_breakout,100.0,,,100.0,100.0,FULL,,
2017-06-26,US.FN,BUY,67,46.23,,SIGNAL,atr_breakout,100.0,,,100.0,100.0,FULL,,
2017-06-28,US.GLW,BUY,28,24.162655313,,SIGNAL,atr_breakout,22.474902025127534,,,100.0,48.32,OBSERVATION,,
2017-07-05,US.XAR,BUY,42,67.198853279,,SIGNAL,atr_breakout,55.581962998144085,,,100.0,70.39,PARTIAL,,
2017-07-11,US.COPX,BUY,230,18.290914955,,SIGNAL,atr_breakout,100.0,,,100.0,100.0,FULL,,
2017-07-14,US.ASML,BUY,28,122.04820362,,SIGNAL,atr_breakout,96.1917424911411,,,100.0,97.46,FULL,US.GLW,49.14
2017-07-18,US.NFLX,BUY,175,18.36,,SIGNAL,atr_breakout,100.0,,,100.0,100.0,FULL,,
2017-07-25,US.CDNS,BUY,97,36.64,,SIGNAL,atr_breakout,100.0,,,100.0,100.0,FULL,,
2017-07-27,US.ADP,BUY,36,95.082979027,,SIGNAL,atr_breakout,100.0,,,100.0,100.0,FULL,,
2017-08-02,US.AAPL,BUY,95,36.457926002,,SIGNAL,atr_breakout,100.0,,,100.0,100.0,FULL,,
2017-08-10,US.GLD,BUY,28,122.21,,SIGNAL,atr_breakout,71.72026505563835,,,100.0,81.15,FULL,,
2017-08-22,US.MNST,BUY,143,27.69,,SIGNAL,atr_breakout,73.04546327886312,,,100.0,82.03,FULL,,
2017-08-23,US.EQIX,BUY,6,390.192785405,,SIGNAL,atr_breakout,64.5607614470804,,,100.0,76.37,PARTIAL,,
2017-09-08,US.OKTA,BUY,122,30.3,,SIGNAL,atr_breakout,100.0,,,100.0,100.0,FULL,,
2017-09-13,US.COST,BUY,27,145.192173787,,SIGNAL,atr_breakout,87.03563555459424,,,100.0,91.36,FULL,,
2017-09-13,US.AMZN,BUY,47,49.98,,SIGNAL,atr_breakout,51.70429671367992,,,100.0,67.8,PARTIAL,,
2017-09-14,US.TSLA,BUY,134,25.17574824,,SIGNAL,atr_breakout,86.39612633103638,,,100.0,90.93,FULL,,
2017-09-18,US.NVDA,BUY,851,4.62793785,,SIGNAL,atr_breakout,100.0,,,100.0,100.0,FULL,,
2017-09-18,US.KLAC,BUY,357,8.811615001,,SIGNAL,atr_breakout,100.0,,,100.0,100.0,FULL,,
2017-09-20,US.CPRT,BUY,466,8.465,,SIGNAL,atr_breakout,100.0,,,100.0,100.0,FULL,,
2017-09-20,US.XLI,BUY,52,60.761454816,,SIGNAL,atr_breakout,88.62857295617904,,,100.0,92.42,FULL,,
2017-09-21,US.HWM,BUY,149,26.34523625,,SIGNAL,atr_breakout,100.0,,,100.0,100.0,FULL,,
2017-09-21,US.HON,BUY,26,116.449220539,,SIGNAL,atr_breakout,74.54018980625767,,,100.0,83.03,FULL,,
2017-09-27,US.CTAS,BUY,135,32.798064365,,SIGNAL,atr_breakout,100.0,,,100.0,100.0,FULL,,
2017-09-27,US.XAR,BUY,47,75.577104452,,SIGNAL,atr_breakout,75.42274186415293,,,100.0,83.62,FULL,,
2017-09-27,US.ROST,BUY,47,59.430064449,,SIGNAL,atr_breakout,72.90043158663872,,,100.0,81.93,FULL,,
2017-09-28,US.MU,BUY,82,37.021902415,,SIGNAL,atr_breakout,72.72102687970674,,,100.0,81.81,FULL,,
2017-09-29,US.AMAT,BUY,64,47.368136199,,SIGNAL,atr_breakout,85.5648395718891,,,100.0,90.38,FULL,,
2017-10-02,US.PPA,BUY,64,48.786215113,,SIGNAL,atr_breakout,100.0,,,100.0,100.0,FULL,,
2017-10-23,US.STM,BUY,184,19.183752153,,SIGNAL,atr_breakout,100.0,,,100.0,100.0,FULL,,
2017-10-25,US.SNPS,BUY,30,85.69,,SIGNAL,atr_breakout,67.67301760126311,,,100.0,78.45,PARTIAL,,
2017-11-08,US.LSCC,BUY,558,6.4,,SIGNAL,atr_breakout,100.0,,,100.0,100.0,FULL,,
2017-11-09,US.URA,BUY,305,11.055239535,,SIGNAL,atr_breakout,100.0,,,100.0,100.0,FULL,,
2017-11-10,US.MNST,BUY,108,30.58,,SIGNAL,atr_breakout,100.0,,,100.0,100.0,FULL,,
2017-11-14,US.PEP,BUY,37,88.274819356,,SIGNAL,atr_breakout,100.0,,,100.0,100.0,FULL,,
2017-11-16,US.CSCO,BUY,117,27.948304194,,SIGNAL,atr_breakout,100.0,,,100.0,100.0,FULL,,
2017-11-20,US.MRVL,BUY,160,20.468235955,,SIGNAL,atr_breakout,100.0,,,100.0,100.0,FULL,,
2017-11-24,US.OKTA,BUY,113,31.28,,SIGNAL,atr_breakout,100.0,,,100.0,100.0,FULL,,
2017-11-27,US.ISRG,BUY,19,134.565321,,SIGNAL,atr_breakout,65.69528870310575,,,100.0,77.13,PARTIAL,,
2017-11-29,US.COST,BUY,26,158.613738048,,SIGNAL,atr_breakout,100.0,,,100.0,100.0,FULL,,
2017-11-29,US.ORLY,BUY,218,15.754666745,,SIGNAL,atr_breakout,100.0,,,100.0,100.0,FULL,,
2017-12-04,US.ORLY,BUY,234,16.69266675,,SIGNAL,atr_breakout,100.0,,,100.0,100.0,FULL,,
2017-12-04,US.CMCSA,BUY,105,29.721731719,,SIGNAL,atr_breakout,100.0,,,100.0,100.0,FULL,,
2017-12-08,US.DXCM,BUY,45,15.3825,,SIGNAL,atr_breakout,33.71295694987055,,,100.0,55.81,OBSERVATION,,
2017-12-11,US.MELI,BUY,8,288.664200464,,SIGNAL,atr_breakout,67.76495810199505,,,100.0,78.51,PARTIAL,,
2017-12-14,US.TXN,BUY,9,79.181489273,,SIGNAL,atr_breakout,29.855007255970197,,,100.0,53.24,OBSERVATION,,
2017-12-19,US.AA,BUY,74,44.291328306,,SIGNAL,atr_breakout,100.0,,,100.0,100.0,FULL,US.TXN,46.76
2017-12-29,US.GLD,BUY,39,123.65,,SIGNAL,atr_breakout,84.53078105939548,,,100.0,89.69,FULL,,
2017-12-29,US.SLV,BUY,55,15.99,,SIGNAL,atr_breakout,33.30251252253951,,,100.0,55.54,OBSERVATION,,
2018-01-02,US.ON,BUY,180,21.81,,SIGNAL,atr_breakout,100.0,,,100.0,100.0,FULL,US.SLV,44.46
2018-01-03,US.NVDA,BUY,748,5.24650025,,SIGNAL,atr_breakout,100.0,,,100.0,100.0,FULL,,
2018-01-31,US.TTWO,BUY,31,126.67,,SIGNAL,atr_breakout,100.0,,,100.0,100.0,FULL,,
2018-02-01,US.IDXX,BUY,20,193.95,,SIGNAL,atr_breakout,100.0,,,100.0,100.0,FULL,,
2018-02-28,US.BKNG,BUY,95,79.669262447,,SIGNAL,atr_breakout,100.0,,,100.0,100.0,FULL,,
2018-02-28,US.OKTA,BUY,35,38.59,,SIGNAL,atr_breakout,14.638446930550911,,,100.0,43.09,OBSERVATION,,
2018-03-02,US.NFLX,BUY,52,30.105,,SIGNAL,atr_breakout,35.661295024489156,,,100.0,57.11,OBSERVATION,,
2018-03-02,US.TEAM,BUY,25,58.17,,SIGNAL,atr_breakout,29.260088135754124,,,100.0,52.84,OBSERVATION,,
2018-03-05,US.MU,BUY,132,50.744193432,,SIGNAL,atr_breakout,100.0,,,100.0,100.0,FULL,,
2018-03-05,US.NFLX,BUY,171,31.5,,SIGNAL,atr_breakout,100.0,,,100.0,100.0,FULL,,
2018-03-05,US.VRTX,BUY,18,173.16,,SIGNAL,atr_breakout,41.15511470562435,,,100.0,60.77,PARTIAL,,
2018-03-05,US.WDAY,BUY,6,132.92,,SIGNAL,atr_breakout,35.08355561033532,,,100.0,56.72,OBSERVATION,,
2018-03-05,US.PANW,BUY,26,30.044699369,,SIGNAL,atr_breakout,22.591696709975555,,,100.0,48.39,OBSERVATION,,
2018-03-06,US.LRCX,BUY,190,18.510478117,,SIGNAL,atr_breakout,100.0,,,100.0,100.0,FULL,US.PANW,51.61
2018-03-13,US.DXCM,BUY,54,16.2275,,SIGNAL,atr_breakout,30.804190679764528,,,100.0,53.87,OBSERVATION,,
2018-03-14,US.COHR,BUY,89,44.8,,SIGNAL,atr_breakout,100.0,,,100.0,100.0,FULL,US.TEAM,47.16
2018-03-21,US.DXCM,BUY,157,16.927499999,,SIGNAL,atr_breakout,66.49803000703376,,,100.0,77.67,PARTIAL,,
2018-03-23,US.GLD,BUY,29,127.61,,SIGNAL,atr_breakout,58.1082501825379,,,100.0,72.07,PARTIAL,,
2018-03-26,US.FANG,BUY,9,102.746874532,,SIGNAL,atr_breakout,30.40639813747808,,,100.0,53.6,OBSERVATION,,
2018-03-26,US.GDX,BUY,45,20.573672313,,SIGNAL,atr_breakout,17.283496808634997,,,100.0,44.86,OBSERVATION,,
2018-04-03,US.CCJ,BUY,630,9.42371603,,SIGNAL,atr_breakout,66.36036554713016,,,100.0,77.57,PARTIAL,,
2018-04-05,US.PANW,BUY,205,32.733005803,,SIGNAL,atr_breakout,90.58990211807382,,,100.0,93.73,FULL,,
2018-04-05,US.ROST,BUY,54,73.547437564,,SIGNAL,atr_breakout,43.48397055747907,,,100.0,62.32,PARTIAL,,
2018-04-09,US.AA,BUY,25,48.194906252,,SIGNAL,atr_breakout,38.401514543050105,,,100.0,58.93,OBSERVATION,,
2018-04-10,US.FTNT,BUY,426,11.246,,SIGNAL,atr_breakout,55.96151370305014,,,100.0,70.64,PARTIAL,,
2018-04-10,US.VRSK,BUY,12,101.225500633,,SIGNAL,atr_breakout,19.399852831812044,,,100.0,46.27,OBSERVATION,,
2018-04-11,US.GDX,BUY,186,20.857889711,,SIGNAL,atr_breakout,53.88621800851333,,,100.0,69.26,PARTIAL,,
2018-04-12,US.BKR,BUY,37,26.285142635,,SIGNAL,atr_breakout,27.579725194837906,,,100.0,51.72,OBSERVATION,,
2018-04-16,US.COST,BUY,25,174.312223029,,SIGNAL,atr_breakout,100.0,,,100.0,100.0,FULL,,
2018-04-17,US.NFLX,BUY,112,33.606,,SIGNAL,atr_breakout,96.29700226953132,,,100.0,97.53,FULL,US.BKR,45.81
2018-04-18,US.ISRG,BUY,21,157.0084299,,SIGNAL,atr_breakout,100.0,,,100.0,100.0,FULL,US.AA,41.07
2018-04-20,US.GE,BUY,49,68.592601915,,SIGNAL,atr_breakout,100.0,,,100.0,100.0,FULL,,
2018-04-23,US.LMT,BUY,13,283.503413954,,SIGNAL,atr_breakout,55.403830229609596,,,100.0,70.27,PARTIAL,,
2018-04-23,US.OKTA,BUY,73,43.32,,SIGNAL,atr_breakout,54.13930872826784,,,100.0,69.43,PARTIAL,,
2018-04-23,US.PEP,BUY,13,79.348983237,,SIGNAL,boll_mr,50.8307903969738,,,100.0,67.22,PARTIAL,,
2018-04-24,US.CDNS,BUY,145,40.09,,SIGNAL,atr_breakout,100.0,,,100.0,100.0,FULL,,
2018-04-24,US.CIEN,BUY,39,26.85,,SIGNAL,atr_breakout,23.53907418385418,,,100.0,49.03,OBSERVATION,,
2018-04-26,US.ORLY,BUY,306,17.160000085,,SIGNAL,atr_breakout,91.4302342855086,,,100.0,94.29,FULL,,
2018-04-26,US.META,BUY,24,172.643922222,,SIGNAL,atr_breakout,87.33537884888712,,,100.0,91.56,FULL,,
2018-04-26,US.AMD,BUY,306,11.04,,SIGNAL,atr_breakout,80.12375508239873,,,100.0,86.75,FULL,,
2018-05-04,US.AAPL,BUY,82,43.146851068,,SIGNAL,atr_breakout,100.0,,,100.0,100.0,FULL,,
2018-05-15,US.TTD,BUY,410,8.022,,SIGNAL,atr_breakout,72.74577913874312,,,100.0,81.83,FULL,,
2018-06-04,US.GILD,BUY,63,51.706650042,,SIGNAL,atr_breakout,100.0,,,100.0,100.0,FULL,,
2018-06-06,US.URA,BUY,279,11.764198774,,SIGNAL,atr_breakout,100.0,,,100.0,100.0,FULL,,
2018-06-14,US.CMCSA,BUY,129,25.171387365,,SIGNAL,atr_breakout,100.0,,,100.0,100.0,FULL,,
2018-06-18,US.GOOG,BUY,55,58.160215581,,SIGNAL,atr_breakout,93.58069063028279,,,100.0,95.72,FULL,,
2018-06-25,US.AEP,BUY,57,50.452434748,,SIGNAL,atr_breakout,58.794280196222125,,,100.0,72.53,PARTIAL,,
2018-06-25,US.PEP,BUY,8,85.082284275,,SIGNAL,atr_breakout,21.039753788872204,,,100.0,47.36,OBSERVATION,,
2018-06-26,US.EQIX,BUY,8,368.280334422,,SIGNAL,atr_breakout,86.60675769692068,,,100.0,91.07,FULL,,
2018-07-05,US.EQIX,BUY,8,377.852189267,,SIGNAL,atr_breakout,86.50288161598544,,,100.0,91.0,FULL,,
2018-07-09,US.AMGN,BUY,20,152.307860599,,SIGNAL,atr_breakout,89.24959586344181,,,100.0,92.83,FULL,,
2018-07-16,US.MELI,BUY,11,343.25,,SIGNAL,atr_breakout,100.0,,,100.0,100.0,FULL,,
2018-07-17,US.MELI,BUY,10,359.8,,SIGNAL,atr_breakout,91.23517032443701,,,100.0,94.16,FULL,,
2018-07-23,US.CTAS,BUY,18,47.227159453,,SIGNAL,atr_breakout,25.83430690159931,,,100.0,50.56,OBSERVATION,,
2018-07-24,US.GOOG,BUY,62,61.858607761,,SIGNAL,atr_breakout,100.0,,,100.0,100.0,FULL,US.PEP,52.64
2018-07-26,US.QCOM,BUY,76,51.535880441,,SIGNAL,atr_breakout,100.0,,,100.0,100.0,FULL,,
2018-08-08,US.ROST,BUY,34,84.930585186,,SIGNAL,atr_breakout,49.72586883536685,,,100.0,66.48,PARTIAL,,
2018-08-09,US.EXC,BUY,128,23.183916092,,SIGNAL,atr_breakout,65.3851638445839,,,100.0,76.92,PARTIAL,,
2018-08-16,US.CSCO,BUY,130,36.002551345,,SIGNAL,atr_breakout,75.94538779989247,,,100.0,83.96,FULL,,
2018-08-24,US.TEAM,BUY,50,86.11,,SIGNAL,atr_breakout,100.0,,,100.0,100.0,FULL,,
2018-09-05,US.XEL,BUY,138,38.694779298,,SIGNAL,atr_breakout,74.33520300107939,,,100.0,82.89,FULL,,
2018-09-05,US.PCAR,BUY,94,34.205718877,,SIGNAL,atr_breakout,60.16386231164924,,,100.0,73.44,PARTIAL,,
2018-09-07,US.AVGO,BUY,297,18.769254422,,SIGNAL,atr_breakout,100.0,,,100.0,100.0,FULL,,
2018-09-07,US.OKTA,BUY,62,71.92,,SIGNAL,atr_breakout,100.0,,,100.0,100.0,FULL,,
2018-09-10,US.AVGO,BUY,241,19.426895097,,SIGNAL,atr_breakout,87.19289158454879,,,100.0,91.46,FULL,,
2018-09-12,US.TMUS,BUY,71,64.951485084,,SIGNAL,atr_breakout,100.0,,,100.0,100.0,FULL,,
2018-09-18,US.XAR,BUY,47,95.338555595,,SIGNAL,atr_breakout,91.34546174695262,,,100.0,94.23,FULL,,
2018-09-19,US.CAT,BUY,32,129.743467574,,SIGNAL,atr_breakout,100.0,,,100.0,100.0,FULL,,
2018-09-25,US.TTD,BUY,196,15.468,,SIGNAL,atr_breakout,44.84616450387643,,,100.0,63.23,PARTIAL,,
2018-09-27,US.CCJ,BUY,388,11.005658062,,SIGNAL,atr_breakout,100.0,,,100.0,100.0,FULL,,
2018-10-01,US.NVDA,BUY,417,7.157912498,,SIGNAL,atr_breakout,58.02527725781095,,,100.0,72.02,PARTIAL,,
2018-10-05,US.GE,BUY,14,63.322831697,,SIGNAL,atr_breakout,23.746261801224502,,,100.0,49.16,OBSERVATION,,
2018-10-08,US.HWM,BUY,123,23.011516546,,SIGNAL,atr_breakout,45.62016866980089,,,100.0,63.75,PARTIAL,,
2018-10-11,US.GDX,BUY,548,18.217418398,,SIGNAL,atr_breakout,100.0,,,100.0,100.0,FULL,,
2018-10-11,US.GLD,BUY,80,115.78,,SIGNAL,atr_breakout,91.6302701714803,,,100.0,94.42,FULL,,
2018-10-12,US.XLI,BUY,35,64.994191134,,SIGNAL,boll_mr,46.303720239012044,,,100.0,64.2,PARTIAL,,
2018-10-12,US.PAYX,BUY,11,53.90333748,,SIGNAL,boll_mr,24.832198955320127,,,100.0,49.89,OBSERVATION,,
2018-10-12,US.VOO,BUY,2,224.531609989,,SIGNAL,boll_mr,14.707603793253707,,,100.0,43.14,OBSERVATION,,
2018-10-12,US.QQQ,BUY,58,165.321618886,,QQQ_BETA_FLOOR,core_etf,,,,,,,,
2018-10-16,US.KDP,BUY,56,19.762712403,,SIGNAL,atr_breakout,32.85436627115333,,,100.0,55.24,OBSERVATION,,
2018-10-23,US.CDNS,BUY,146,46.85,,SIGNAL,atr_breakout,72.32955212661348,,,100.0,81.55,FULL,,
2018-11-01,US.QQQ,BUY,76,163.168797723,,QQQ_BETA_FLOOR,core_etf,,,,,,,,
2018-11-07,US.SBUX,BUY,173,57.547669646,,SIGNAL,atr_breakout,100.0,,,100.0,100.0,FULL,,
2018-11-07,US.CIEN,BUY,212,34.73,,SIGNAL,atr_breakout,69.60402000183889,,,100.0,79.74,PARTIAL,,
2018-11-07,US.KDP,BUY,274,22.856581988,,SIGNAL,atr_breakout,63.20672457841392,,,100.0,75.47,PARTIAL,,
2018-11-07,US.COST,BUY,24,216.496652789,,SIGNAL,atr_breakout,62.465901991343166,,,100.0,74.98,PARTIAL,,
2018-11-07,US.WDAY,BUY,31,144.24,,SIGNAL,atr_breakout,60.85603501239826,,,100.0,73.9,PARTIAL,,
2018-11-07,US.COHR,BUY,25,46.26,,SIGNAL,atr_breakout,34.194350034179095,,,100.0,56.13,OBSERVATION,,
2018-11-07,US.CSCO,BUY,28,38.44511844,,SIGNAL,atr_breakout,33.214071148724294,,,100.0,55.48,OBSERVATION,,
2018-11-07,US.QQQ,BUY,4,166.521864313,,QQQ_BETA_FLOOR,core_etf,,,,,,,,
2018-11-08,US.KDP,BUY,248,23.551461788,,SIGNAL,atr_breakout,100.0,,,100.0,100.0,FULL,,
2018-11-09,US.VRSK,BUY,9,117.302547836,,SIGNAL,atr_breakout,22.933410507291793,,,100.0,48.62,OBSERVATION,,
2018-11-12,US.XEL,BUY,104,40.448025238,,SIGNAL,atr_breakout,57.73693122035291,,,100.0,71.82,PARTIAL,,
2018-11-13,US.GLD,BUY,13,113.7,,SIGNAL,boll_mr,40.362483406064754,,,100.0,60.24,PARTIAL,,
2018-11-14,US.FAST,BUY,460,11.538319322,,SIGNAL,atr_breakout,47.400731418239566,,,100.0,64.93,PARTIAL,,
2018-11-16,US.CTAS,BUY,31,42.662388193,,SIGNAL,atr_breakout,16.65320896667942,,,100.0,44.44,OBSERVATION,,
2018-11-20,US.PDD,BUY,38,23.14,,SIGNAL,atr_breakout,68.6551591497668,,,100.0,79.1,PARTIAL,,
2018-11-27,US.VRT,BUY,999,10.007023325,,SIGNAL,atr_breakout,100.0,,,100.0,100.0,FULL,,
2018-11-28,US.CTAS,BUY,191,43.836069615,,SIGNAL,atr_breakout,100.0,,,100.0,100.0,FULL,,
2018-11-28,US.PAYX,BUY,119,56.437615773,,SIGNAL,atr_breakout,97.01137789395364,,,100.0,98.01,FULL,,
2018-11-28,US.AMGN,BUY,25,160.180874618,,SIGNAL,atr_breakout,57.5395254716921,,,100.0,71.69,PARTIAL,,
2018-11-29,US.TEAM,BUY,43,83.9,,SIGNAL,atr_breakout,56.853916200559986,,,100.0,71.24,PARTIAL,,
2018-12-03,US.REGN,BUY,13,379.475747645,,SIGNAL,atr_breakout,100.0,,,100.0,100.0,FULL,,
2018-12-04,US.EXC,BUY,155,25.531177807,,SIGNAL,atr_breakout,60.95473119531988,,,100.0,73.97,PARTIAL,,
2018-12-06,US.LSCC,BUY,1000,6.99,,SIGNAL,atr_breakout,100.0,,,100.0,100.0,FULL,,
2018-12-06,US.ZS,BUY,29,42.98,,SIGNAL,atr_breakout,19.927245058515226,,,100.0,46.62,OBSERVATION,,
2018-12-06,US.SMCI,BUY,756,1.59,,SIGNAL,atr_breakout,16.984976062667837,,,100.0,44.66,OBSERVATION,,
2018-12-06,US.OKTA,BUY,17,66.95,,SIGNAL,atr_breakout,15.065563256302267,,,100.0,43.38,OBSERVATION,,
2018-12-07,US.GDX,BUY,269,18.519972403,,SIGNAL,atr_breakout,58.09758127711908,,,100.0,72.07,PARTIAL,,
2018-12-07,US.GLD,BUY,35,118.09,,SIGNAL,atr_breakout,45.67386720031902,,,100.0,63.78,PARTIAL,,
2018-12-12,US.AVGO,BUY,174,20.760556595,,SIGNAL,atr_breakout,48.21726698347889,,,100.0,65.48,PARTIAL,,
2018-12-17,US.GDX,BUY,47,18.895872833,,SIGNAL,atr_breakout,12.966148936880753,,,100.0,41.98,OBSERVATION,,
2018-12-18,US.GDX,BUY,207,19.335951385,,SIGNAL,atr_breakout,92.5527440339541,,,100.0,95.04,FULL,,
2018-12-18,US.EQIX,BUY,1,322.014269526,,SIGNAL,boll_mr,15.786990430565902,,,100.0,43.86,OBSERVATION,,
2018-12-20,US.GLD,BUY,8,119.24,,SIGNAL,atr_breakout,29.540441035688747,,,100.0,53.03,OBSERVATION,,
2018-12-26,US.SLV,BUY,359,14.11,,SIGNAL,atr_breakout,86.1251021918589,,,100.0,90.75,FULL,,
2019-01-02,US.GE,BUY,26,38.710357364,,SIGNAL,atr_breakout,21.480453951497495,,,100.0,47.65,OBSERVATION,,
2019-01-03,US.GDX,BUY,50,19.797713701,,SIGNAL,atr_breakout,14.32018597860328,,,100.0,42.88,OBSERVATION,,
2019-01-04,US.NFLX,BUY,32,29.757,,SIGNAL,atr_breakout,11.357055387131645,,,100.0,40.9,OBSERVATION,,
2019-01-07,US.ROST,BUY,51,82.657179252,,SIGNAL,atr_breakout,99.91334911853933,,,100.0,99.94,FULL,,
2019-01-07,US.EA,BUY,33,85.002331432,,SIGNAL,atr_breakout,66.0130025298858,,,100.0,77.34,PARTIAL,,
2019-01-08,US.BKR,BUY,179,18.987804561,,SIGNAL,atr_breakout,50.53236953579785,,,100.0,67.02,PARTIAL,,
2019-01-09,US.FN,BUY,79,54.26,,SIGNAL,atr_breakout,100.0,,,100.0,100.0,FULL,US.NFLX,59.1
2019-01-09,US.PDD,BUY,116,25.54,,SIGNAL,atr_breakout,93.59384706916323,,,100.0,95.73,FULL,US.GDX,52.85
2019-01-15,US.NFLX,BUY,123,35.464,,SIGNAL,atr_breakout,86.5310545459843,,,100.0,91.02,FULL,,
2019-01-15,US.CDNS,BUY,65,45.27,,SIGNAL,atr_breakout,57.73106087702078,,,100.0,71.82,PARTIAL,,
2019-01-16,US.SNPS,BUY,9,88.95,,SIGNAL,atr_breakout,18.66272193418344,,,100.0,45.78,OBSERVATION,,
2019-01-17,US.FAST,BUY,331,11.844024882,,SIGNAL,atr_breakout,100.0,,,100.0,100.0,FULL,US.SNPS,54.22
2019-01-18,US.CTAS,BUY,91,43.060601533,,SIGNAL,atr_breakout,89.51073123565392,,,100.0,93.01,FULL,,
2019-01-23,US.RTX,BUY,64,59.300154008,,SIGNAL,atr_breakout,72.94363833921828,,,100.0,81.96,FULL,,
2019-01-24,US.ADI,BUY,43,82.86932384,,SIGNAL,atr_breakout,100.0,,,100.0,100.0,FULL,US.GE,52.35
2019-01-24,US.LRCX,BUY,228,14.559512369,,SIGNAL,atr_breakout,100.0,,,100.0,100.0,FULL,US.GLD,46.97
2019-02-05,US.QQQ,BUY,63,162.653330501,,QQQ_BETA_FLOOR,core_etf,,,,,,,,
2019-02-14,US.QQQ,BUY,62,162.834837228,,QQQ_BETA_FLOOR,core_etf,,,,,,,,
2019-03-05,US.VRT,BUY,187,9.94733929,,SIGNAL,atr_breakout,40.38245704713916,,,100.0,60.25,PARTIAL,,
2019-03-07,US.XEL,BUY,17,44.277559269,,SIGNAL,atr_breakout,22.80183303879892,,,100.0,48.53,OBSERVATION,,
2019-03-08,US.COST,BUY,18,206.236381953,,SIGNAL,atr_breakout,100.0,,,100.0,100.0,FULL,,
2019-03-11,US.QQQ,BUY,75,166.187935198,,QQQ_BETA_FLOOR,core_etf,,,,,,,,
2019-03-13,US.MELI,BUY,4,507.93,,SIGNAL,atr_breakout,100.0,,,100.0,100.0,FULL,US.XEL,51.47
2019-03-15,US.ASML,BUY,13,173.352428179,,SIGNAL,atr_breakout,100.0,,,100.0,100.0,FULL,,
2019-03-20,US.GOOG,BUY,41,60.663643469,,SIGNAL,atr_breakout,100.0,,,100.0,100.0,FULL,,
2019-03-21,US.AAPL,BUY,57,46.486938712,,SIGNAL,atr_breakout,100.0,,,100.0,100.0,FULL,,
2019-03-26,US.VRSK,BUY,21,125.465832655,,SIGNAL,atr_breakout,100.0,,,100.0,100.0,FULL,,
2019-03-27,US.ADP,BUY,4,133.772144894,,SIGNAL,atr_breakout,26.41301807783409,,,100.0,50.94,OBSERVATION,,
2019-03-28,US.SBUX,BUY,43,63.107540564,,SIGNAL,atr_breakout,73.5549433088581,,,100.0,82.37,FULL,,
2019-03-29,US.SNPS,BUY,18,115.15,,SIGNAL,atr_breakout,56.47929178886073,,,100.0,70.99,PARTIAL,,
2019-04-01,US.CDNS,BUY,41,64.8,,SIGNAL,atr_breakout,100.0,,,100.0,100.0,FULL,US.ADP,49.06
2019-04-04,US.ROST,BUY,29,90.890382633,,SIGNAL,atr_breakout,100.0,,,100.0,100.0,FULL,,
2019-04-09,US.OKTA,BUY,22,92.65,,SIGNAL,atr_breakout,49.54226092041147,,,100.0,66.36,PARTIAL,,
2019-04-22,US.FANG,BUY,25,86.07637115,,SIGNAL,atr_breakout,54.74310121911289,,,100.0,69.83,PARTIAL,,
2019-04-26,US.MNST,BUY,96,29.825,,SIGNAL,atr_breakout,100.0,,,100.0,100.0,FULL,,
2019-05-02,US.IDXX,BUY,2,242.34,,SIGNAL,atr_breakout,27.832054751158232,,,100.0,51.89,OBSERVATION,,
2019-05-03,US.MELI,BUY,5,578.94,,SIGNAL,atr_breakout,100.0,,,100.0,100.0,FULL,US.IDXX,48.11
2019-05-09,US.TEAM,BUY,23,125.13,,SIGNAL,atr_breakout,100.0,,,100.0,100.0,FULL,,
2019-05-20,US.TMUS,BUY,31,74.868253345,,SIGNAL,atr_breakout,65.25497481597905,,,100.0,76.84,PARTIAL,,
2019-05-21,US.CTAS,BUY,41,52.864567378,,SIGNAL,atr_breakout,43.0827302760809,,,100.0,62.06,PARTIAL,,
2019-05-31,US.GDX,BUY,147,19.89909864,,SIGNAL,atr_breakout,100.0,,,100.0,100.0,FULL,,
2019-06-04,US.QQQ,BUY,74,166.664185814,,QQQ_BETA_FLOOR,core_etf,,,,,,,,
2019-07-09,US.AMZN,BUY,29,99.415,,SIGNAL,atr_breakout,100.0,,,100.0,100.0,FULL,,
2019-07-18,US.KLAC,BUY,240,12.238103548,,SIGNAL,atr_breakout,100.0,,,100.0,100.0,FULL,,
2019-07-22,US.AMAT,BUY,61,47.436622553,,SIGNAL,atr_breakout,100.0,,,100.0,100.0,FULL,,
2019-07-25,US.CIEN,BUY,48,45.62,,SIGNAL,atr_breakout,59.34756083684349,,,100.0,72.9,PARTIAL,,
2019-08-05,US.GLD,BUY,15,137.79,,SIGNAL,atr_breakout,67.59107226546173,,,100.0,78.39,PARTIAL,,
2019-08-23,US.SLV,BUY,145,16.35,,SIGNAL,atr_breakout,50.90875089554095,,,100.0,67.27,PARTIAL,,
2019-09-09,US.EMR,BUY,118,54.969952137,,SIGNAL,atr_breakout,96.52802503303116,,,100.0,97.69,FULL,,
2019-09-13,US.COPX,BUY,354,15.975854506,,SIGNAL,atr_breakout,96.73568554524387,,,100.0,97.82,FULL,,
2019-09-19,US.TMUS,BUY,15,77.45980995,,SIGNAL,atr_breakout,32.81440368146883,,,100.0,55.21,OBSERVATION,,
2019-09-23,US.EQIX,BUY,12,512.741117486,,SIGNAL,atr_breakout,74.57513331328025,,,100.0,83.05,FULL,,
2019-09-24,US.AEP,BUY,67,73.558854666,,SIGNAL,atr_breakout,63.111519648906345,,,100.0,75.41,PARTIAL,,
2019-09-24,US.ISRG,BUY,6,180.4848618,,SIGNAL,atr_breakout,29.59149533606239,,,100.0,53.06,OBSERVATION,,
2019-09-26,US.TSM,BUY,140,39.852941027,,SIGNAL,atr_breakout,100.0,,,100.0,100.0,FULL,US.ISRG,46.94
2019-09-30,US.DLR,BUY,11,103.305918892,,SIGNAL,atr_breakout,11.514951826437073,,,100.0,41.01,OBSERVATION,,
2019-10-03,US.HON,BUY,3,140.565023158,,SIGNAL,boll_mr,17.244695086572055,,,100.0,44.83,OBSERVATION,,
2019-10-07,US.WDAY,BUY,7,177.84,,SIGNAL,atr_breakout,17.34080472359153,,,100.0,44.89,OBSERVATION,,
2019-10-11,US.AAPL,BUY,100,56.716630175,,SIGNAL,atr_breakout,100.0,,,100.0,100.0,FULL,US.HON,55.17
2019-10-11,US.ASML,BUY,20,239.699323163,,SIGNAL,atr_breakout,100.0,,,100.0,100.0,FULL,US.WDAY,55.11
2019-10-16,US.ALGN,BUY,5,211.56,,SIGNAL,atr_breakout,33.208002331948194,,,100.0,55.47,OBSERVATION,,
2019-10-24,US.AMAT,BUY,93,51.727328483,,SIGNAL,atr_breakout,100.0,,,100.0,100.0,FULL,US.ALGN,44.53
2019-10-30,US.GE,BUY,99,48.77992694,,SIGNAL,atr_breakout,100.0,,,100.0,100.0,FULL,,
2019-11-04,US.AVGO,BUY,222,25.864593283,,SIGNAL,atr_breakout,100.0,,,100.0,100.0,FULL,,
2019-11-04,US.MRVL,BUY,177,26.011272462,,SIGNAL,atr_breakout,100.0,,,100.0,100.0,FULL,,
2019-11-05,US.AVGO,BUY,181,26.63945964,,SIGNAL,atr_breakout,100.0,,,100.0,100.0,FULL,,
2019-11-14,US.HWM,BUY,174,29.762266454,,SIGNAL,atr_breakout,93.24863430819512,,,100.0,95.5,FULL,,
2019-11-15,US.AMAT,BUY,89,58.293045318,,SIGNAL,atr_breakout,100.0,,,100.0,100.0,FULL,,
2019-11-19,US.VRTX,BUY,22,215.0,,SIGNAL,atr_breakout,100.0,,,100.0,100.0,FULL,,
2019-11-21,US.CPRT,BUY,163,21.9625,,SIGNAL,atr_breakout,54.54098054390945,,,100.0,69.69,PARTIAL,,
2019-12-02,US.VRT,BUY,464,10.295496165,,SIGNAL,atr_breakout,100.0,,,100.0,100.0,FULL,,
2019-12-03,US.VRT,BUY,462,10.325338183,,SIGNAL,atr_breakout,100.0,,,100.0,100.0,FULL,,
2019-12-06,US.STM,BUY,198,24.112485855,,SIGNAL,atr_breakout,100.0,,,100.0,100.0,FULL,,
2020-01-03,US.LMT,BUY,13,343.140626431,,SIGNAL,atr_breakout,100.0,,,100.0,100.0,FULL,,
2020-01-23,US.STX,BUY,99,50.451913853,,SIGNAL,atr_breakout,100.0,,,100.0,100.0,FULL,,
2020-01-29,US.GE,BUY,79,62.504638509,,SIGNAL,atr_breakout,100.0,,,100.0,100.0,FULL,,
2020-02-03,US.ORLY,BUY,54,27.082000135,,SIGNAL,boll_mr,51.416368503651086,,,100.0,67.61,PARTIAL,,
2020-02-03,US.ADBE,BUY,2,358.0,,SIGNAL,atr_breakout,19.88682615419642,,,100.0,46.59,OBSERVATION,,
2020-02-07,US.TMUS,BUY,56,81.705755088,,SIGNAL,atr_breakout,100.0,,,100.0,100.0,FULL,US.ADBE,53.41
2020-02-14,US.NVDA,BUY,748,7.203745874,,SIGNAL,atr_breakout,100.0,,,100.0,100.0,FULL,,
2020-03-10,US.QQQ,BUY,63,195.861085264,,QQQ_BETA_FLOOR,core_etf,,,,,,,,
2020-04-08,US.QQQ,BUY,64,192.800798083,,QQQ_BETA_FLOOR,core_etf,,,,,,,,
2020-04-09,US.GDX,BUY,252,26.871356707,,SIGNAL,atr_breakout,81.63068753107791,,,100.0,87.75,FULL,,
2020-04-09,US.COPX,BUY,596,11.694849297,,SIGNAL,atr_breakout,47.104286000611935,,,100.0,64.74,PARTIAL,,
2020-04-09,US.SCCO,BUY,79,22.492036825,,SIGNAL,atr_breakout,36.14005606695514,,,100.0,57.43,OBSERVATION,,
2020-04-09,US.EXC,BUY,76,22.301586246,,SIGNAL,atr_breakout,32.95966694355066,,,100.0,55.31,OBSERVATION,,
2020-04-09,US.SBUX,BUY,25,64.18732426,,SIGNAL,atr_breakout,28.220347855037524,,,100.0,52.15,OBSERVATION,,
2020-04-09,US.LIN,BUY,9,170.961236433,,SIGNAL,atr_breakout,20.855135620847843,,,100.0,47.24,OBSERVATION,,
2020-04-09,US.EQIX,BUY,2,610.693910097,,SIGNAL,atr_breakout,17.32643724954589,,,100.0,44.88,OBSERVATION,,
2020-04-09,US.DLR,BUY,11,120.050077399,,SIGNAL,atr_breakout,14.04724118404281,,,100.0,42.7,OBSERVATION,,
2020-04-13,US.NFLX,BUY,165,39.672,,SIGNAL,atr_breakout,70.90386222243316,,,100.0,80.6,FULL,,
2020-04-13,US.TSEM,BUY,65,18.15,,SIGNAL,atr_breakout,13.17668816529031,,,100.0,42.12,OBSERVATION,,
2020-04-14,US.MNST,BUY,163,32.205,,SIGNAL,atr_breakout,96.30288850713467,,,100.0,97.54,FULL,US.TSEM,55.42
2020-04-15,US.ZS,BUY,55,69.96,,SIGNAL,atr_breakout,83.79499951918699,,,100.0,89.2,FULL,,
2020-04-20,US.PDD,BUY,107,50.11,,SIGNAL,atr_breakout,100.0,,,100.0,100.0,FULL,,
2020-04-22,US.BE,BUY,179,7.95,,SIGNAL,atr_breakout,62.61525312959152,,,100.0,75.08,PARTIAL,,
2020-04-22,US.META,BUY,7,180.693236923,,SIGNAL,atr_breakout,12.70425524468183,,,100.0,41.8,OBSERVATION,,
2020-04-23,US.TTD,BUY,51,25.397,,SIGNAL,atr_breakout,40.80999114936045,,,100.0,60.54,PARTIAL,,
2020-04-24,US.COHR,BUY,40,30.97,,SIGNAL,atr_breakout,56.69718131319339,,,100.0,71.13,PARTIAL,,
2020-04-28,US.ROK,BUY,23,176.274696123,,SIGNAL,atr_breakout,100.0,,,100.0,100.0,FULL,US.META,58.2
2020-04-29,US.LSCC,BUY,203,22.31,,SIGNAL,atr_breakout,100.0,,,100.0,100.0,FULL,,
2020-04-29,US.COPX,BUY,417,13.09496271,,SIGNAL,atr_breakout,100.0,,,100.0,100.0,FULL,US.SBUX,47.85
2020-04-30,US.META,BUY,27,202.927981844,,SIGNAL,atr_breakout,87.88785332299406,,,100.0,91.93,FULL,,
2020-05-04,US.CCJ,BUY,694,10.681700902,,SIGNAL,atr_breakout,93.84719073653889,,,100.0,95.9,FULL,,
2020-05-04,US.TEAM,BUY,27,163.13,,SIGNAL,atr_breakout,51.585709915956436,,,100.0,67.72,PARTIAL,,
2020-05-04,US.DDOG,BUY,24,45.83,,SIGNAL,atr_breakout,16.7223501777056,,,100.0,44.48,OBSERVATION,,
2020-05-05,US.URA,BUY,122,8.900986679,,SIGNAL,atr_breakout,24.26158245732593,,,100.0,49.51,OBSERVATION,,
2020-05-05,US.EA,BUY,8,116.076365597,,SIGNAL,atr_breakout,21.684315136407545,,,100.0,47.79,OBSERVATION,,
2020-05-06,US.MELI,BUY,4,742.88,,SIGNAL,atr_breakout,100.0,,,100.0,100.0,FULL,,
2020-05-14,US.SLV,BUY,142,14.81,,SIGNAL,atr_breakout,63.110717411579074,,,100.0,75.41,PARTIAL,,
2020-05-15,US.GLD,BUY,3,163.93,,SIGNAL,atr_breakout,13.838157767034346,,,100.0,42.56,OBSERVATION,,
2020-05-18,US.PDD,BUY,39,66.46,,SIGNAL,atr_breakout,100.0,,,100.0,100.0,FULL,US.GLD,57.44
2020-05-19,US.TTWO,BUY,18,142.24,,SIGNAL,atr_breakout,100.0,,,100.0,100.0,FULL,,
2020-05-20,US.ASML,BUY,8,305.116059897,,SIGNAL,atr_breakout,100.0,,,100.0,100.0,FULL,US.DDOG,55.52
2020-05-21,US.SNPS,BUY,6,168.49,,SIGNAL,atr_breakout,25.208922602182284,,,100.0,50.14,OBSERVATION,,
2020-05-26,US.BKNG,BUY,73,68.422956904,,SIGNAL,atr_breakout,100.0,,,100.0,100.0,FULL,US.SNPS,49.86
2020-05-27,US.PCAR,BUY,120,40.681252611,,SIGNAL,atr_breakout,100.0,,,100.0,100.0,FULL,,
2020-05-28,US.WDAY,BUY,26,182.56,,SIGNAL,atr_breakout,100.0,,,100.0,100.0,FULL,,
2020-06-05,US.ADP,BUY,17,139.56738724,,SIGNAL,atr_breakout,100.0,,,100.0,100.0,FULL,,
2020-06-15,US.SMCI,BUY,909,3.129,,SIGNAL,atr_breakout,78.93705084449205,,,100.0,85.96,FULL,,
2020-06-15,US.PDD,BUY,24,77.67,,SIGNAL,atr_breakout,55.1719500828045,,,100.0,70.11,PARTIAL,,
2020-06-29,US.ASTS,BUY,259,10.15,,SIGNAL,atr_breakout,100.0,,,100.0,100.0,FULL,,
2020-07-02,US.ASTS,BUY,257,10.22,,SIGNAL,atr_breakout,100.0,,,100.0,100.0,FULL,,
2020-07-24,US.TSM,BUY,42,66.189887164,,SIGNAL,atr_breakout,100.0,,,100.0,100.0,FULL,,
2020-07-24,US.CMCSA,BUY,56,33.873727757,,SIGNAL,atr_breakout,42.448652699892676,,,100.0,61.63,PARTIAL,,
2020-08-20,US.SNPS,BUY,12,215.16,,SIGNAL,atr_breakout,100.0,,,100.0,100.0,FULL,,
2020-09-09,US.CAT,BUY,4,137.415196405,,SIGNAL,atr_breakout,38.80095281004448,,,100.0,59.2,OBSERVATION,,
2020-09-10,US.ASTS,BUY,203,10.18,,SIGNAL,atr_breakout,56.73830651584046,,,100.0,71.16,PARTIAL,,
2020-09-14,US.MU,BUY,43,47.818331808,,SIGNAL,atr_breakout,51.057474169453286,,,100.0,67.37,PARTIAL,,
2020-09-17,US.GE,BUY,80,34.131350175,,SIGNAL,atr_breakout,82.70958333286296,,,100.0,88.47,FULL,,
2020-09-22,US.EMR,BUY,4,57.940011048,,SIGNAL,boll_mr,26.88454910065992,,,100.0,51.26,OBSERVATION,,
2020-09-22,US.DDOG,BUY,6,93.41,,SIGNAL,atr_breakout,12.900231457303343,,,100.0,41.93,OBSERVATION,,
2020-09-24,US.GLD,BUY,1,175.44,,SIGNAL,boll_mr,32.63735914891659,,,100.0,55.09,OBSERVATION,,
2020-09-30,US.DDOG,BUY,20,102.16,,SIGNAL,atr_breakout,100.0,,,100.0,100.0,FULL,US.EMR,48.74
2020-10-01,US.STM,BUY,81,31.667316626,,SIGNAL,atr_breakout,100.0,,,100.0,100.0,FULL,US.GLD,44.91
2020-10-15,US.COHR,BUY,29,46.67,,SIGNAL,atr_breakout,22.995315664012736,,,100.0,48.66,OBSERVATION,,
2020-10-16,US.TEAM,BUY,29,207.45,,SIGNAL,atr_breakout,96.21791845393594,,,100.0,97.48,FULL,US.COHR,48.82
2020-10-21,US.COPX,BUY,363,19.610825299,,SIGNAL,atr_breakout,100.0,,,100.0,100.0,FULL,,
2020-10-21,US.SCCO,BUY,35,36.606170674,,SIGNAL,atr_breakout,15.265591704489658,,,100.0,43.51,OBSERVATION,,
2020-10-22,US.ALGN,BUY,12,453.23,,SIGNAL,atr_breakout,100.0,,,100.0,100.0,FULL,US.SCCO,56.49
2020-10-26,US.TSEM,BUY,234,20.88,,SIGNAL,atr_breakout,66.82487515436748,,,100.0,77.88,PARTIAL,,
2020-10-26,US.AEP,BUY,54,76.774425081,,SIGNAL,atr_breakout,47.60816803130248,,,100.0,65.07,PARTIAL,,
2020-10-29,US.PDD,BUY,15,94.12,,SIGNAL,atr_breakout,22.82686404360873,,,100.0,48.55,OBSERVATION,,
2020-10-29,US.PPA,BUY,10,51.972218941,,SIGNAL,boll_mr,21.974354117140404,,,100.0,47.98,OBSERVATION,,
2020-10-30,US.BKR,BUY,132,12.758323548,,SIGNAL,atr_breakout,14.517439005516913,,,100.0,43.01,OBSERVATION,,
2020-11-02,US.SCCO,BUY,180,39.759978206,,SIGNAL,atr_breakout,82.58258816921162,,,100.0,88.39,FULL,,
2020-11-03,US.ADP,BUY,41,146.927237648,,SIGNAL,atr_breakout,100.0,,,100.0,100.0,FULL,US.BKR,56.99
2020-11-03,US.PAYX,BUY,68,73.434663222,,SIGNAL,atr_breakout,100.0,,,100.0,100.0,FULL,US.PPA,52.02
2021-01-13,US.BE,BUY,34,38.71,,SIGNAL,atr_breakout,45.67874196813299,,,100.0,63.79,PARTIAL,,
2021-01-14,US.AMAT,BUY,57,101.067007799,,SIGNAL,atr_breakout,100.0,,,100.0,100.0,FULL,,
2021-01-19,US.MRVL,BUY,110,52.714222576,,SIGNAL,atr_breakout,100.0,,,100.0,100.0,FULL,,
2021-01-22,US.PLTR,BUY,130,32.58,,SIGNAL,atr_breakout,100.0,,,100.0,100.0,FULL,,
2021-01-25,US.PLTR,BUY,116,36.23,,SIGNAL,atr_breakout,100.0,,,100.0,100.0,FULL,,
2021-01-25,US.SMCI,BUY,310,3.47,,SIGNAL,atr_breakout,37.87150726032004,,,100.0,58.58,OBSERVATION,,
2021-01-26,US.DLR,BUY,33,121.034101471,,SIGNAL,atr_breakout,68.4128140134894,,,100.0,78.94,PARTIAL,,
2021-01-27,US.STX,BUY,109,60.783096324,,SIGNAL,atr_breakout,100.0,,,100.0,100.0,FULL,,
2021-01-27,US.DLR,BUY,43,123.789214374,,SIGNAL,atr_breakout,97.13324212798277,,,100.0,98.09,FULL,,
2021-01-28,US.SBUX,BUY,5,86.628198982,,SIGNAL,boll_mr,39.30013658754167,,,100.0,59.53,OBSERVATION,,
2021-01-29,US.WDC,BUY,28,42.445550975,,SIGNAL,atr_breakout,18.57069481694954,,,100.0,45.71,OBSERVATION,,
2021-02-01,US.SLV,BUY,202,26.76,,SIGNAL,atr_breakout,100.0,,,100.0,100.0,FULL,US.WDC,54.29
2021-02-02,US.PANW,BUY,82,64.559354012,,SIGNAL,atr_breakout,100.0,,,100.0,100.0,FULL,,
2021-02-12,US.IDXX,BUY,9,544.08,,SIGNAL,atr_breakout,92.09600454048112,,,100.0,94.73,FULL,,
2021-02-23,US.CAT,BUY,7,200.424683733,,SIGNAL,atr_breakout,24.106349021962764,,,100.0,49.4,OBSERVATION,,
2021-02-24,US.HON,BUY,31,193.094897822,,SIGNAL,atr_breakout,100.0,,,100.0,100.0,FULL,,
2021-02-24,US.GE,BUY,76,63.681720444,,SIGNAL,atr_breakout,100.0,,,100.0,100.0,FULL,,
2021-02-26,US.SBUX,BUY,13,95.754318403,,SIGNAL,atr_breakout,36.12611342068513,,,100.0,57.42,OBSERVATION,,
2021-03-01,US.RKLB,BUY,408,13.95,,SIGNAL,atr_breakout,100.0,,,100.0,100.0,FULL,,
2021-03-02,US.CCJ,BUY,37,17.057379255,,SIGNAL,atr_breakout,10.180924333879226,,,100.0,40.12,OBSERVATION,,
2021-03-03,US.AA,BUY,73,29.353001971,,SIGNAL,atr_breakout,100.0,,,100.0,100.0,FULL,US.CAT,50.6
2021-03-04,US.FANG,BUY,33,65.767673899,,SIGNAL,atr_breakout,69.60224566114472,,,100.0,79.73,PARTIAL,,
2021-03-05,US.EMR,BUY,25,81.900697146,,SIGNAL,atr_breakout,52.527654562600645,,,100.0,68.35,PARTIAL,,
2021-03-05,US.ORLY,BUY,19,31.056666821,,SIGNAL,atr_breakout,11.102340041621845,,,100.0,40.73,OBSERVATION,,
2021-03-11,US.FTNT,BUY,70,37.506,,SIGNAL,atr_breakout,100.0,,,100.0,100.0,FULL,US.ORLY,59.27
2021-03-18,US.LMT,BUY,6,311.143963789,,SIGNAL,atr_breakout,41.33940632904823,,,100.0,60.89,PARTIAL,,
2021-03-19,US.META,BUY,6,287.5845675,,SIGNAL,atr_breakout,41.54684488759624,,,100.0,61.03,PARTIAL,,
2021-03-31,US.AMAT,BUY,20,127.865578448,,SIGNAL,atr_breakout,74.94089759296828,,,100.0,83.29,FULL,,
2021-04-13,US.OKTA,BUY,10,265.32,,SIGNAL,atr_breakout,100.0,,,100.0,100.0,FULL,,
2021-05-03,US.COST,BUY,7,359.369012169,,SIGNAL,atr_breakout,87.04752605705427,,,100.0,91.37,FULL,,
2021-05-10,US.COPX,BUY,99,39.87566604,,SIGNAL,atr_breakout,52.88553984359644,,,100.0,68.59,PARTIAL,,
2021-05-13,US.GILD,BUY,20,56.822314908,,SIGNAL,atr_breakout,36.81996242493924,,,100.0,57.88,OBSERVATION,,
2021-05-17,US.STX,BUY,58,89.79031413,,SIGNAL,atr_breakout,100.0,,,100.0,100.0,FULL,US.GILD,42.12
2021-05-20,US.INTU,BUY,6,421.031999682,,SIGNAL,atr_breakout,100.0,,,100.0,100.0,FULL,,
2021-05-27,US.GE,BUY,80,69.70324746,,SIGNAL,atr_breakout,100.0,,,100.0,100.0,FULL,,
2021-05-27,US.HWM,BUY,127,34.964965224,,SIGNAL,atr_breakout,100.0,,,100.0,100.0,FULL,,
2021-06-03,US.EQIX,BUY,8,704.280450826,,SIGNAL,atr_breakout,100.0,,,100.0,100.0,FULL,,
2021-06-03,US.CIEN,BUY,87,58.38,,SIGNAL,atr_breakout,100.0,,,100.0,100.0,FULL,,
2021-06-04,US.INTU,BUY,11,446.819931567,,SIGNAL,atr_breakout,94.42770590275154,,,100.0,96.29,FULL,,
2021-06-09,US.IONQ,BUY,642,10.6,,SIGNAL,atr_breakout,62.03055070464802,,,100.0,74.69,PARTIAL,,
2021-06-14,US.ADBE,BUY,15,556.95,,SIGNAL,atr_breakout,100.0,,,100.0,100.0,FULL,,
2021-06-22,US.CTAS,BUY,107,89.370981472,,SIGNAL,atr_breakout,100.0,,,100.0,100.0,FULL,,
2021-07-15,US.HON,BUY,46,215.938236072,,SIGNAL,atr_breakout,100.0,,,100.0,100.0,FULL,,
2021-07-20,US.QUBT,BUY,782,9.1,,SIGNAL,atr_breakout,100.0,,,100.0,100.0,FULL,,
2021-07-20,US.CPRT,BUY,256,35.8625,,SIGNAL,atr_breakout,87.88511610221084,,,100.0,91.92,FULL,,
2021-07-30,US.KLAC,BUY,300,33.095021096,,SIGNAL,atr_breakout,100.0,,,100.0,100.0,FULL,,
2021-08-10,US.ADP,BUY,50,194.193897811,,SIGNAL,atr_breakout,100.0,,,100.0,100.0,FULL,,
2021-08-12,US.PLTR,BUY,390,24.89,,SIGNAL,atr_breakout,100.0,,,100.0,100.0,FULL,,
2021-09-01,US.EQIX,BUY,12,790.240552741,,SIGNAL,atr_breakout,100.0,,,100.0,100.0,FULL,,
2021-09-01,US.NFLX,BUY,163,58.207,,SIGNAL,atr_breakout,100.0,,,100.0,100.0,FULL,,
2021-09-09,US.RKLB,BUY,342,20.72,,SIGNAL,atr_breakout,100.0,,,100.0,100.0,FULL,,
2021-09-10,US.CCJ,BUY,386,24.129228442,,SIGNAL,atr_breakout,100.0,,,100.0,100.0,FULL,,
2021-09-14,US.STM,BUY,209,44.632797418,,SIGNAL,atr_breakout,100.0,,,100.0,100.0,FULL,,
2021-09-17,US.FANG,BUY,30,67.594626581,,SIGNAL,atr_breakout,18.19382618331194,,,100.0,45.46,OBSERVATION,,
2021-09-22,US.ORLY,BUY,241,41.350666873,,SIGNAL,atr_breakout,96.22732353480814,,,100.0,97.48,FULL,,
2021-09-28,US.ONDS,BUY,809,9.62,,SIGNAL,atr_breakout,100.0,,,100.0,100.0,FULL,,
2021-09-29,US.IDXX,BUY,1,629.55,,SIGNAL,boll_mr,19.501326764542153,,,100.0,46.33,OBSERVATION,,
2021-10-01,US.FANG,BUY,35,80.881200482,,SIGNAL,atr_breakout,29.695799176955806,,,100.0,53.13,OBSERVATION,,
2021-10-01,US.PAYX,BUY,27,99.626339588,,SIGNAL,atr_breakout,24.381320340351945,,,100.0,49.59,OBSERVATION,,
2021-10-05,US.NFLX,BUY,156,63.480999999,,SIGNAL,atr_breakout,48.317463903016495,,,100.0,65.54,PARTIAL,,
2021-10-05,US.TTWO,BUY,15,162.02,,SIGNAL,atr_breakout,25.507686722450035,,,100.0,50.34,OBSERVATION,,
2021-10-05,US.RTX,BUY,30,79.951082614,,SIGNAL,atr_breakout,15.80639434322197,,,100.0,43.87,OBSERVATION,,
2021-10-06,US.RGTI,BUY,1014,9.86,,SIGNAL,atr_breakout,100.0,,,100.0,100.0,FULL,,
2021-10-21,US.ORLY,BUY,226,44.216666887,,SIGNAL,atr_breakout,100.0,,,100.0,100.0,FULL,,
2021-10-27,US.GOOG,BUY,68,145.147767578,,SIGNAL,atr_breakout,71.45425785098003,,,100.0,80.97,FULL,,
2021-10-28,US.STM,BUY,215,46.503076539,,SIGNAL,atr_breakout,100.0,,,100.0,100.0,FULL,,
2021-11-01,US.ON,BUY,181,54.99,,SIGNAL,atr_breakout,100.0,,,100.0,100.0,FULL,,
2021-11-24,US.COST,BUY,18,522.636462946,,SIGNAL,atr_breakout,44.76922898564877,,,100.0,63.18,PARTIAL,,
2021-12-02,US.TSEM,BUY,80,37.57,,SIGNAL,atr_breakout,14.639806249705165,,,100.0,43.09,OBSERVATION,,
2021-12-03,US.MRVL,BUY,121,82.149664304,,SIGNAL,atr_breakout,100.0,,,100.0,100.0,FULL,,
2021-12-16,US.GILD,BUY,155,61.473325482,,SIGNAL,atr_breakout,67.21428851612445,,,100.0,78.14,PARTIAL,,
2022-01-19,US.SLV,BUY,447,22.37,,SIGNAL,atr_breakout,100.0,,,100.0,100.0,FULL,,
2022-01-21,US.ADI,BUY,11,147.74805538,,SIGNAL,boll_mr,21.242259109120454,,,100.0,47.49,OBSERVATION,,
2022-01-21,US.MDLZ,BUY,68,60.553421917,,SIGNAL,atr_breakout,18.22789866043995,,,100.0,45.49,OBSERVATION,,
2022-01-25,US.LMT,BUY,29,343.612760174,,SIGNAL,atr_breakout,78.74323995098138,,,100.0,85.83,FULL,,
2022-01-25,US.SYM,BUY,183,9.81,,SIGNAL,boll_mr,11.175319655635695,,,100.0,40.78,OBSERVATION,,
2022-02-01,US.VRTX,BUY,18,245.66,,SIGNAL,atr_breakout,22.038628435048853,,,100.0,48.03,OBSERVATION,,
2022-02-01,US.QQQ,BUY,35,355.080798145,,QQQ_BETA_FLOOR,core_etf,,,,,,,,
2022-02-02,US.VRTX,BUY,39,253.57,,SIGNAL,atr_breakout,100.0,,,100.0,100.0,FULL,,
2022-02-02,US.EXC,BUY,274,36.475506509,,SIGNAL,atr_breakout,100.0,,,100.0,100.0,FULL,,
2022-02-03,US.TMUS,BUY,86,115.501183281,,SIGNAL,atr_breakout,65.87168636813917,,,100.0,77.25,PARTIAL,,
2022-02-04,US.TTWO,BUY,57,175.0,,SIGNAL,atr_breakout,41.117789210008546,,,100.0,60.75,PARTIAL,,
2022-02-08,US.AA,BUY,144,66.763375656,,SIGNAL,atr_breakout,100.0,,,100.0,100.0,FULL,,
2022-02-10,US.DDOG,BUY,43,174.6,,SIGNAL,atr_breakout,100.0,,,100.0,100.0,FULL,,
2022-02-11,US.BKR,BUY,378,26.444566085,,SIGNAL,atr_breakout,78.74489328855756,,,100.0,85.83,FULL,,
2022-02-15,US.TSEM,BUY,208,47.07,,SIGNAL,atr_breakout,100.0,,,100.0,100.0,FULL,,
2022-02-16,US.COHR,BUY,135,73.78,,SIGNAL,atr_breakout,65.49950164741904,,,100.0,77.0,PARTIAL,,
2022-02-22,US.SLV,BUY,144,22.31,,SIGNAL,atr_breakout,17.29240485848129,,,100.0,44.86,OBSERVATION,,
2022-02-23,US.GLD,BUY,19,178.29,,SIGNAL,atr_breakout,14.13256886378907,,,100.0,42.76,OBSERVATION,,
2022-02-25,US.PANW,BUY,105,94.95738318,,SIGNAL,atr_breakout,100.0,,,100.0,100.0,FULL,,
2022-02-25,US.LMT,BUY,27,363.421724729,,SIGNAL,atr_breakout,100.0,,,100.0,100.0,FULL,,
2022-02-25,US.RTX,BUY,111,89.435190098,,SIGNAL,atr_breakout,70.37632970771243,,,100.0,80.25,FULL,,
2022-02-25,US.PPA,BUY,138,72.092321549,,SIGNAL,atr_breakout,61.802103515721576,,,100.0,74.53,PARTIAL,,
2022-03-07,US.BKR,BUY,316,31.562869198,,SIGNAL,atr_breakout,100.0,,,100.0,100.0,FULL,,
2022-03-07,US.GDX,BUY,274,36.417145481,,SIGNAL,atr_breakout,66.88095240012001,,,100.0,77.92,PARTIAL,,
2022-03-07,US.AEP,BUY,119,83.358172925,,SIGNAL,atr_breakout,41.08277931942605,,,100.0,60.72,PARTIAL,,
2022-03-09,US.ASTS,BUY,584,9.78,,SIGNAL,atr_breakout,100.0,,,100.0,100.0,FULL,,
2022-03-11,US.BKR,BUY,292,34.158320777,,SIGNAL,atr_breakout,41.40919593285154,,,100.0,60.94,PARTIAL,,
2022-03-14,US.REGN,BUY,2,651.032841567,,SIGNAL,atr_breakout,23.51270756915862,,,100.0,49.01,OBSERVATION,,
2022-03-15,US.ORLY,BUY,39,46.389333565,,SIGNAL,atr_breakout,31.863725732542736,,,100.0,54.58,OBSERVATION,,
2022-03-16,US.CTAS,BUY,64,93.529801879,,SIGNAL,atr_breakout,50.182347136957674,,,100.0,66.79,PARTIAL,,
2022-03-16,US.VRSK,BUY,8,189.755478494,,SIGNAL,atr_breakout,17.72482355338273,,,100.0,45.15,OBSERVATION,,
2022-03-16,US.VRTX,BUY,6,248.52,,SIGNAL,atr_breakout,16.210220350956515,,,100.0,44.14,OBSERVATION,,
2022-03-16,US.TXN,BUY,10,155.797772441,,SIGNAL,atr_breakout,16.162909797831684,,,100.0,44.11,OBSERVATION,,
2022-03-17,US.VRSK,BUY,36,196.532806642,,SIGNAL,atr_breakout,100.0,,,100.0,100.0,FULL,,
2022-03-18,US.VRSK,BUY,35,202.193526284,,SIGNAL,atr_breakout,100.0,,,100.0,100.0,FULL,,
2022-03-21,US.CCJ,BUY,149,28.984943567,,SIGNAL,atr_breakout,64.6572245536099,,,100.0,76.44,PARTIAL,,
2022-03-21,US.EMR,BUY,16,90.200606003,,SIGNAL,atr_breakout,29.7791963069977,,,100.0,53.19,OBSERVATION,,
2022-03-21,US.CAT,BUY,7,207.795173733,,SIGNAL,atr_breakout,29.125604704423186,,,100.0,52.75,OBSERVATION,,
2022-03-22,US.TSLA,BUY,14,331.3233534,,SIGNAL,atr_breakout,99.6403724402969,,,100.0,99.76,FULL,US.TXN,55.65
2022-03-28,US.CTAS,BUY,64,101.728351316,,SIGNAL,atr_breakout,98.39554830167921,,,100.0,98.93,FULL,,
2022-04-11,US.ROST,BUY,56,95.171181356,,SIGNAL,atr_breakout,41.7926619339282,,,100.0,61.2,PARTIAL,,
2022-04-12,US.GLD,BUY,8,183.77,,SIGNAL,atr_breakout,11.800415176484316,,,100.0,41.2,OBSERVATION,,
2022-04-19,US.MDLZ,BUY,113,58.085536161,,SIGNAL,atr_breakout,80.77050370682257,,,100.0,87.18,FULL,,
2022-04-27,US.RSP,BUY,4,139.015836222,,SIGNAL,boll_mr,23.574655275553614,,,100.0,49.05,OBSERVATION,,
2022-05-25,US.REGN,BUY,3,685.220471324,,SIGNAL,atr_breakout,24.037872564322853,,,100.0,49.36,OBSERVATION,,
2022-05-25,US.GILD,BUY,36,55.971806297,,SIGNAL,atr_breakout,14.37728198508358,,,100.0,42.92,OBSERVATION,,
2022-05-25,US.AMGN,BUY,8,223.312215243,,SIGNAL,atr_breakout,11.999329370261611,,,100.0,41.33,OBSERVATION,,
2022-05-26,US.NXPI,BUY,35,177.795909085,,SIGNAL,atr_breakout,86.58542716446314,,,100.0,91.06,FULL,,
2022-05-26,US.FANG,BUY,44,123.07814955,,SIGNAL,atr_breakout,56.70671035517956,,,100.0,71.14,PARTIAL,,
2022-05-26,US.BKR,BUY,50,33.668270479,,SIGNAL,atr_breakout,33.90062217144898,,,100.0,55.93,OBSERVATION,,
2022-05-26,US.CMCSA,BUY,46,35.655773557,,SIGNAL,atr_breakout,21.21431366367469,,,100.0,47.48,OBSERVATION,,
2022-05-26,US.EA,BUY,11,135.615426755,,SIGNAL,atr_breakout,19.947171436352352,,,100.0,46.63,OBSERVATION,,
2022-05-27,US.CEG,BUY,85,64.579517105,,SIGNAL,atr_breakout,100.0,,,100.0,100.0,FULL,US.AMGN,58.67
2022-05-27,US.KLAC,BUY,154,35.70993852,,SIGNAL,atr_breakout,99.53082126664084,,,100.0,99.69,FULL,US.GILD,56.77
2022-05-31,US.PDD,BUY,35,50.35,,SIGNAL,atr_breakout,49.75077332251173,,,100.0,66.5,PARTIAL,,
2022-05-31,US.AMGN,BUY,7,226.604395643,,SIGNAL,atr_breakout,10.027621045195453,,,100.0,40.02,OBSERVATION,,
2022-06-01,US.PCAR,BUY,39,50.695410751,,SIGNAL,atr_breakout,25.287194110805938,,,100.0,50.19,OBSERVATION,,
2022-06-02,US.CRDO,BUY,308,12.94,,SIGNAL,atr_breakout,100.0,,,100.0,100.0,FULL,,
2022-06-02,US.LIN,BUY,20,312.278964234,,SIGNAL,atr_breakout,68.4442334573271,,,100.0,78.96,PARTIAL,,
2022-06-02,US.AMD,BUY,40,108.59,,SIGNAL,atr_breakout,65.51925578839611,,,100.0,77.01,PARTIAL,,
2022-06-03,US.QUBT,BUY,672,2.505,,SIGNAL,atr_breakout,22.784665660832385,,,100.0,48.52,OBSERVATION,,
2022-06-07,US.RTX,BUY,94,92.160979451,,SIGNAL,atr_breakout,100.0,,,100.0,100.0,FULL,,
2022-06-07,US.URA,BUY,276,20.46519103,,SIGNAL,atr_breakout,63.64508506266557,,,100.0,75.76,PARTIAL,,
2022-06-08,US.SYM,BUY,244,20.07,,SIGNAL,atr_breakout,100.0,,,100.0,100.0,FULL,,
2022-06-23,US.VRTX,BUY,27,283.5,,SIGNAL,atr_breakout,48.41658433047,,,100.0,65.61,PARTIAL,,
2022-06-23,US.SNOW,BUY,15,143.11,,SIGNAL,atr_breakout,21.723482733056617,,,100.0,47.82,OBSERVATION,,
2022-06-24,US.PLTR,BUY,392,10.19,,SIGNAL,atr_breakout,100.0,,,100.0,100.0,FULL,,
2022-06-24,US.VRTX,BUY,26,292.55,,SIGNAL,atr_breakout,86.43446690358452,,,100.0,90.96,FULL,,
2022-06-24,US.MNST,BUY,196,47.29,,SIGNAL,atr_breakout,75.65384302551523,,,100.0,83.77,FULL,,
2022-06-24,US.CRWD,BUY,40,46.2475,,SIGNAL,atr_breakout,27.26261107521355,,,100.0,51.51,OBSERVATION,,
2022-06-24,US.TEAM,BUY,8,205.32,,SIGNAL,atr_breakout,14.560708083513749,,,100.0,43.04,OBSERVATION,,
2022-07-01,US.PEP,BUY,14,148.551709956,,SIGNAL,atr_breakout,27.56457310080033,,,100.0,51.71,OBSERVATION,,
2022-07-01,US.MDLZ,BUY,36,56.741610225,,SIGNAL,atr_breakout,26.094987365739303,,,100.0,50.73,OBSERVATION,,
2022-07-06,US.VRSK,BUY,39,173.280355984,,SIGNAL,atr_breakout,42.576871743817236,,,100.0,61.72,PARTIAL,,
2022-07-06,US.ORLY,BUY,146,43.850000219,,SIGNAL,atr_breakout,41.66770068599874,,,100.0,61.11,PARTIAL,,
2022-07-06,US.COST,BUY,3,469.842715536,,SIGNAL,atr_breakout,10.157780781848977,,,100.0,40.11,OBSERVATION,,
2022-07-07,US.DXCM,BUY,65,81.92,,SIGNAL,atr_breakout,53.49749311970751,,,100.0,69.0,PARTIAL,,
2022-07-07,US.GLD,BUY,4,162.23,,SIGNAL,boll_mr,31.969077621606186,,,100.0,54.65,OBSERVATION,,
2022-07-07,US.TEAM,BUY,7,213.77,,SIGNAL,atr_breakout,14.152095688008288,,,100.0,42.77,OBSERVATION,,
2022-07-14,US.QBTS,BUY,888,9.98,,SIGNAL,atr_breakout,100.0,,,100.0,100.0,FULL,,
2022-07-14,US.QCOM,BUY,48,129.672566538,,SIGNAL,atr_breakout,90.74842152001432,,,100.0,93.83,FULL,,
2022-07-14,US.COST,BUY,11,488.239682922,,SIGNAL,atr_breakout,47.07920117230447,,,100.0,64.72,PARTIAL,,
2022-07-14,US.CTAS,BUY,16,93.290471648,,SIGNAL,atr_breakout,13.844245751098525,,,100.0,42.56,OBSERVATION,,
2022-07-15,US.ADI,BUY,45,147.710993782,,SIGNAL,atr_breakout,78.06580450895272,,,100.0,85.38,FULL,,
2022-07-15,US.MU,BUY,74,60.357527144,,SIGNAL,atr_breakout,40.84487591043016,,,100.0,60.56,PARTIAL,,
2022-07-22,US.QBTS,BUY,563,10.0,,SIGNAL,atr_breakout,57.98148383369779,,,100.0,71.99,PARTIAL,,
2022-07-22,US.VRT,BUY,148,10.563835497,,SIGNAL,atr_breakout,26.977080946987147,,,100.0,51.32,OBSERVATION,,
2022-07-22,US.CMCSA,BUY,44,34.651793515,,SIGNAL,atr_breakout,22.679169126409796,,,100.0,48.45,OBSERVATION,,
2022-07-26,US.GE,BUY,164,43.614825927,,SIGNAL,atr_breakout,100.0,,,100.0,100.0,FULL,,
2022-07-27,US.SNPS,BUY,18,353.54,,SIGNAL,atr_breakout,100.0,,,100.0,100.0,FULL,US.CMCSA,51.55
2022-07-27,US.CRDO,BUY,287,13.89,,SIGNAL,atr_breakout,100.0,,,100.0,100.0,FULL,US.VRT,48.68
2022-07-28,US.ANET,BUY,235,28.8325,,SIGNAL,atr_breakout,100.0,,,100.0,100.0,FULL,,
2022-07-28,US.EQIX,BUY,9,655.243917001,,SIGNAL,atr_breakout,100.0,,,100.0,100.0,FULL,,
2022-07-29,US.TSLA,BUY,18,297.1470285,,SIGNAL,atr_breakout,100.0,,,100.0,100.0,FULL,,
2022-08-04,US.VRT,BUY,354,13.112696842,,SIGNAL,atr_breakout,100.0,,,100.0,100.0,FULL,,
2022-08-05,US.TEAM,BUY,17,268.59,,SIGNAL,atr_breakout,100.0,,,100.0,100.0,FULL,,
2022-08-08,US.WDAY,BUY,27,166.8,,SIGNAL,atr_breakout,61.40223877389405,,,100.0,74.27,PARTIAL,,
2022-08-09,US.ASTS,BUY,168,8.29,,SIGNAL,atr_breakout,39.05277893198539,,,100.0,59.37,OBSERVATION,,
2022-08-09,US.VRTX,BUY,4,298.83,,SIGNAL,atr_breakout,22.906474585354182,,,100.0,48.6,OBSERVATION,,
2022-08-10,US.TTD,BUY,53,74.24,,SIGNAL,atr_breakout,100.0,,,100.0,100.0,FULL,US.VRTX,51.4
2022-08-17,US.AAPL,BUY,8,171.352697306,,SIGNAL,atr_breakout,23.802253694304063,,,100.0,49.2,OBSERVATION,,
2022-08-18,US.CSCO,BUY,135,44.330410818,,SIGNAL,atr_breakout,100.0,,,100.0,100.0,FULL,,
2022-08-23,US.PANW,BUY,66,94.91738358,,SIGNAL,atr_breakout,100.0,,,100.0,100.0,FULL,,
2022-08-24,US.URA,BUY,237,19.64835585,,SIGNAL,atr_breakout,45.18396962374321,,,100.0,63.46,PARTIAL,,
2022-08-24,US.CCJ,BUY,48,26.746953391,,SIGNAL,atr_breakout,31.00914736988268,,,100.0,54.01,OBSERVATION,,
2022-08-25,US.SNOW,BUY,21,196.28,,SIGNAL,atr_breakout,100.0,,,100.0,100.0,FULL,US.AAPL,50.8
2022-08-26,US.SCCO,BUY,106,42.075678143,,SIGNAL,atr_breakout,42.54006530463346,,,100.0,61.69,PARTIAL,,
2022-08-29,US.CCJ,BUY,175,28.856209619,,SIGNAL,atr_breakout,82.7911612347806,,,100.0,88.53,FULL,,
2022-08-29,US.PDD,BUY,22,66.04,,SIGNAL,atr_breakout,49.59326633377492,,,100.0,66.4,PARTIAL,,
2022-08-29,US.URA,BUY,240,20.425557481,,SIGNAL,atr_breakout,48.57135828884785,,,100.0,65.71,PARTIAL,,
2022-09-08,US.REGN,BUY,10,703.043265253,,SIGNAL,atr_breakout,100.0,,,100.0,100.0,FULL,,
2022-09-08,US.CEG,BUY,75,83.336399394,,SIGNAL,atr_breakout,52.882513630596975,,,100.0,68.59,PARTIAL,,
2022-09-12,US.GILD,BUY,130,59.286406539,,SIGNAL,atr_breakout,79.69351144833878,,,100.0,86.46,FULL,,
2022-09-12,US.FTNT,BUY,124,55.84,,SIGNAL,atr_breakout,72.78193829673363,,,100.0,81.85,FULL,,
2022-09-12,US.ZS,BUY,24,193.6,,SIGNAL,atr_breakout,48.98299873237843,,,100.0,65.99,PARTIAL,,
2022-09-12,US.MNST,BUY,27,46.78,,SIGNAL,atr_breakout,34.14672697936485,,,100.0,56.1,OBSERVATION,,
2022-09-12,US.ROST,BUY,13,91.317345147,,SIGNAL,atr_breakout,31.209043836014967,,,100.0,54.14,OBSERVATION,,
2022-09-14,US.SBUX,BUY,81,84.660585825,,SIGNAL,atr_breakout,93.65993470654496,,,100.0,95.77,FULL,,
2022-09-14,US.AMGN,BUY,2,202.898653361,,SIGNAL,boll_mr,33.48683186405702,,,100.0,55.66,OBSERVATION,,
2022-09-28,US.LMT,BUY,2,362.0634436,,SIGNAL,boll_mr,39.849199337577836,,,100.0,59.9,OBSERVATION,,
2022-10-03,US.SLV,BUY,456,19.1,,SIGNAL,atr_breakout,100.0,,,100.0,100.0,FULL,,
2022-10-03,US.VRTX,BUY,6,297.43,,SIGNAL,atr_breakout,15.661628383717138,,,100.0,43.77,OBSERVATION,,
2022-10-05,US.PCAR,BUY,35,52.240878494,,SIGNAL,atr_breakout,33.7015829106491,,,100.0,55.8,OBSERVATION,,
2022-10-06,US.FN,BUY,57,107.35,,SIGNAL,atr_breakout,61.07001131405778,,,100.0,74.05,PARTIAL,,
2022-10-06,US.DXCM,BUY,17,95.21,,SIGNAL,atr_breakout,24.16807995848721,,,100.0,49.45,OBSERVATION,,
2022-10-06,US.FANG,BUY,13,122.437019537,,SIGNAL,atr_breakout,19.81723864341725,,,100.0,46.54,OBSERVATION,,
2022-10-18,US.GE,BUY,51,43.174305087,,SIGNAL,atr_breakout,21.844508182220146,,,100.0,47.9,OBSERVATION,,
2022-10-18,US.EMR,BUY,28,75.866405947,,SIGNAL,atr_breakout,19.162621449269636,,,100.0,46.11,OBSERVATION,,
2022-10-19,US.NFLX,BUY,168,27.238,,SIGNAL,atr_breakout,100.0,,,100.0,100.0,FULL,,
2022-10-19,US.BKR,BUY,241,23.56718904,,SIGNAL,atr_breakout,99.50298860375905,,,100.0,99.67,FULL,,
2022-10-19,US.ISRG,BUY,28,211.14,,SIGNAL,atr_breakout,86.02408570343526,,,100.0,90.68,FULL,,
2022-10-20,US.TTWO,BUY,14,123.89,,SIGNAL,atr_breakout,29.15871783037848,,,100.0,52.77,OBSERVATION,,
2022-10-21,US.CAT,BUY,44,179.967726165,,SIGNAL,atr_breakout,96.43186663124223,,,100.0,97.62,FULL,,
2022-10-21,US.NFLX,BUY,162,28.957,,SIGNAL,atr_breakout,66.90429362358995,,,100.0,77.94,PARTIAL,,
2022-10-24,US.ORLY,BUY,134,51.230666922,,SIGNAL,atr_breakout,100.0,,,100.0,100.0,FULL,,
2022-10-25,US.CRDO,BUY,354,12.94,,SIGNAL,atr_breakout,100.0,,,100.0,100.0,FULL,US.EMR,53.89
2022-10-25,US.FN,BUY,54,113.11,,SIGNAL,atr_breakout,100.0,,,100.0,100.0,FULL,US.FANG,53.46
2022-10-25,US.CIEN,BUY,127,45.22,,SIGNAL,atr_breakout,100.0,,,100.0,100.0,FULL,US.GE,52.1
2022-10-31,US.UFO,BUY,209,19.384013538,,SIGNAL,atr_breakout,43.28021548847616,,,100.0,62.19,PARTIAL,,
2022-11-02,US.SMCI,BUY,620,8.084,,SIGNAL,atr_breakout,100.0,,,100.0,100.0,FULL,,
2022-11-03,US.EQIX,BUY,2,541.560912425,,SIGNAL,atr_breakout,18.801867236246057,,,100.0,45.87,OBSERVATION,,
2022-11-04,US.SCCO,BUY,132,43.984113612,,SIGNAL,atr_breakout,100.0,,,100.0,100.0,FULL,,
2022-11-04,US.COPX,BUY,183,29.472209525,,SIGNAL,atr_breakout,100.0,,,100.0,100.0,FULL,,
2023-01-03,US.GLD,BUY,8,171.06,,SIGNAL,atr_breakout,23.078091320335933,,,100.0,48.72,OBSERVATION,,
2023-01-04,US.GE,BUY,119,54.989350556,,SIGNAL,atr_breakout,100.0,,,100.0,100.0,FULL,,
2023-01-04,US.GDX,BUY,198,29.850995604,,SIGNAL,atr_breakout,91.22278163248528,,,100.0,94.15,FULL,,
2023-01-05,US.PDD,BUY,47,95.43,,SIGNAL,atr_breakout,46.86854338033138,,,100.0,64.58,PARTIAL,,
2023-01-05,US.SYM,BUY,99,12.73,,SIGNAL,atr_breakout,21.45562761547684,,,100.0,47.64,OBSERVATION,,
2023-01-06,US.GLW,BUY,173,32.446367599,,SIGNAL,atr_breakout,100.0,,,100.0,100.0,FULL,US.SYM,52.36
2023-01-20,US.GOOG,BUY,61,98.412324271,,SIGNAL,atr_breakout,100.0,,,100.0,100.0,FULL,,
2023-01-25,US.CPRT,BUY,137,32.965,,SIGNAL,atr_breakout,46.26750450018955,,,100.0,64.18,PARTIAL,,
2023-01-25,US.CCJ,BUY,154,27.178495183,,SIGNAL,atr_breakout,42.901500090114084,,,100.0,61.93,PARTIAL,,
2023-02-02,US.MRVL,BUY,121,48.201841939,,SIGNAL,atr_breakout,100.0,,,100.0,100.0,FULL,,
2023-02-03,US.AI,BUY,131,25.88,,SIGNAL,atr_breakout,100.0,,,100.0,100.0,FULL,,
2023-02-03,US.REGN,BUY,7,776.714780726,,SIGNAL,atr_breakout,100.0,,,100.0,100.0,FULL,US.GLD,51.28
2023-02-06,US.QQQ,BUY,16,297.093152748,,QQQ_BETA_FLOOR,core_etf,,,,,,,,
2023-02-07,US.MSFT,BUY,17,260.153759132,,SIGNAL,atr_breakout,40.131548999216285,,,100.0,60.09,PARTIAL,,
2023-02-08,US.FTNT,BUY,100,59.64,,SIGNAL,atr_breakout,100.0,,,100.0,100.0,FULL,,
2023-02-09,US.APP,BUY,240,16.11,,SIGNAL,atr_breakout,100.0,,,100.0,100.0,FULL,,
2023-02-10,US.DXCM,BUY,49,117.89,,SIGNAL,atr_breakout,100.0,,,100.0,100.0,FULL,,
2023-02-15,US.ADI,BUY,32,185.142955967,,SIGNAL,atr_breakout,100.0,,,100.0,100.0,FULL,,
2023-02-22,US.PANW,BUY,75,93.875,,SIGNAL,atr_breakout,100.0,,,100.0,100.0,FULL,,
2023-02-23,US.KDP,BUY,43,32.699957277,,SIGNAL,atr_breakout,11.3475808158973,,,100.0,40.9,OBSERVATION,,
2023-02-24,US.LIN,BUY,4,330.869721709,,SIGNAL,atr_breakout,12.085845591810337,,,100.0,41.39,OBSERVATION,,
2023-02-27,US.SMCI,BUY,462,10.113,,SIGNAL,atr_breakout,53.20749669789836,,,100.0,68.8,PARTIAL,,
2023-03-02,US.BKNG,BUY,13,100.968424817,,SIGNAL,atr_breakout,39.856380705148325,,,100.0,59.9,OBSERVATION,,
2023-03-03,US.AVGO,BUY,100,60.276933371,,SIGNAL,atr_breakout,100.0,,,100.0,100.0,FULL,,
2023-03-10,US.RTX,BUY,6,89.547412896,,SIGNAL,boll_mr,16.85677344538632,,,100.0,44.57,OBSERVATION,,
2023-03-13,US.GLD,BUY,34,177.86,,SIGNAL,atr_breakout,100.0,,,100.0,100.0,FULL,,
2023-04-05,US.AMGN,BUY,30,228.910231042,,SIGNAL,atr_breakout,100.0,,,100.0,100.0,FULL,,
2023-04-05,US.XEL,BUY,99,63.693398333,,SIGNAL,atr_breakout,100.0,,,100.0,100.0,FULL,,
2023-04-13,US.SCCO,BUY,94,67.471278482,,SIGNAL,atr_breakout,100.0,,,100.0,100.0,FULL,,
2023-04-24,US.TTWO,BUY,49,127.79,,SIGNAL,atr_breakout,91.8593298991179,,,100.0,94.57,FULL,,
2023-04-25,US.PEP,BUY,37,169.673694118,,SIGNAL,atr_breakout,100.0,,,100.0,100.0,FULL,,
2023-04-26,US.SNPS,BUY,1,365.1,,SIGNAL,boll_mr,29.564134481919922,,,100.0,53.04,OBSERVATION,,
2023-04-26,US.SBUX,BUY,15,102.900881972,,SIGNAL,atr_breakout,20.51578337663664,,,100.0,47.01,OBSERVATION,,
2023-04-26,US.QQQ,BUY,33,305.668667453,,QQQ_BETA_FLOOR,core_etf,,,,,,,,
2023-04-27,US.META,BUY,24,236.483314683,,SIGNAL,atr_breakout,100.0,,,100.0,100.0,FULL,,
2023-05-08,US.ABNB,BUY,47,125.65,,SIGNAL,atr_breakout,73.45221954718716,,,100.0,82.3,FULL,,
2023-05-10,US.DDOG,BUY,60,86.0,,SIGNAL,atr_breakout,100.0,,,100.0,100.0,FULL,,
2023-05-22,US.RKLB,BUY,1160,4.95,,SIGNAL,atr_breakout,100.0,,,100.0,100.0,FULL,,
2023-05-23,US.PLTR,BUY,106,12.64,,SIGNAL,atr_breakout,34.09397208797138,,,100.0,56.06,OBSERVATION,,
2023-05-23,US.CRDO,BUY,119,11.03,,SIGNAL,atr_breakout,32.96762738243477,,,100.0,55.31,OBSERVATION,,
2023-05-23,US.FN,BUY,13,98.34,,SIGNAL,atr_breakout,29.21950680604534,,,100.0,52.81,OBSERVATION,,
2023-05-24,US.PANW,BUY,42,102.155,,SIGNAL,atr_breakout,49.097804588765456,,,100.0,66.07,PARTIAL,,
2023-05-26,US.AVGO,BUY,82,77.978175512,,SIGNAL,atr_breakout,100.0,,,100.0,100.0,FULL,,
2023-06-12,US.BE,BUY,273,16.85,,SIGNAL,atr_breakout,100.0,,,100.0,100.0,FULL,,
2023-06-22,US.ASTS,BUY,681,6.83,,SIGNAL,atr_breakout,71.43079972369175,,,100.0,80.95,FULL,,
2023-06-23,US.VRT,BUY,62,23.555122494,,SIGNAL,atr_breakout,25.429380578903803,,,100.0,50.29,OBSERVATION,,
2023-06-23,US.TTWO,BUY,10,141.85,,SIGNAL,atr_breakout,10.091676998737784,,,100.0,40.06,OBSERVATION,,
2023-06-27,US.AMAT,BUY,46,142.997339882,,SIGNAL,atr_breakout,100.0,,,100.0,100.0,FULL,,
2023-06-27,US.HWM,BUY,126,47.688753946,,SIGNAL,atr_breakout,89.18561719555589,,,100.0,92.79,FULL,,
2023-07-06,US.KDP,BUY,47,29.516439087,,SIGNAL,atr_breakout,28.077313812447613,,,100.0,52.05,OBSERVATION,,
2023-07-07,US.BKR,BUY,195,31.024157013,,SIGNAL,atr_breakout,100.0,,,100.0,100.0,FULL,,
2023-08-01,US.ANET,BUY,128,46.4025,,SIGNAL,atr_breakout,100.0,,,100.0,100.0,FULL,,
2023-08-03,US.STX,BUY,96,63.690326145,,SIGNAL,atr_breakout,100.0,,,100.0,100.0,FULL,,
2023-08-08,US.AMGN,BUY,26,237.846109192,,SIGNAL,atr_breakout,100.0,,,100.0,100.0,FULL,,
2023-08-17,US.CSCO,BUY,91,50.753568753,,SIGNAL,atr_breakout,63.888125009327,,,100.0,75.93,PARTIAL,,
2023-08-18,US.ROST,BUY,39,115.182745672,,SIGNAL,atr_breakout,53.94757885727749,,,100.0,69.3,PARTIAL,,
2023-08-23,US.FN,BUY,37,162.99,,SIGNAL,atr_breakout,100.0,,,100.0,100.0,FULL,,
2023-08-25,US.INTU,BUY,8,509.173012083,,SIGNAL,atr_breakout,40.30821493043192,,,100.0,60.21,PARTIAL,,
2023-08-29,US.INTU,BUY,11,526.281146811,,SIGNAL,atr_breakout,100.0,,,100.0,100.0,FULL,,
2023-08-30,US.VRSK,BUY,19,236.706225076,,SIGNAL,atr_breakout,56.81909981481545,,,100.0,71.21,PARTIAL,,
2023-09-11,US.TSLA,BUY,21,273.58,,SIGNAL,atr_breakout,100.0,,,100.0,100.0,FULL,,
2023-09-11,US.DDOG,BUY,65,101.88,,SIGNAL,atr_breakout,73.74916275446205,,,100.0,82.5,FULL,,
2023-09-14,US.CTAS,BUY,51,127.778311415,,SIGNAL,atr_breakout,100.0,,,100.0,100.0,FULL,,
2023-09-15,US.CCJ,BUY,37,40.061936938,,SIGNAL,atr_breakout,27.64282232058955,,,100.0,51.76,OBSERVATION,,
2023-09-18,US.PAYX,BUY,6,106.11622185,,SIGNAL,boll_mr,30.0712304416972,,,100.0,53.38,OBSERVATION,,
2023-09-18,US.APP,BUY,35,44.01,,SIGNAL,atr_breakout,16.113394890008347,,,100.0,44.08,OBSERVATION,,
2023-09-19,US.VRTX,BUY,14,358.26,,SIGNAL,atr_breakout,43.25844647938086,,,100.0,62.17,PARTIAL,,
2023-09-20,US.XEL,BUY,119,54.633475765,,SIGNAL,atr_breakout,98.1464445094496,,,100.0,98.76,FULL,,
2023-09-22,US.LIN,BUY,1,360.088422058,,SIGNAL,boll_mr,28.570551830944407,,,100.0,52.38,OBSERVATION,,
2023-09-25,US.URA,BUY,321,24.521504997,,SIGNAL,atr_breakout,100.0,,,100.0,100.0,FULL,,
2023-09-28,US.FN,BUY,51,167.9,,SIGNAL,atr_breakout,100.0,,,100.0,100.0,FULL,,
2023-09-28,US.KDP,BUY,25,29.03522418,,SIGNAL,boll_mr,37.2780297532678,,,100.0,58.19,OBSERVATION,,
2023-09-28,US.MNST,BUY,13,53.16,,SIGNAL,boll_mr,13.027734527032267,,,100.0,42.02,OBSERVATION,,
2023-09-28,US.GDX,BUY,27,26.11479402,,SIGNAL,boll_mr,12.40576462336958,,,100.0,41.6,OBSERVATION,,
2023-10-06,US.PDD,BUY,68,105.64,,SIGNAL,atr_breakout,100.0,,,100.0,100.0,FULL,,
2023-10-06,US.CRWD,BUY,127,44.1725,,SIGNAL,atr_breakout,69.14090798680147,,,100.0,79.43,PARTIAL,,
2023-10-06,US.VRTX,BUY,4,360.62,,SIGNAL,atr_breakout,33.468113169542264,,,100.0,55.65,OBSERVATION,,
2023-10-06,US.META,BUY,4,312.684154723,,SIGNAL,atr_breakout,28.42233465682088,,,100.0,52.28,OBSERVATION,,
2023-10-06,US.PCAR,BUY,19,78.582859547,,SIGNAL,atr_breakout,20.683806043760338,,,100.0,47.12,OBSERVATION,,
2023-10-06,US.FAST,BUY,56,26.254971528,,SIGNAL,atr_breakout,18.516900976026747,,,100.0,45.68,OBSERVATION,,
2023-10-10,US.SMCI,BUY,157,31.031,,SIGNAL,atr_breakout,100.0,,,100.0,100.0,FULL,US.FAST,54.32
2023-10-10,US.EA,BUY,49,126.393668749,,SIGNAL,atr_breakout,100.0,,,100.0,100.0,FULL,US.PCAR,52.88
2023-10-12,US.AVGO,BUY,77,87.827333888,,SIGNAL,atr_breakout,100.0,,,100.0,100.0,FULL,,
2023-10-13,US.FANG,BUY,41,150.055695855,,SIGNAL,atr_breakout,84.3672095797027,,,100.0,89.58,FULL,,
2023-10-18,US.GLD,BUY,8,180.87,,SIGNAL,atr_breakout,11.329108867896664,,,100.0,40.89,OBSERVATION,,
2023-10-19,US.GLD,BUY,32,183.09,,SIGNAL,atr_breakout,56.089706924027524,,,100.0,70.73,PARTIAL,,
2023-10-19,US.NFLX,BUY,135,40.177,,SIGNAL,atr_breakout,40.52806804368505,,,100.0,60.35,PARTIAL,,
2023-10-24,US.RTX,BUY,98,74.07447624,,SIGNAL,atr_breakout,100.0,,,100.0,100.0,FULL,,
2023-10-26,US.QCOM,BUY,5,99.659090472,,SIGNAL,boll_mr,26.20903488288544,,,100.0,50.81,OBSERVATION,,
2023-10-31,US.CCJ,BUY,158,40.668333502,,SIGNAL,atr_breakout,71.71776703819988,,,100.0,81.15,FULL,,
2023-10-31,US.ANET,BUY,31,50.0925,,SIGNAL,atr_breakout,23.484425858371488,,,100.0,48.99,OBSERVATION,,
2023-10-31,US.LMT,BUY,3,422.304280114,,SIGNAL,atr_breakout,22.146893948061038,,,100.0,48.1,OBSERVATION,,
2023-11-01,US.ANET,BUY,119,52.71,,SIGNAL,atr_breakout,100.0,,,100.0,100.0,FULL,,
2023-11-01,US.AMZN,BUY,37,137.0,,SIGNAL,atr_breakout,59.68823409446205,,,100.0,73.13,PARTIAL,,
2023-11-01,US.MELI,BUY,3,1300.01,,SIGNAL,atr_breakout,46.50754413548947,,,100.0,64.34,PARTIAL,,
2023-11-02,US.SBUX,BUY,65,93.276316699,,SIGNAL,atr_breakout,100.0,,,100.0,100.0,FULL,US.LMT,51.9
2023-11-06,US.CEG,BUY,50,122.542209856,,SIGNAL,atr_breakout,100.0,,,100.0,100.0,FULL,,
2023-11-30,US.SNOW,BUY,33,187.68,,SIGNAL,atr_breakout,100.0,,,100.0,100.0,FULL,,
2023-12-04,US.IDXX,BUY,13,516.61,,SIGNAL,atr_breakout,100.0,,,100.0,100.0,FULL,,
2023-12-04,US.PPA,BUY,69,88.391686607,,SIGNAL,atr_breakout,74.7802198107228,,,100.0,83.19,FULL,,
2023-12-05,US.COST,BUY,7,583.75307515,,SIGNAL,atr_breakout,61.684460790365904,,,100.0,74.46,PARTIAL,,
2023-12-11,US.AVGO,BUY,64,99.818247715,,SIGNAL,atr_breakout,100.0,,,100.0,100.0,FULL,,
2023-12-12,US.AVGO,BUY,62,103.992373654,,SIGNAL,atr_breakout,100.0,,,100.0,100.0,FULL,,
2024-01-02,US.ONDS,BUY,1376,1.82,,SIGNAL,atr_breakout,100.0,,,100.0,100.0,FULL,,
2024-01-02,US.AMGN,BUY,22,275.562916715,,SIGNAL,atr_breakout,100.0,,,100.0,100.0,FULL,,
2024-01-03,US.REGN,BUY,5,910.043561353,,SIGNAL,atr_breakout,67.35174493179431,,,100.0,78.23,PARTIAL,,
2024-01-08,US.NVDA,BUY,126,52.160284889,,SIGNAL,atr_breakout,100.0,,,100.0,100.0,FULL,,
2024-01-17,US.DDOG,BUY,11,126.03,,SIGNAL,atr_breakout,32.59772539593454,,,100.0,55.07,OBSERVATION,,
2024-01-18,US.TSM,BUY,59,109.443062802,,SIGNAL,atr_breakout,100.0,,,100.0,100.0,FULL,,
2024-01-31,US.ADP,BUY,28,231.599638597,,SIGNAL,atr_breakout,100.0,,,100.0,100.0,FULL,,
2024-02-07,US.TSM,BUY,54,121.013836937,,SIGNAL,atr_breakout,100.0,,,100.0,100.0,FULL,,
2024-02-20,US.PAYX,BUY,12,115.295887156,,SIGNAL,atr_breakout,39.04657458006626,,,100.0,59.36,OBSERVATION,,
2024-02-20,US.LIN,BUY,3,422.226513636,,SIGNAL,atr_breakout,18.022286784536423,,,100.0,45.35,OBSERVATION,,
2024-02-21,US.EXC,BUY,191,32.947040895,,SIGNAL,atr_breakout,100.0,,,100.0,100.0,FULL,,
2024-03-04,US.COHR,BUY,92,66.89,,SIGNAL,atr_breakout,100.0,,,100.0,100.0,FULL,,
2024-03-07,US.ASML,BUY,6,1027.401326444,,SIGNAL,atr_breakout,100.0,,,100.0,100.0,FULL,,
2024-03-08,US.GLD,BUY,31,201.63,,SIGNAL,atr_breakout,81.28959344905088,,,100.0,87.53,FULL,,
2024-04-11,US.DDOG,BUY,35,130.8,,SIGNAL,atr_breakout,55.147449095267994,,,100.0,70.1,PARTIAL,,
2024-04-16,US.IGV,BUY,7,80.68502555,,SIGNAL,boll_mr,33.353561993556355,,,100.0,55.57,OBSERVATION,,
2024-04-16,US.CHAT,BUY,17,32.839683811,,SIGNAL,boll_mr,31.915333248593637,,,100.0,54.61,OBSERVATION,,
2024-04-19,US.LMT,BUY,15,437.133409914,,SIGNAL,atr_breakout,76.62178029072982,,,100.0,84.41,FULL,,
2024-04-19,US.KDP,BUY,46,29.47140148,,SIGNAL,atr_breakout,24.339535152884483,,,100.0,49.56,OBSERVATION,,
2024-04-24,US.KDP,BUY,205,30.257305519,,SIGNAL,atr_breakout,98.75996392736643,,,100.0,99.17,FULL,,
2024-04-30,US.GLW,BUY,143,31.990873241,,SIGNAL,atr_breakout,57.984122511753164,,,100.0,71.99,PARTIAL,,
2024-05-15,US.AVGO,BUY,45,140.519681097,,SIGNAL,atr_breakout,100.0,,,100.0,100.0,FULL,,
2024-05-30,US.AI,BUY,185,28.57,,SIGNAL,atr_breakout,100.0,,,100.0,100.0,FULL,,
2024-06-14,US.ADBE,BUY,12,525.31,,SIGNAL,atr_breakout,100.0,,,100.0,100.0,FULL,,
2024-07-01,US.TSLA,BUY,30,209.86,,SIGNAL,atr_breakout,85.08523993557915,,,100.0,90.06,FULL,,
2024-07-05,US.META,BUY,11,536.309847185,,SIGNAL,atr_breakout,100.0,,,100.0,100.0,FULL,,
2024-07-09,US.TTD,BUY,46,101.52,,SIGNAL,atr_breakout,48.53390464588669,,,100.0,65.69,PARTIAL,,
2024-07-11,US.EQIX,BUY,8,764.283288326,,SIGNAL,atr_breakout,100.0,,,100.0,100.0,FULL,,
2024-07-17,US.CMCSA,BUY,176,35.057012466,,SIGNAL,atr_breakout,100.0,,,100.0,100.0,FULL,,
2024-07-22,US.ONDS,BUY,2585,1.13,,SIGNAL,atr_breakout,100.0,,,100.0,100.0,FULL,,
2024-07-23,US.GE,BUY,36,170.034776848,,SIGNAL,atr_breakout,100.0,,,100.0,100.0,FULL,,
2024-07-24,US.LMT,BUY,12,488.778332246,,SIGNAL,atr_breakout,100.0,,,100.0,100.0,FULL,,
2024-07-31,US.ADP,BUY,24,250.332301445,,SIGNAL,atr_breakout,84.10827295603508,,,100.0,89.41,FULL,,
2024-08-02,US.PEP,BUY,40,165.242376551,,SIGNAL,atr_breakout,79.52401645230044,,,100.0,86.35,FULL,,
2024-08-02,US.MDLZ,BUY,91,66.407839637,,SIGNAL,atr_breakout,77.59108419085223,,,100.0,85.06,FULL,,
2024-09-16,US.APP,BUY,43,116.25,,SIGNAL,atr_breakout,64.54790638317019,,,100.0,76.37,PARTIAL,,
2024-09-16,US.XEL,BUY,76,61.09154841,,SIGNAL,atr_breakout,57.95712551907163,,,100.0,71.97,PARTIAL,,
2024-09-18,US.MNST,BUY,191,52.35,,SIGNAL,atr_breakout,95.71318712908842,,,100.0,97.14,FULL,,
2024-10-07,US.FANG,BUY,26,190.837643965,,SIGNAL,atr_breakout,65.74570406416721,,,100.0,77.16,PARTIAL,,
2024-10-14,US.ARM,BUY,36,161.82,,SIGNAL,atr_breakout,100.0,,,100.0,100.0,FULL,,
2024-10-15,US.MRVL,BUY,67,79.065878432,,SIGNAL,atr_breakout,49.95918808293051,,,100.0,66.64,PARTIAL,,
2024-10-15,US.TMUS,BUY,7,210.765630887,,SIGNAL,atr_breakout,23.346997160420567,,,100.0,48.9,OBSERVATION,,
2024-10-15,US.AAPL,BUY,6,232.110026213,,SIGNAL,atr_breakout,16.82939464808253,,,100.0,44.55,OBSERVATION,,
2024-10-23,US.TTWO,BUY,9,161.01,,SIGNAL,atr_breakout,24.875532646331,,,100.0,49.92,OBSERVATION,,
2024-10-24,US.TMUS,BUY,28,226.81850781,,SIGNAL,atr_breakout,100.0,,,100.0,100.0,FULL,,
2024-10-31,US.BKNG,BUY,37,184.477534083,,SIGNAL,atr_breakout,100.0,,,100.0,100.0,FULL,,
2024-11-19,US.VRT,BUY,42,140.638011244,,SIGNAL,atr_breakout,100.0,,,100.0,100.0,FULL,,
2024-11-25,US.EQIX,BUY,7,942.679702266,,SIGNAL,atr_breakout,100.0,,,100.0,100.0,FULL,,
2024-12-09,US.AAPL,BUY,20,245.183499235,,SIGNAL,atr_breakout,58.48075106981594,,,100.0,72.32,PARTIAL,,
2024-12-19,US.GEHC,BUY,26,77.219321642,,SIGNAL,boll_mr,40.57803839406725,,,100.0,60.39,PARTIAL,,
2024-12-19,US.ADI,BUY,2,203.214337858,,SIGNAL,boll_mr,20.9724626667989,,,100.0,47.31,OBSERVATION,,
2024-12-19,US.PPA,BUY,5,113.652246998,,SIGNAL,boll_mr,11.028330369086868,,,100.0,40.69,OBSERVATION,,
2024-12-23,US.TSM,BUY,7,203.594819742,,SIGNAL,atr_breakout,28.831258930360598,,,100.0,52.55,OBSERVATION,,
2024-12-26,US.ONDS,BUY,831,2.51,,SIGNAL,atr_breakout,100.0,,,100.0,100.0,FULL,US.PPA,59.31
2024-12-26,US.RGTI,BUY,130,15.44,,SIGNAL,atr_breakout,100.0,,,100.0,100.0,FULL,US.ADI,52.69
2025-01-02,US.RGTI,BUY,79,20.0,,SIGNAL,atr_breakout,26.80491406595438,,,100.0,51.2,OBSERVATION,,
2025-01-03,US.UFO,BUY,66,24.027744825,,SIGNAL,atr_breakout,26.141466045321142,,,100.0,50.76,OBSERVATION,,
2025-01-06,US.KLAC,BUY,100,68.269019492,,SIGNAL,atr_breakout,100.0,,,100.0,100.0,FULL,,
2025-01-10,US.CEG,BUY,15,302.615296915,,SIGNAL,atr_breakout,100.0,,,100.0,100.0,FULL,,
2025-01-13,US.BKR,BUY,120,43.58102163,,SIGNAL,atr_breakout,55.85779806725735,,,100.0,70.57,PARTIAL,,
2025-01-13,US.MNST,BUY,11,49.99,,SIGNAL,boll_mr,27.179644138167035,,,100.0,51.45,OBSERVATION,,
2025-01-14,US.HWM,BUY,54,118.753589033,,SIGNAL,atr_breakout,95.49466574661126,,,100.0,97.0,FULL,,
2025-01-27,US.AEP,BUY,73,97.686374375,,SIGNAL,atr_breakout,100.0,,,100.0,100.0,FULL,,
2025-01-27,US.ORLY,BUY,75,85.502000427,,SIGNAL,atr_breakout,92.58582192772805,,,100.0,95.06,FULL,,
2025-01-29,US.SBUX,BUY,62,104.481700887,,SIGNAL,atr_breakout,100.0,,,100.0,100.0,FULL,,
2025-02-13,US.CRWD,BUY,59,113.4425,,SIGNAL,atr_breakout,100.0,,,100.0,100.0,FULL,,
2025-02-20,US.STM,BUY,243,27.734700716,,SIGNAL,atr_breakout,100.0,,,100.0,100.0,FULL,,
2025-02-26,US.INTU,BUY,8,619.379642957,,SIGNAL,atr_breakout,61.7439020991709,,,100.0,74.5,PARTIAL,,
2025-02-27,US.RTX,BUY,10,127.820864933,,SIGNAL,atr_breakout,24.11047856727479,,,100.0,49.41,OBSERVATION,,
2025-03-04,US.OKTA,BUY,55,108.31,,SIGNAL,atr_breakout,100.0,,,100.0,100.0,FULL,,
2025-03-05,US.OKTA,BUY,51,116.31,,SIGNAL,atr_breakout,100.0,,,100.0,100.0,FULL,,
2025-03-06,US.EA,BUY,73,136.077264733,,SIGNAL,atr_breakout,68.58910519579253,,,100.0,79.06,PARTIAL,,
2025-03-06,US.FAST,BUY,263,37.922109908,,SIGNAL,atr_breakout,60.11208122121723,,,100.0,73.41,PARTIAL,,
2025-03-07,US.FAST,BUY,256,38.959670526,,SIGNAL,atr_breakout,100.0,,,100.0,100.0,FULL,,
2025-03-07,US.LMT,BUY,21,458.055306785,,SIGNAL,atr_breakout,92.30447701511555,,,100.0,94.87,FULL,,
2025-03-13,US.GLD,BUY,36,275.13,,SIGNAL,atr_breakout,91.2433813254685,,,100.0,94.16,FULL,,
2025-03-13,US.SLV,BUY,325,30.74,,SIGNAL,atr_breakout,71.34356732026242,,,100.0,80.9,FULL,,
2025-03-21,US.EA,BUY,24,143.548134373,,SIGNAL,atr_breakout,19.59537778313918,,,100.0,46.4,OBSERVATION,,
2025-03-21,US.MNST,BUY,58,57.31,,SIGNAL,atr_breakout,14.905610052625311,,,100.0,43.27,OBSERVATION,,
2025-03-24,US.AMD,BUY,87,113.85,,SIGNAL,atr_breakout,51.6735484020615,,,100.0,67.78,PARTIAL,,
2025-03-27,US.SLV,BUY,50,31.32,,SIGNAL,atr_breakout,30.86151992874842,,,100.0,53.91,OBSERVATION,,
2025-03-27,US.GDX,BUY,33,45.430000478,,SIGNAL,atr_breakout,10.614927663950159,,,100.0,40.41,OBSERVATION,,
2025-03-31,US.EXC,BUY,155,44.081766328,,SIGNAL,atr_breakout,99.15800326893383,,,100.0,99.44,FULL,US.GDX,59.03
2025-04-07,US.CMCSA,BUY,26,29.635281586,,SIGNAL,boll_mr,20.119538459588103,,,100.0,46.75,OBSERVATION,,
2025-04-25,US.PLTR,BUY,18,112.78,,SIGNAL,atr_breakout,64.70966727704878,,,100.0,76.47,PARTIAL,,
2025-04-25,US.DLR,BUY,42,154.319966275,,SIGNAL,atr_breakout,57.541439360981606,,,100.0,71.69,PARTIAL,,
2025-04-25,US.CDNS,BUY,20,289.63,,SIGNAL,atr_breakout,54.23596261586082,,,100.0,69.49,PARTIAL,,
2025-04-25,US.CRWD,BUY,45,106.22,,SIGNAL,atr_breakout,45.148527603954534,,,100.0,63.43,PARTIAL,,
2025-04-25,US.AVGO,BUY,8,190.462878411,,SIGNAL,atr_breakout,34.90662462819101,,,100.0,56.6,OBSERVATION,,
2025-04-25,US.XAR,BUY,9,169.018665101,,SIGNAL,atr_breakout,33.39144618929386,,,100.0,55.59,OBSERVATION,,
2025-04-29,US.OKTA,BUY,49,112.54,,SIGNAL,atr_breakout,100.0,,,100.0,100.0,FULL,US.CRDO,44.69
2025-04-30,US.STX,BUY,111,89.807651253,,SIGNAL,atr_breakout,100.0,,,100.0,100.0,FULL,US.XAR,44.41
2025-05-28,US.GE,BUY,13,242.085265594,,SIGNAL,atr_breakout,24.74786406883025,,,100.0,49.83,OBSERVATION,,
2025-05-28,US.WDC,BUY,62,52.111417858,,SIGNAL,atr_breakout,21.322447097247753,,,100.0,47.55,OBSERVATION,,
2025-05-28,US.ONDS,BUY,2890,1.07,,SIGNAL,atr_breakout,18.92873942045515,,,100.0,45.95,OBSERVATION,,
2025-05-29,US.AI,BUY,317,27.8,,SIGNAL,atr_breakout,100.0,,,100.0,100.0,FULL,,
2025-05-30,US.ZS,BUY,36,275.7,,SIGNAL,atr_breakout,100.0,,,100.0,100.0,FULL,,
2025-08-01,US.QCOM,BUY,8,145.131070615,,SIGNAL,boll_mr,14.198729905041132,,,100.0,42.8,OBSERVATION,,
2025-08-01,US.QQQ,BUY,5,551.224970681,,QQQ_BETA_FLOOR,core_etf,,,,,,,,
2025-08-04,US.IDXX,BUY,14,682.78,,SIGNAL,atr_breakout,100.0,,,100.0,100.0,FULL,,
2025-08-05,US.PLTR,BUY,57,173.27,,SIGNAL,atr_breakout,100.0,,,100.0,100.0,FULL,,
2025-08-06,US.ANET,BUY,72,138.78,,SIGNAL,atr_breakout,100.0,,,100.0,100.0,FULL,,
2025-08-20,US.ADI,BUY,41,241.626464223,,SIGNAL,atr_breakout,100.0,,,100.0,100.0,FULL,,
2025-09-02,US.GLD,BUY,30,325.59,,SIGNAL,atr_breakout,100.0,,,100.0,100.0,FULL,,
2025-09-29,US.COPX,BUY,173,57.676645214,,SIGNAL,atr_breakout,100.0,,,100.0,100.0,FULL,,
2025-10-21,US.JEPI,BUY,184,54.105046853,,SIGNAL,atr_breakout,72.23907909457292,,,100.0,81.49,FULL,,
2025-10-31,US.CRDO,BUY,21,187.62,,SIGNAL,atr_breakout,67.9099358155623,,,100.0,78.61,PARTIAL,,
2025-10-31,US.SYM,BUY,46,80.95,,SIGNAL,atr_breakout,24.270511115850706,,,100.0,49.51,OBSERVATION,,
2025-11-03,US.IDXX,BUY,13,722.94,,SIGNAL,atr_breakout,100.0,,,100.0,100.0,FULL,,
2025-11-13,US.CSCO,BUY,130,76.553320829,,SIGNAL,atr_breakout,100.0,,,100.0,100.0,FULL,,
2025-11-14,US.DLR,BUY,10,154.830315624,,SIGNAL,boll_mr,15.257489571495267,,,100.0,43.5,OBSERVATION,,
2025-11-17,US.AEP,BUY,35,121.864413417,,SIGNAL,atr_breakout,20.391462089717642,,,100.0,46.93,OBSERVATION,,
2025-11-18,US.REGN,BUY,13,722.48224744,,SIGNAL,atr_breakout,56.95574861874668,,,100.0,71.3,PARTIAL,,
2025-12-03,US.NXPI,BUY,44,224.616593321,,SIGNAL,atr_breakout,100.0,,,100.0,100.0,FULL,,
2025-12-04,US.META,BUY,15,659.813927673,,SIGNAL,atr_breakout,68.77902000243206,,,100.0,79.19,PARTIAL,,
2025-12-11,US.CIEN,BUY,41,242.37,,SIGNAL,atr_breakout,100.0,,,100.0,100.0,FULL,,
2025-12-12,US.ADP,BUY,38,261.932121203,,SIGNAL,atr_breakout,65.66423991893305,,,100.0,77.11,PARTIAL,,
2025-12-16,US.CMCSA,BUY,372,26.847052467,,SIGNAL,atr_breakout,100.0,,,100.0,100.0,FULL,,
2025-12-22,US.RKLB,BUY,96,77.55,,SIGNAL,atr_breakout,100.0,,,100.0,100.0,FULL,,
2025-12-23,US.SLV,BUY,154,64.84,,SIGNAL,atr_breakout,100.0,,,100.0,100.0,FULL,,
2025-12-29,US.MU,BUY,13,294.246391093,,SIGNAL,atr_breakout,24.8158379702329,,,100.0,49.88,OBSERVATION,,
2025-12-30,US.TTWO,BUY,14,257.91,,SIGNAL,atr_breakout,28.826906268007523,,,100.0,52.55,OBSERVATION,,
2026-01-02,US.AA,BUY,177,56.357367658,,SIGNAL,atr_breakout,92.24825237871893,,,100.0,94.83,FULL,,
2026-01-29,US.META,BUY,13,736.995350447,,SIGNAL,atr_breakout,100.0,,,100.0,100.0,FULL,,
2026-01-30,US.PEP,BUY,66,150.684717021,,SIGNAL,atr_breakout,100.0,,,100.0,100.0,FULL,,
2026-02-03,US.CSCO,BUY,120,82.662082561,,SIGNAL,atr_breakout,100.0,,,100.0,100.0,FULL,,
2026-02-06,US.ALGN,BUY,53,187.6,,SIGNAL,atr_breakout,100.0,,,100.0,100.0,FULL,,
2026-02-12,US.DLR,BUY,56,177.904449129,,SIGNAL,atr_breakout,100.0,,,100.0,100.0,FULL,,
2026-03-23,US.XEL,BUY,66,76.374477714,,SIGNAL,boll_mr,41.99274312483822,,,100.0,61.33,PARTIAL,,
2026-04-13,US.SNDK,BUY,8,952.5,,SIGNAL,atr_breakout,100.0,,,100.0,100.0,FULL,,
2026-04-14,US.NVDA,BUY,50,196.281233866,,SIGNAL,atr_breakout,100.0,,,100.0,100.0,FULL,,
2026-04-29,US.NXPI,BUY,34,288.272139177,,SIGNAL,atr_breakout,100.0,,,100.0,100.0,FULL,,
2026-05-04,US.FANG,BUY,47,212.521133649,,SIGNAL,atr_breakout,93.67105095663548,,,100.0,95.78,FULL,,
2026-05-06,US.AMD,BUY,23,421.39,,SIGNAL,atr_breakout,100.0,,,100.0,100.0,FULL,,
2026-05-07,US.PANW,BUY,50,196.53,,SIGNAL,atr_breakout,100.0,,,100.0,100.0,FULL,,
2026-05-08,US.AMD,BUY,21,455.19,,SIGNAL,atr_breakout,100.0,,,100.0,100.0,FULL,,
2026-05-08,US.PANW,BUY,48,207.88,,SIGNAL,atr_breakout,100.0,,,100.0,100.0,FULL,,
2026-05-12,US.QUBT,BUY,515,11.78,,SIGNAL,atr_breakout,100.0,,,100.0,100.0,FULL,,
2026-05-13,US.ON,BUY,86,115.71,,SIGNAL,atr_breakout,100.0,,,100.0,100.0,FULL,,
2026-05-18,US.ZS,BUY,57,174.69,,SIGNAL,atr_breakout,100.0,,,100.0,100.0,FULL,,
2026-05-27,US.RKLB,BUY,11,150.23,,SIGNAL,atr_breakout,40.72067574697637,,,100.0,60.48,PARTIAL,,
2026-05-27,US.ASTS,BUY,13,129.6,,SIGNAL,atr_breakout,26.383458583970302,,,100.0,50.92,OBSERVATION,,
2026-05-27,US.GE,BUY,5,316.8150837,,SIGNAL,atr_breakout,23.193882356670844,,,100.0,48.8,OBSERVATION,,
2026-05-28,US.SNOW,BUY,19,239.2,,SIGNAL,atr_breakout,100.0,,,100.0,100.0,FULL,,
2026-06-05,US.TMUS,BUY,3,178.1,,SIGNAL,boll_mr,25.56335053462816,,,100.0,50.38,OBSERVATION,,
2026-06-05,US.QQQ,BUY,4,704.285568441,,QQQ_BETA_FLOOR,core_etf,,,,,,,,
2026-06-09,US.KDP,BUY,179,31.257355464,,SIGNAL,atr_breakout,60.61496605095472,,,100.0,73.74,PARTIAL,,
2026-06-11,US.LMT,BUY,14,548.68,,SIGNAL,atr_breakout,90.55617032097459,,,100.0,93.7,FULL,,
2026-06-18,US.TSM,BUY,13,462.12,,SIGNAL,atr_breakout,70.77748119465436,,,100.0,80.52,FULL,,
2026-06-23,US.AEP,BUY,47,133.74,,SIGNAL,atr_breakout,63.343720548529014,,,100.0,75.56,PARTIAL,,
2026-06-24,US.BKNG,BUY,32,181.25,,SIGNAL,atr_breakout,66.90764926035212,,,100.0,77.94,PARTIAL,,
2026-07-01,US.OKTA,BUY,37,140.46,,SIGNAL,atr_breakout,51.54973454320499,,,100.0,67.7,PARTIAL,,
2026-07-01,US.LIN,BUY,10,533.55,,SIGNAL,atr_breakout,48.88099364262257,,,100.0,65.92,PARTIAL,,
2026-07-02,US.AMGN,BUY,19,374.15,,SIGNAL,atr_breakout,100.0,,,100.0,100.0,FULL,,
